BID,asp,af
T5994_2,317.0,0.516
T5994_1,78.8,0.126
T16911_2,0.8,0.705
T16911_1,115.1,-0.283
T5995_1,323.3,0.584
T16909_2,330.8,0.678
T5995_2,318.4,0.645
T16909_1,104.2,-0.177
T5998_2,338.9,0.801
T5998_1,346.2,0.657
T5997_2,,0.0
T6000_2,307.2,0.464
T5997_1,,0.0
T5999_2,345.6,0.693
T5996_2,347.2,0.659
T5996_1,67.0,0.28
T6000_1,147.3,-0.295
T5999_1,237.4,-0.405
T1086_2,39.9,0.492
T6001_1,20.1,0.758
T6001_2,247.0,-0.188
T1086_1,152.1,-0.758
T6004_1,8.9,0.67
T6004_2,331.4,0.641
AC179_1,321.0,0.755
T6006_1,355.2,0.69
T6002_1,55.7,0.418
T6002_2,352.4,0.633
T6003_2,353.1,0.624
T6008_1,65.0,0.357
AC174_2,346.3,0.679
T1090_1,3.3,0.763
AC173_1,339.3,0.906
T1090_2,312.1,0.413
T6008_2,33.3,0.416
T1088_2,353.2,0.511
T1088_1,5.8,0.511
T6005_1,1.6,0.52
T6003_1,74.8,0.162
AC174_1,247.8,-0.072
T6006_2,287.0,0.051
T1087_1,0.4,0.48
T1099_1,354.3,0.491
T1099_2,320.3,0.654
AC169_1,1.0,0.96
T6009_2,310.9,0.462
T6009_1,34.2,0.652
T6007_1,338.1,0.581
AC174_3,179.3,-0.482
T6007_2,321.4,0.663
AC175_1,5.9,0.621
L1_1,115.2,-0.023
T1087_2,346.9,0.365
T6011_2,341.0,0.762
T6011_1,1.7,0.766
T6005_2,334.4,0.349
AC175_2,282.9,0.066
AC175_3,226.5,-0.243
T1091_1,354.9,0.795
L1_2,44.0,0.377
T6015_2,276.5,0.011
T6015_1,80.2,0.151
AC176_1,342.0,0.201
AC179_4,292.9,0.122
T1095_2,321.8,0.549
T6014_1,323.0,0.611
T1100_1,348.7,0.506
AC169_4,342.3,0.855
T1100_2,286.5,0.242
AC180_3,20.5,0.567
T6017_2,350.5,0.517
AC176_2,303.3,0.189
T1095_1,22.6,0.407
AC180_4,215.2,-0.203
AC179_3,201.4,-0.228
AC180_2,310.5,0.109
AC169_3,265.0,-0.021
T6013_1,10.8,0.745
T1102_2,33.2,0.635
T1098_1,356.9,0.648
T1094_2,340.6,0.629
AC180_1,211.0,-0.789
AC176_3,221.3,-0.57
T1094_1,36.0,0.493
T1102_1,88.0,0.027
AC182_1,354.4,0.512
T1091_2,279.9,0.08
T6014_2,285.4,0.194
AC171_1,8.7,0.439
AC173_4,311.4,0.347
AC172_1,349.2,0.57
T6013_2,355.0,0.697
AC185_3,236.2,-0.116
AC183_1,292.7,0.082
T1098_2,315.4,0.411
T6012_2,333.0,0.556
AC184_3,275.8,0.017
T6019_2,4.7,0.8
T6019_1,21.5,0.772
T6018_1,16.6,0.744
T15390_2,87.5,0.031
T1093_2,286.5,0.166
T6012_1,11.4,0.74
AC178_3,332.9,0.352
AC177_2,348.1,0.209
AC182_2,294.4,0.073
T6017_1,38.5,0.267
T1093_1,60.6,0.285
AC171_2,312.9,0.177
AC172_2,275.5,0.019
AC173_3,233.6,-0.169
AC172_3,195.1,-0.911
AC185_2,223.8,-0.145
T15390_1,319.5,0.474
AC169_2,179.8,-0.621
AC183_2,272.7,0.007
T1113_2,223.7,-0.364
AC184_2,252.3,-0.083
T1107_1,356.3,0.698
T1112_1,327.0,0.597
T1107_2,316.9,0.548
AC178_2,204.3,-0.149
T6016_2,275.8,0.044
T6016_1,356.4,0.589
T6010_2,350.5,0.711
AC177_1,132.6,-0.514
AC179_2,156.0,-0.588
AC177_3,330.9,0.11
AC182_3,194.4,-0.727
T6020_2,354.3,0.704
T6022_1,4.3,0.675
AC183_3,202.1,-0.64
T1101_2,295.9,0.331
T1101_1,352.6,0.623
T1116_1,23.8,0.725
T1116_2,355.2,0.77
T1114_1,6.1,0.688
T6018_2,304.8,0.048
AC173_2,154.9,-0.49
T1117_1,340.5,0.669
AC171_3,223.1,-0.485
T1103_2,5.4,0.588
T1103_1,35.5,0.473
AC178_1,172.1,-0.721
T1113_1,210.1,-0.52
T1115_1,337.1,0.538
AC185_1,158.7,-0.463
T6020_1,25.0,0.378
T6028_1,70.4,0.247
T6028_2,56.1,0.319
T1120_1,52.0,0.474
T1117_2,293.1,0.111
T1114_2,297.6,0.22
AC168_1,194.8,-0.4
AC168_3,331.3,0.707
T1112_2,265.8,-0.042
T6026_2,177.9,-0.753
AC168_2,248.6,-0.097
T1118_2,323.6,0.261
T1118_1,12.3,0.302
AC184_1,166.8,-0.506
T6022_2,312.3,0.298
T6026_1,153.2,-0.555
AC167_5,324.1,0.635
T1109_2,311.5,0.347
T1109_1,29.2,0.44
T6024_1,20.1,0.74
AC177_4,205.1,-0.636
T6027_2,212.4,-0.556
T6027_1,192.9,-0.584
T6010_1,262.4,-0.067
AC167_2,359.9,0.715
T1089_2,291.0,0.059
T1089_1,19.4,0.249
AC188_4,330.4,0.147
T1104_2,320.9,0.166
AC186_3,354.4,0.421
AC187_1,331.5,0.133
AC188_1,97.6,-0.103
T6021_2,287.2,0.149
T1096_1,17.6,0.509
T6021_1,86.8,0.014
T1115_2,250.8,-0.202
L2_1,352.4,0.403
L2_2,334.1,0.065
T1120_2,85.3,0.053
AC187_2,237.9,-0.069
AC186_1,302.7,0.062
T6024_2,257.7,-0.148
AC188_2,258.3,-0.035
T1096_2,274.7,0.054
AC167_1,131.6,-0.305
T1104_1,104.5,-0.213
T6031_1,203.9,-0.518
T6031_2,218.3,-0.493
T6023_1,317.7,0.408
T6030_1,48.9,0.46
T6030_2,333.6,0.593
T6029_2,8.6,0.685
T1129_2,309.1,0.392
T1129_1,160.5,-0.335
T6033_1,343.3,0.704
T6025_1,50.3,0.485
T1105_2,318.5,0.434
T1128_1,60.7,0.184
T6025_2,2.6,0.268
T6036_1,6.1,0.705
AC188_3,257.6,-0.021
T6023_2,284.6,0.152
L2_3,272.2,0.015
AC187_3,202.5,-0.756
T15393_1,61.5,0.325
T16910_2,342.3,0.707
AC186_2,202.1,-0.447
T6029_1,17.8,0.305
T6033_2,277.2,0.069
T15393_2,263.9,-0.054
T16910_1,107.2,-0.216
T1105_1,73.5,0.125
T1128_2,132.2,-0.263
T6037_2,299.3,0.247
T6037_1,346.9,0.643
T1130_1,139.8,-0.401
T1130_2,195.8,-0.697
AC167_6,308.4,0.239
T1133_2,227.0,-0.396
T6036_2,276.4,0.054
AC125_3,305.0,0.251
T1134_2,210.0,-0.611
T1119_1,320.3,0.463
AC124_1,294.2,0.307
T1134_1,152.8,-0.574
T1119_2,302.9,0.239
T6039_2,313.0,0.526
T1126_2,269.8,-0.003
T1140_2,207.8,-0.632
T1126_1,329.8,0.407
T1125_2,332.8,0.556
T1125_1,41.7,0.523
AC125_2,245.1,-0.122
T6039_1,268.8,-0.014
T6038_1,128.4,-0.277
T6038_2,118.8,-0.301
T1097_2,302.1,0.28
T1127_1,4.2,0.37
AC167_4,176.2,-0.114
T1092_1,25.1,0.535
AC131_3,325.3,0.554
T1092_2,298.0,0.183
AC167_3,191.6,-0.129
T1127_2,299.6,0.367
AC166_2,100.0,-0.164
T6032_2,285.6,0.192
T6032_1,320.9,0.398
AC125_1,250.6,-0.08
T1135_2,167.9,-0.781
T1140_1,123.3,-0.377
AC130_3,309.7,0.154
T6042_2,314.7,0.358
T1097_1,57.2,0.321
T6041_1,336.0,0.569
T6035_1,38.6,0.551
T1135_1,161.1,-0.742
T1139_1,115.1,-0.208
T1133_1,174.6,-0.708
AC131_1,295.9,0.106
T1132_1,21.6,0.813
AC126_4,301.1,0.141
T1132_2,296.2,0.304
AC126_1,30.3,0.461
AC164_1,343.0,0.615
AC130_2,283.6,0.073
T6047_2,220.0,-0.537
AC189_3,333.3,0.168
T1143_1,8.2,0.265
AC129_4,297.6,0.151
T6043_2,187.6,-0.517
AC126_2,299.0,0.131
T6043_1,176.8,-0.511
AC166_1,112.3,-0.197
T1144_2,335.9,0.617
T6042_1,306.4,0.314
AC189_1,66.8,0.109
AC189_4,260.0,-0.16
T1145_1,350.7,0.713
T1139_2,171.1,-0.485
AC129_1,177.0,-0.444
AC189_2,31.7,0.178
T6047_1,161.6,-0.655
T15391_1,23.9,0.528
T1121_2,337.6,0.309
AC126_3,230.5,-0.413
AC128_1,337.8,0.303
T6041_2,277.0,0.059
T1147_1,140.7,-0.366
AC124_4,314.3,0.516
AC123_1,345.2,0.811
T1142_2,214.2,-0.543
T1142_1,158.9,-0.563
T1106_1,27.4,0.516
T1145_2,217.6,-0.171
T1121_1,57.6,0.331
AC129_3,235.0,-0.187
T1143_2,276.1,0.021
AC129_2,182.0,-0.31
T1106_2,351.6,0.233
T6049_1,247.3,-0.08
T1141_1,334.8,0.215
T1141_2,262.2,-0.036
AC124_3,235.2,-0.17
T6035_2,276.3,0.074
T6049_2,220.7,-0.333
T1136_2,330.6,0.348
T6046_1,329.7,0.498
T6046_2,286.3,0.158
T6045_2,327.3,0.285
T1111_1,315.8,0.302
T6045_1,342.7,0.551
T15391_2,235.8,-0.336
T1146_1,176.9,-0.752
T1111_2,316.9,0.316
T1146_2,184.2,-0.742
T1147_2,169.2,-0.621
AC128_2,259.9,-0.051
AC123_4,319.2,0.436
T1110_1,41.4,0.561
T1110_2,271.5,0.022
T1144_1,283.9,0.108
AC166_3,126.0,-0.419
T1136_1,29.7,0.312
T1137_2,352.8,0.631
T6044_1,332.1,0.568
T1151_2,302.5,0.273
AC122_3,326.5,0.394
AC121_2,335.9,0.308
T1148_2,240.2,-0.269
T1148_1,344.4,0.25
T1137_1,27.9,0.297
T1151_1,119.4,-0.092
T6044_2,282.1,0.117
AC130_1,186.1,-0.446
AC124_2,206.1,-0.211
AC166_4,125.9,-0.476
AC132_1,9.2,0.49
AC164_4,291.2,0.133
T1155_1,91.4,-0.014
AC121_3,273.4,0.021
T6054_2,117.1,-0.185
T1138_2,253.8,-0.182
T1138_1,340.1,0.441
AC131_2,231.0,-0.211
T6034_1,45.4,0.305
AC122_1,260.4,-0.047
T6034_2,353.7,0.345
AC123_3,254.5,-0.083
T1153_2,333.1,0.405
AC121_4,176.3,-0.547
AC128_3,224.4,-0.369
T1155_2,160.1,-0.549
AC166_7,253.5,-0.03
AC165_1,324.3,0.307
T1154_2,309.9,0.259
AC164_3,268.5,-0.006
T6053_2,261.5,-0.075
AC133_1,263.3,-0.027
AC134_1,19.3,0.165
AC121_1,208.4,-0.336
AC166_5,139.7,-0.416
AC135_4,317.7,0.157
T6050_2,279.3,0.035
T6050_1,29.7,0.594
T6053_1,174.6,-0.746
AC132_2,309.3,0.162
AC132_3,224.2,-0.329
T6055_1,15.3,0.743
T6056_1,104.7,-0.119
T6056_2,169.2,-0.54
AC161_4,331.5,0.553
AC120_3,307.4,0.176
AC162_1,309.6,0.156
AC163_3,289.2,0.11
T1154_1,227.3,-0.236
T1176_2,253.1,-0.174
AC166_6,263.7,-0.014
T6057_2,321.6,0.615
T6054_1,142.1,-0.494
AC166_8,179.3,-0.404
AC135_1,40.8,0.333
T1153_1,203.4,-0.267
AC165_2,313.2,0.105
T1176_1,198.4,-0.515
T1162_1,81.2,0.105
T1172_1,148.4,-0.486
AC120_1,253.1,-0.094
AC123_2,197.3,-0.512
T1156_2,267.7,-0.014
AC122_2,180.2,-0.606
T6057_1,271.9,0.015
AC133_3,230.9,-0.429
AC133_2,274.6,0.016
T6055_2,295.0,0.266
T1172_2,254.2,-0.109
T1165_1,118.2,-0.317
T1164_1,148.5,-0.554
T6048_2,5.9,0.515
T1156_1,232.8,-0.385
T1165_2,193.9,-0.628
AC161_3,302.6,0.085
T6048_1,57.8,0.315
T1175_2,284.9,0.162
T1159_2,338.3,0.229
T6058_1,168.6,-0.453
AC162_4,182.7,-0.785
AC161_1,189.9,-0.725
T6040_1,13.7,0.624
AC134_3,296.6,0.118
AC119_1,166.2,-0.796
AC163_1,184.1,-0.546
AC164_2,185.5,-0.381
AC134_2,188.2,-0.976
AC134_4,201.5,-0.804
AC190_4,269.2,-0.002
AC162_2,208.7,-0.362
AC161_2,219.2,-0.218
AC135_2,278.6,0.032
T6058_2,227.1,-0.262
T1166_1,340.9,0.712
T1131_2,290.3,0.243
T1175_1,191.8,-0.588
T1149_2,289.3,0.215
T6059_1,345.9,0.725
AC163_2,237.0,-0.098
T1149_1,26.7,0.635
T1131_1,26.2,0.56
T1170_2,327.2,0.271
AC162_3,281.6,0.089
T6063_1,220.4,-0.465
T1160_1,207.4,-0.524
T1160_2,225.7,-0.497
T1167_1,199.4,-0.542
T6060_1,129.7,-0.391
T17581_1,174.1,-0.674
T6051_2,288.9,0.217
T6051_1,3.4,0.707
T6040_2,309.4,0.352
T1161_2,150.6,-0.636
T6060_2,139.2,-0.584
T1162_2,165.7,-0.718
AC165_3,206.6,-0.544
T1161_1,142.7,-0.539
T1163_2,8.5,0.729
AC136_1,17.3,0.555
T1163_1,41.5,0.428
AC190_1,28.0,0.155
T1167_2,205.5,-0.307
T17581_2,171.6,-0.691
AC120_2,180.2,-0.515
T1164_2,176.5,-0.733
T6066_2,261.2,-0.098
T1170_1,61.2,0.368
AC156_1,18.2,0.598
T1183_1,148.2,-0.232
T1166_2,317.1,0.412
AC191_1,44.7,0.264
AC159_3,280.2,0.073
T1168_2,299.8,0.253
T1168_1,334.0,0.411
T6066_1,230.7,-0.397
T1169_2,302.1,0.33
AC136_2,296.2,0.098
AC190_3,336.2,0.145
T6063_2,242.8,-0.194
AC163_4,184.6,-0.565
T1159_1,225.3,-0.342
T1174_2,235.8,-0.383
T1171_2,200.4,-0.637
AC23_2,294.9,0.047
AC135_3,232.4,-0.224
T1183_2,178.1,-0.349
T6059_2,260.7,-0.124
AC191_2,309.7,0.141
T1174_1,199.1,-0.311
AC136_3,250.8,-0.11
T1244_2,193.0,-0.428
T1244_1,143.2,-0.489
AC154_6,318.7,0.188
AC154_4,32.6,0.6
AC137_4,254.5,-0.106
T1171_1,137.7,-0.383
T6065_2,190.5,-0.583
T1158_2,297.0,0.23
T6065_1,144.4,-0.601
T1157_1,345.1,0.534
AC159_2,263.3,-0.026
AC190_2,209.1,-0.429
AC191_3,196.2,-0.879
T6071_2,14.8,0.758
AC153_1,335.2,0.643
T1157_2,293.8,0.223
T1150_1,4.1,0.505
T6071_1,254.2,-0.069
T6074_1,18.4,0.756
AC23_3,266.7,-0.009
T6074_2,212.7,-0.38
AC146_4,356.7,0.735
T1152_2,332.1,0.665
T1152_1,59.5,0.343
T1150_2,284.6,0.158
T6070_2,265.5,-0.038
T1158_1,204.7,-0.317
T6075_2,343.0,0.458
AC146_1,49.0,0.646
T6072_1,276.8,0.027
AC142_1,2.0,0.83
T6052_1,4.2,0.536
T6069_1,325.0,0.484
T6075_1,234.8,-0.093
AC157_1,333.2,0.431
AC146_2,277.8,0.017
AC158_2,327.1,0.368
AC154_2,325.1,0.148
T6073_1,291.7,0.104
T6073_2,358.8,0.783
T1173_2,203.7,-0.598
AC154_1,58.5,0.392
T1173_1,149.6,-0.576
AC142_4,319.6,0.353
T1178_2,354.8,0.687
T1178_1,11.6,0.563
T1177_1,341.6,0.62
T6052_2,334.2,0.501
T1177_2,278.2,0.112
T1169_1,211.6,-0.383
AC23_4,186.9,-0.785
AC154_3,293.5,0.124
AC141_3,319.7,0.316
AC140_2,301.7,0.3
AC139_1,343.7,0.627
T1179_2,286.4,0.119
T1179_1,311.2,0.302
AC137_1,10.6,0.379
AC146_3,246.7,-0.109
T6062_2,23.7,0.601
T6062_1,22.7,0.538
AC147_1,28.4,0.556
AC23_1,268.7,-0.005
AC147_4,358.9,0.528
AC157_4,235.3,-0.23
T6070_1,231.8,-0.339
AC157_3,331.2,0.251
AC137_2,302.2,0.129
AC142_3,293.6,0.103
T6069_2,301.1,0.175
AC153_5,307.0,0.347
AC157_2,189.1,-0.951
AC155_1,343.1,0.569
AC156_4,314.6,0.323
AC139_3,322.9,0.227
AC158_3,216.4,-0.194
AC153_3,242.4,-0.089
AC153_4,203.5,-0.876
AC141_2,268.0,-0.008
T6072_2,211.1,-0.436
AC159_1,166.7,-0.496
T6076_2,206.1,-0.544
AC143_2,338.5,0.273
AC145_3,273.2,0.024
AC140_3,279.0,0.057
T1184_2,297.8,0.298
T1184_1,8.9,0.635
T1122_1,335.8,0.604
AC147_2,294.2,0.075
AC144_3,300.7,0.104
AC156_2,286.4,0.055
T6077_2,190.9,-0.748
T6076_1,156.9,-0.664
T6077_1,152.6,-0.599
AC137_3,214.0,-0.576
AC143_4,231.5,-0.253
AC142_2,213.1,-0.343
AC141_1,174.6,-0.582
T6078_2,242.7,-0.285
AC143_3,279.7,0.04
T1199_2,239.9,-0.137
T1199_1,138.1,-0.445
T6079_2,207.1,-0.639
T6078_1,181.1,-0.69
AC139_2,270.0,0.0
AC140_1,183.1,-0.591
AC145_2,203.6,-0.163
AC145_1,153.2,-0.353
AC144_1,162.0,-0.935
AC155_2,254.9,-0.062
AC153_2,180.6,-0.535
T6079_1,163.7,-0.741
AC144_2,301.5,0.081
AC156_3,206.3,-0.301
AC154_5,201.6,-0.662
T1122_2,281.2,0.123
T15046_2,239.7,-0.346
T15046_1,145.0,-0.584
AC147_3,217.1,-0.448
T1182_1,126.5,-0.351
T1181_2,229.2,-0.386
T1181_1,204.3,-0.505
T6080_1,163.7,-0.5
AC158_1,166.3,-0.711
T1187_2,234.3,-0.274
T1182_2,186.9,-0.708
T6081_2,290.9,0.029
T6080_2,219.0,-0.291
T1188_1,149.8,-0.2
AC143_1,187.8,-0.511
T1188_2,259.1,-0.079
T6081_1,211.1,-0.464
T1187_1,213.6,-0.464
AC152_3,322.9,0.559
T6082_2,330.6,0.463
AC148_4,291.3,0.13
T1208_1,195.0,-0.419
T1208_2,218.4,-0.432
AC148_1,37.1,0.458
AC139_4,205.5,-0.473
AC152_2,223.7,-0.194
AC151_4,355.3,0.573
AC144_4,140.6,-0.19
AC150_1,308.8,0.237
AC151_1,166.4,-0.944
T6083_1,338.7,0.268
AC148_2,272.7,0.017
AC148_3,232.5,-0.359
T1190_2,223.7,-0.46
T1190_1,202.0,-0.67
T6084_2,178.6,-0.825
AC150_4,241.5,-0.344
AC155_3,192.7,-0.623
AC151_2,252.2,-0.109
T6084_1,151.1,-0.664
AC150_3,258.3,-0.064
T1186_1,329.8,0.157
AC24_4,310.6,0.082
AC24_1,45.4,0.126
T6087_2,219.8,-0.531
AC25_2,354.0,0.271
T6087_1,200.5,-0.692
AC24_2,275.4,0.008
T6082_1,202.6,-0.478
T1185_1,358.9,0.543
T1185_2,281.8,0.125
T6064_1,354.7,0.741
AC24_3,247.5,-0.111
AC152_1,161.5,-0.607
T6088_2,304.0,0.378
T1189_2,347.2,0.629
T6083_2,226.7,-0.435
T1193_2,214.4,-0.53
T6086_1,173.9,-0.616
T6086_2,195.7,-0.726
AC151_3,162.2,-0.787
T6089_1,313.4,0.453
T1196_2,222.0,-0.364
T1196_1,177.9,-0.621
T1197_2,228.0,-0.441
T1195_2,264.9,-0.057
T1197_1,179.4,-0.752
T1195_1,208.3,-0.842
T6064_2,262.6,-0.091
T1193_1,165.0,-0.584
T1186_2,219.6,-0.551
AC150_2,166.6,-0.775
T1194_2,209.7,-0.737
AC25_3,251.4,-0.038
T6091_2,201.6,-0.632
T6091_1,149.0,-0.485
T1189_1,247.5,-0.254
T6088_1,224.8,-0.463
AC26_2,13.1,0.731
T15392_2,276.4,0.066
T15392_1,70.5,0.224
T1194_1,152.6,-0.678
T6089_2,221.8,-0.465
T6093_1,174.5,-0.776
T1198_1,115.0,-0.335
AC25_4,207.0,-0.649
AC26_1,276.8,0.042
T6093_2,197.4,-0.809
T6085_2,337.2,0.505
T6085_1,28.9,0.493
T16830_2,348.8,0.693
T16830_1,127.7,-0.412
AC27_1,28.6,0.54
T1200_1,199.8,-0.354
T1200_2,217.8,-0.627
T1198_2,201.3,-0.779
T6094_2,276.1,0.085
AC118_3,310.2,0.265
AC27_2,295.0,0.28
AC117_4,335.4,0.396
AC25_1,224.1,-0.101
AC118_2,215.7,-0.103
T6094_1,174.8,-0.568
AC119_4,307.8,0.307
AC119_2,224.6,-0.205
AC26_3,253.8,-0.023
T6095_2,215.5,-0.479
AC117_2,229.3,-0.182
T6095_1,167.7,-0.563
AC117_1,111.0,-0.3
AC27_3,319.4,0.061
AC28_2,7.5,0.436
AC118_1,154.7,-0.673
T6096_2,216.2,-0.609
T6096_1,123.9,-0.391
AC117_3,220.2,-0.191
T6098_2,229.9,-0.475
T6098_1,217.6,-0.517
AC119_3,161.8,-0.685
AC115_3,312.8,0.37
T6097_1,148.4,-0.646
AC114_2,297.9,0.283
T6097_2,188.6,-0.63
T1192_1,16.7,0.632
AC114_3,199.6,-0.696
T1192_2,279.2,0.093
AC114_1,238.4,-0.174
T6092_1,319.5,0.328
AC29_1,10.4,0.231
T1201_2,38.8,0.422
T1201_1,86.0,0.047
AC113_3,323.0,0.458
T1205_2,331.7,0.381
T6092_2,269.6,-0.005
AC115_2,225.9,-0.122
T1202_1,165.6,-0.43
AC113_1,152.9,-0.873
T1202_2,201.3,-0.518
T1232_1,332.0,0.07
AC115_1,163.6,-0.398
AC28_4,261.4,-0.016
T1232_2,239.7,-0.109
AC29_3,273.3,0.016
AC28_3,297.7,0.09
T6090_2,321.7,0.535
T6101_1,311.4,0.362
T6090_1,354.4,0.646
T1205_1,234.2,-0.095
T6100_1,299.7,0.321
T6099_2,214.2,-0.625
T6099_1,189.4,-0.828
T1204_2,283.8,0.17
T6101_2,277.7,0.072
T1206_2,329.3,0.073
AC28_1,155.7,-0.075
T6100_2,241.6,-0.398
T16064_2,212.6,-0.564
T16064_1,151.5,-0.583
T6107_1,251.0,-0.079
T1210_2,286.1,0.056
T6102_1,311.6,0.28
T6102_2,255.3,-0.123
T6107_2,215.5,-0.341
T6103_1,167.3,-0.706
T6103_2,202.7,-0.677
T6106_1,292.7,0.22
T1204_1,256.8,-0.134
T1207_2,233.3,-0.434
T6105_1,302.5,0.288
T1210_1,272.8,0.003
T1207_1,167.1,-0.734
T1206_1,243.7,-0.037
T6104_1,131.3,-0.473
T6109_1,271.0,0.008
T6104_2,174.3,-0.383
AC113_5,234.0,-0.142
AC29_2,285.7,0.027
AC113_4,223.7,-0.171
AC112_1,133.2,-0.653
T16063_2,265.7,-0.064
T16063_1,145.5,-0.69
AC113_2,152.8,-0.289
T1209_1,180.9,-0.594
T6106_2,251.2,-0.207
T6105_2,266.6,-0.024
AC112_4,270.7,0.005
T1209_2,238.4,-0.243
T6109_2,271.1,0.01
AC112_3,241.9,-0.119
AC111_1,144.2,-0.797
AC112_2,137.0,-0.278
T6110_2,152.7,-0.769
T6110_1,169.3,-0.8
AC30_1,45.1,0.384
AC30_2,356.6,0.336
AC30_3,288.0,0.036
T1211_1,114.6,-0.086
T1211_2,181.2,-0.214
T6114_2,235.4,-0.37
T6111_2,165.4,-0.241
T6111_1,127.2,-0.353
T6114_1,206.6,-0.605
T6115_2,215.0,-0.604
T6115_1,190.4,-0.552
T6112_2,9.6,0.205
T6113_1,319.6,0.239
T6113_2,318.1,0.274
T6108_1,342.1,0.53
T1218_1,111.5,-0.131
T6112_1,336.0,0.369
AC111_2,116.0,-0.124
AC111_3,190.6,-0.254
T1218_2,169.5,-0.394
AC111_4,267.8,-0.027
T1220_2,255.7,-0.098
T1220_1,17.2,0.073
T1221_2,244.5,-0.336
T1221_1,45.7,0.418
T6108_2,240.9,-0.305
T6120_1,254.9,-0.08
T1219_1,318.8,0.177
T6119_2,153.8,-0.433
T6121_1,87.5,0.023
T6121_2,212.8,-0.539
T6119_1,111.2,-0.121
T1219_2,268.5,-0.005
T6120_2,225.0,-0.303
T6122_2,102.6,-0.117
T6118_1,311.5,0.321
T6118_2,288.9,0.175
T1212_1,311.8,0.439
T6124_2,200.4,-0.513
AC31_4,296.2,0.055
T1222_1,5.3,0.152
T6124_1,189.7,-0.686
T1212_2,230.3,-0.436
T6127_2,246.0,-0.227
T6122_1,123.1,-0.345
T6123_2,153.4,-0.596
T6123_1,123.8,-0.349
T1223_2,257.8,-0.091
AC31_1,332.0,0.068
AC31_3,346.9,0.38
T1234_2,254.0,-0.201
T6116_1,41.3,0.422
T1234_1,189.8,-0.482
T1217_2,45.9,0.518
T6127_1,247.7,-0.196
T1224_1,228.4,-0.592
T1223_1,170.5,-0.508
T1222_2,192.9,-0.59
T1217_1,50.1,0.517
T1215_2,247.9,-0.302
T1215_1,26.7,0.753
T6125_1,282.6,0.149
T16062_2,236.8,-0.339
T6128_1,109.4,-0.213
AC31_2,225.2,-0.533
T6116_2,22.1,0.164
T6128_2,133.2,-0.349
T16062_1,156.3,-0.554
T1214_1,8.1,0.873
T6126_2,336.6,0.808
T6126_1,10.8,0.877
AC110_2,206.2,-0.169
AC110_3,298.7,0.318
AC109_3,255.1,-0.219
T6117_2,311.3,0.369
T1213_1,6.7,0.854
T6117_1,331.7,0.625
T6130_2,247.2,-0.249
T6129_1,140.6,-0.544
AC110_1,143.2,-0.402
T6125_2,286.3,0.19
T6130_1,194.3,-0.351
T6129_2,211.7,-0.74
AC32_5,270.3,0.003
T1214_2,243.8,-0.374
T6132_2,59.3,0.301
T1225_1,56.0,0.096
T1213_2,253.0,-0.235
T1225_2,255.5,-0.058
T6132_1,59.9,0.211
T1226_2,267.7,-0.017
T1226_1,70.0,0.149
AC32_4,335.6,0.107
AC32_1,62.9,0.34
T6131_2,302.0,0.389
T6133_1,266.1,-0.011
T1233_2,275.2,0.061
T6134_1,15.3,0.755
T6134_2,228.9,-0.496
AC109_4,252.1,-0.099
T1229_2,298.3,0.162
T6131_1,282.9,0.105
AC109_2,227.4,-0.202
T6135_1,332.1,0.686
T6133_2,232.6,-0.406
AC108_1,144.2,-0.627
AC109_1,140.5,-0.229
AC108_4,300.1,0.2
L3_1,283.3,0.026
AC34_2,74.6,0.097
AC107_2,328.9,0.51
T1216_2,282.5,0.154
T1229_1,199.9,-0.27
T1216_1,352.2,0.647
T1233_1,191.3,-0.658
AC34_1,150.1,-0.554
T6136_2,220.1,-0.557
AC32_3,315.7,0.175
T6136_1,209.4,-0.692
T6135_2,190.7,-0.657
AC107_1,276.0,0.014
AC108_3,246.3,-0.086
T15550_2,356.6,0.714
AC34_3,324.7,0.229
T6137_2,204.7,-0.565
AC107_3,188.3,-0.677
T6137_1,200.6,-0.752
T1230_1,113.4,-0.232
T6138_1,116.6,-0.296
AC108_2,139.6,-0.41
T6140_1,258.0,-0.112
T1231_2,262.6,-0.083
L3_2,273.7,0.009
AC32_2,257.4,-0.022
T1230_2,132.5,-0.396
T15550_1,116.1,-0.33
T6140_2,220.6,-0.337
T6138_2,109.6,-0.25
T15756_2,240.4,-0.325
T6139_1,177.8,-0.761
T15756_1,100.5,-0.117
T1231_1,184.4,-0.476
T6139_2,216.1,-0.633
T6141_2,280.8,0.102
T6142_1,248.6,-0.119
T6142_2,248.7,-0.238
T6141_1,239.9,-0.299
T1240_2,254.9,-0.193
T1241_1,222.7,-0.019
T1241_2,255.4,-0.138
T1240_1,208.1,-0.623
AC35_3,317.0,0.089
T6143_2,241.5,-0.309
T1243_1,156.9,-0.697
T1243_2,181.7,-0.694
T1238_1,299.2,0.327
T1238_2,301.8,0.375
AC106_1,147.3,-0.177
AC35_2,36.5,0.113
AC106_3,295.0,0.3
AC106_2,172.4,-0.197
T1239_1,348.0,0.596
AC104_1,23.7,0.175
AC104_2,246.4,-0.394
T1239_2,224.0,-0.544
AC36_3,296.6,0.131
T1242_1,344.2,0.067
T6143_1,242.1,-0.311
AC36_2,42.8,0.397
T1242_2,309.4,0.065
AC35_1,86.7,0.015
AC36_1,99.5,-0.019
L4_2,311.2,0.138
T6146_2,276.1,0.057
T6145_1,288.9,0.205
L4_1,66.1,0.281
T6145_2,269.8,-0.003
T6146_1,153.8,-0.471
T16065_1,236.7,-0.409
T6144_1,297.0,0.322
T1245_2,203.0,-0.359
T1245_1,105.2,-0.203
L4_3,228.8,-0.207
T16065_2,184.2,-0.796
T1228_2,289.1,0.211
T1228_1,312.2,0.447
AC37_3,289.4,0.078
T6144_2,280.2,0.102
T6147_2,254.4,-0.134
T1246_1,338.6,0.699
AC37_1,37.6,0.128
AC37_2,345.8,0.448
T6147_1,229.4,-0.431
AC37_4,238.9,-0.354
T1246_2,210.2,-0.578
AC38_1,54.2,0.211
T1227_1,41.1,0.397
T1249_2,314.2,0.45
AC38_2,3.7,0.411
AC38_3,233.1,-0.382
T1250_1,332.8,0.786
AC39_3,283.4,0.216
AC39_1,114.2,-0.339
AC39_2,1.5,0.567
T1250_2,253.5,-0.27
AC103_3,223.0,-0.126
T1227_2,90.2,-0.002
AC103_2,219.3,-0.123
T1249_1,229.3,-0.357
AC99_1,136.3,-0.238
AC103_1,110.5,-0.149
T6150_1,45.4,0.424
T1247_1,107.2,-0.19
T1247_2,46.2,0.411
T6148_1,166.6,-0.715
T6148_2,181.3,-0.713
T6150_2,108.0,-0.173
T1272_1,120.6,-0.151
T1272_2,251.4,-0.08
AC99_4,296.7,0.151
T6149_1,323.6,0.438
T6149_2,313.0,0.406
T6152_2,262.2,-0.083
AC88_2,274.8,0.059
AC88_1,169.0,-0.36
T6151_1,279.2,0.115
AC99_3,241.7,-0.062
T6151_2,262.7,-0.106
T1253_2,286.0,0.209
T1254_2,317.3,0.322
T1254_1,261.0,-0.059
T1253_1,242.6,-0.311
T1271_2,266.6,-0.011
AC77_3,285.7,0.149
AC99_2,193.6,-0.13
AC77_2,236.9,-0.09
T1271_1,113.8,-0.191
T6152_1,205.9,-0.572
T1257_2,290.5,0.19
T6153_2,261.5,-0.131
T1257_1,151.7,-0.487
T6155_1,281.5,0.119
AC77_1,164.3,-0.133
T6153_1,259.0,-0.157
T1248_1,48.5,0.289
T1252_2,46.5,0.423
T1252_1,82.7,0.081
T6156_1,17.6,0.772
T6157_1,8.0,0.705
T6155_2,275.1,0.068
T6156_2,338.1,0.651
T6154_1,85.1,0.029
T6154_2,170.7,-0.373
T15207_2,311.6,0.276
T1259_1,6.9,0.431
T1259_2,296.3,0.193
T1255_2,36.7,0.506
T1256_2,259.0,-0.106
T1248_2,4.8,0.325
T1256_1,166.5,-0.314
T6157_2,326.3,0.554
T15752_1,65.1,0.305
T6163_1,79.3,0.109
T6163_2,115.9,-0.265
T6158_2,355.7,0.724
T6158_1,351.8,0.748
T6159_2,337.8,0.609
T15203_2,349.0,0.873
T6159_1,351.2,0.786
T6161_2,269.7,-0.004
T15203_1,178.5,-0.163
T1258_1,331.9,0.499
T15204_1,331.0,0.422
T1255_1,80.4,0.09
AC66_1,141.8,-0.129
T1258_2,323.3,0.421
T15208_2,320.0,0.262
T15207_1,148.0,-0.557
AC66_3,259.8,-0.091
AC66_2,213.0,-0.115
T6162_2,53.3,0.171
T1261_1,155.9,-0.613
T6160_1,335.8,0.59
T15202_2,318.6,0.293
T6160_2,340.6,0.547
T1261_2,189.4,-0.431
T15752_2,220.9,-0.536
T15205_1,354.9,0.748
T16061_2,253.4,-0.205
AC40_1,37.6,0.188
T1260_2,337.8,0.376
T1260_1,105.8,-0.084
T6161_1,267.8,-0.031
T15751_2,229.3,-0.436
T15751_1,85.5,0.06
T6164_1,353.1,0.671
T6164_2,276.7,0.074
T15205_2,199.5,-0.701
T15204_2,178.0,-0.536
T15199_2,323.6,0.318
T15208_1,183.7,-0.698
T16061_1,165.2,-0.786
T1262_1,359.6,0.401
T1262_2,294.2,0.253
AC40_2,318.6,0.588
T6162_1,129.8,-0.223
T15206_1,329.8,0.494
T15202_1,181.7,-0.725
T6168_2,86.4,0.045
T1263_2,176.7,-0.66
T1263_1,102.8,-0.154
T15200_2,309.9,0.449
T6169_1,297.3,0.248
T6166_2,216.4,-0.703
T15200_1,164.6,-0.361
T6169_2,263.5,-0.049
T6166_1,196.9,-0.843
T15199_1,176.0,-0.769
T6167_1,125.4,-0.361
T15206_2,186.3,-0.6
T6167_2,197.2,-0.724
AC40_3,245.6,-0.3
L5_1,307.9,0.096
T6168_1,105.0,-0.162
L7_2,95.5,-0.042
T1265_2,347.9,0.766
T6170_1,173.8,-0.797
L6_2,264.8,-0.003
T6170_2,165.4,-0.715
T1265_1,162.7,-0.699
L7_3,311.5,0.081
L5_2,214.4,-0.265
AC41_4,21.2,0.352
T6165_2,2.8,0.271
T6165_1,68.6,0.132
T1269_2,263.0,-0.049
T15750_1,100.9,-0.076
T6172_2,65.4,0.163
T6172_1,54.0,0.393
T1266_1,224.0,-0.565
T6171_1,79.6,0.141
T6173_2,272.2,0.027
T1264_2,71.5,0.185
AC41_1,70.8,0.146
T1273_1,17.6,0.415
T1264_1,75.9,0.186
AC41_2,141.7,-0.73
AC42_1,161.3,-0.119
T1269_1,181.5,-0.234
AC41_3,308.2,0.491
T6173_1,243.8,-0.365
L7_4,201.8,-0.296
L6_1,90.2,-0.001
T15749_1,49.9,0.44
T6175_2,56.6,0.399
AC41_5,326.8,0.055
T1266_2,216.1,-0.573
T6174_1,164.6,-0.658
T1268_2,248.0,-0.294
T6174_2,159.9,-0.632
T1273_2,196.5,-0.59
T15197_2,290.4,0.236
T6175_1,76.9,0.184
L7_1,171.5,-0.461
T15201_1,358.5,0.789
T6177_1,298.0,0.267
T15194_1,350.6,0.823
T1278_1,103.5,-0.173
T1277_2,56.4,0.473
T15750_2,242.7,-0.259
T1270_1,97.3,-0.035
T1267_2,69.5,0.168
T15749_2,184.3,-0.335
T1270_2,210.0,-0.128
T6176_2,274.8,0.073
T15197_1,147.2,-0.521
T6171_2,112.8,-0.339
T1251_1,42.8,0.355
T15201_2,209.1,-0.632
T1251_2,258.4,-0.114
T1277_1,67.5,0.296
T15748_1,105.4,-0.14
T6178_2,78.1,0.141
T6177_2,245.6,-0.271
T6179_1,59.5,0.39
T1268_1,211.0,-0.552
T1278_2,176.3,-0.516
T6178_1,74.4,0.197
AC55_1,130.9,-0.103
T15755_1,60.2,0.308
AC55_3,209.1,-0.183
AC55_2,138.6,-0.142
T15748_2,195.5,-0.431
T1267_1,104.5,-0.192
T1280_2,297.8,0.23
T15755_2,221.0,-0.378
T6176_1,259.0,-0.153
T1279_2,237.7,-0.433
T15194_2,197.7,-0.709
AC42_4,339.4,0.101
L8_1,338.2,0.638
T6179_2,100.2,-0.098
T1279_1,201.5,-0.796
T1280_1,253.8,-0.085
T15193_2,350.3,0.819
T6180_2,309.2,0.519
AC42_3,42.2,0.121
T6181_2,264.9,-0.021
L8_2,298.9,0.087
T1290_2,241.7,-0.074
AC42_2,99.9,-0.097
T6181_1,266.8,-0.011
T1290_1,132.9,-0.344
T15747_1,77.3,0.138
T15193_1,194.1,-0.78
T6184_1,65.9,0.292
T6183_2,40.4,0.564
T6183_1,109.5,-0.267
T6184_2,167.8,-0.445
T6186_2,213.9,-0.528
T6186_1,67.2,0.335
T6180_1,228.8,-0.5
L8_3,191.2,-0.465
T6189_2,59.2,0.392
T15747_2,216.9,-0.51
T6189_1,91.9,-0.023
T6185_1,292.7,0.29
T1295_1,311.5,0.097
T1292_1,287.2,0.153
AC43_3,351.4,0.14
T1295_2,291.0,0.207
T6185_2,281.7,0.153
AC43_2,60.5,0.248
T6187_2,33.6,0.655
L9_2,3.3,0.596
AC43_1,83.1,0.012
T1292_2,258.8,-0.146
T1293_1,290.5,0.244
T6188_1,347.4,0.856
T6188_2,330.8,0.722
T1293_2,268.4,-0.017
AC44_3,249.9,-0.097
T6187_1,74.6,0.23
T1294_2,271.2,0.009
T6192_1,100.5,-0.13
AC44_2,213.1,-0.224
AC33_4,217.5,-0.218
T6190_1,325.9,0.726
T6190_2,312.4,0.593
T1289_2,335.9,0.777
T6191_2,306.1,0.498
T1283_1,339.1,0.827
T6182_2,310.8,0.556
T6182_1,329.5,0.71
T1282_2,327.1,0.721
T6193_1,88.7,0.015
AC44_1,95.1,-0.056
T1282_1,202.5,-0.801
T1283_2,215.8,-0.686
T6194_2,273.5,0.047
T1281_2,280.1,0.147
T1281_1,344.4,0.701
T6192_2,110.4,-0.214
T1284_2,315.6,0.482
T1286_2,266.7,-0.05
T1286_1,2.2,0.849
T1294_1,237.3,-0.214
T6194_1,253.4,-0.206
T1289_1,207.0,-0.677
T6193_2,156.5,-0.269
T6191_1,274.7,0.052
L9_4,302.0,0.283
T1288_1,340.7,0.813
T1288_2,252.1,-0.268
L9_3,317.4,0.155
T15746_2,255.8,-0.172
T1284_1,198.8,-0.675
T15746_1,113.4,-0.264
T1285_2,329.8,0.719
T1287_1,314.2,0.578
T15745_2,221.5,-0.53
T15745_1,123.2,-0.394
T6196_1,251.2,-0.285
T15195_2,213.7,-0.598
T15195_1,1.7,0.564
T6203_1,61.9,0.218
T1285_1,193.5,-0.644
T1301_2,313.3,0.411
L9_1,124.6,-0.194
T6204_1,67.3,0.274
T1296_1,75.5,0.124
T1298_2,15.6,0.51
T1287_2,233.3,-0.528
T6199_2,228.8,-0.599
T1296_2,49.9,0.284
T6204_2,121.0,-0.376
T6203_2,146.3,-0.527
T6202_1,304.9,0.325
T6196_2,229.6,-0.601
T15744_2,263.3,-0.077
T6198_2,251.0,-0.159
T1291_1,21.7,0.103
AC45_1,44.6,0.096
T1291_2,83.8,0.037
T6205_2,238.1,-0.361
T6198_1,241.5,-0.223
T15744_1,113.7,-0.31
T6202_2,247.8,-0.126
AC46_1,6.8,0.143
T1297_2,219.5,-0.619
T1235_2,285.5,0.128
T1235_1,62.9,0.245
T6197_1,353.0,0.481
T1297_1,153.1,-0.562
T6206_1,110.1,-0.25
T6200_1,293.5,0.298
T6195_1,60.0,0.203
T6195_2,17.1,0.491
T1301_1,223.4,-0.501
T6206_2,165.9,-0.446
T1298_1,110.5,-0.277
T15192_1,5.2,0.673
T6199_1,220.2,-0.717
T6208_1,272.4,0.023
T15743_1,105.4,-0.204
T15743_2,247.5,-0.323
AC45_2,339.5,0.465
T1300_2,248.1,-0.133
T6200_2,219.3,-0.64
T6205_1,220.9,-0.556
T6209_2,147.0,-0.687
T6209_1,79.3,0.138
AC46_2,294.3,0.388
AC47_4,254.1,-0.208
T15702_2,7.3,0.76
T15702_1,115.4,-0.299
AC46_3,228.7,-0.171
T15705_1,63.5,0.318
T1300_1,195.5,-0.769
T15192_2,211.9,-0.586
T6210_1,105.0,-0.185
AC45_3,257.4,-0.151
T6197_2,251.6,-0.248
AC47_1,15.9,0.161
T1299_2,12.7,0.278
T6201_1,24.9,0.463
T15191_2,337.4,0.628
AC47_2,272.0,0.022
T6208_2,234.1,-0.337
T1299_1,95.7,-0.079
AC47_3,231.8,-0.128
T6210_2,117.5,-0.305
T15705_2,137.8,-0.533
T6212_1,91.5,-0.022
T6212_2,164.1,-0.308
AC33_1,83.6,0.051
T6211_2,43.2,0.354
AC22_2,47.7,0.66
AC33_2,153.2,-0.146
T6201_2,147.6,-0.676
T15191_1,194.5,-0.754
T1327_2,290.9,0.147
T6207_1,301.0,0.273
AC22_4,202.0,-0.363
T15190_2,327.6,0.335
AC22_3,166.1,-0.24
T6207_2,238.1,-0.394
T6211_1,95.6,-0.09
AC22_1,104.1,-0.203
T6213_1,191.9,-0.829
T6213_2,191.4,-0.796
AC181_1,105.2,-0.245
AC33_3,237.9,-0.209
T1237_2,278.4,0.094
T1237_1,51.4,0.499
T6216_2,271.1,0.016
T6214_1,140.0,-0.373
T6214_2,243.7,-0.227
AC181_4,266.9,-0.018
T1327_1,165.0,-0.707
AC181_3,142.0,-0.281
T15210_2,268.1,-0.023
AC181_2,156.2,-0.344
T15190_1,235.2,-0.261
T15210_1,128.1,-0.438
T15754_2,209.4,-0.463
T15754_1,70.0,0.244
T6217_2,236.0,-0.137
T6219_2,206.2,-0.591
T6219_1,185.1,-0.609
T6218_2,224.6,-0.63
T6216_1,264.8,-0.071
T6218_1,210.1,-0.722
T6217_1,117.5,-0.404
T15742_1,74.0,0.202
T15742_2,212.0,-0.492
T6221_2,317.2,0.413
T15209_1,108.9,-0.049
T15753_1,47.4,0.513
T15753_2,207.9,-0.741
T6221_1,165.5,-0.555
T1302_2,305.7,0.376
T1302_1,16.4,0.753
T6226_1,346.8,0.561
T6223_1,167.5,-0.476
T15209_2,199.7,-0.629
AC51_4,5.5,0.958
T6220_2,61.2,0.252
T6220_1,116.8,-0.316
AC50_2,350.1,0.842
T6223_2,216.1,-0.633
T6225_2,199.5,-0.496
T6225_1,169.5,-0.356
T15706_1,78.1,0.101
T15706_2,349.1,0.592
T15196_1,74.9,0.164
T6226_2,237.8,-0.365
AC48_2,104.4,-0.112
T15196_2,197.0,-0.583
AC50_3,260.1,-0.058
AC48_3,14.6,0.317
T17737_2,284.8,0.106
T17739_2,243.9,-0.176
T1236_1,331.9,0.307
T6224_1,47.4,0.323
AC48_4,285.1,0.068
T17737_1,157.2,-0.351
T17739_1,157.6,-0.586
T1236_2,267.7,-0.02
L10_1,18.9,0.12
T6224_2,146.6,-0.345
T6222_1,329.8,0.191
T15704_2,39.8,0.132
T6229_1,331.9,0.143
T6227_2,323.3,0.19
T6227_1,0.7,0.823
AC50_1,127.6,-0.516
T6222_2,252.5,-0.121
T6228_2,187.8,-0.711
T6228_1,202.0,-0.708
T15704_1,163.3,-0.521
AC48_1,128.5,-0.523
L10_2,320.2,0.378
T6229_2,205.9,-0.212
T6230_2,215.5,-0.587
T17740_2,354.8,0.636
T6230_1,222.2,-0.501
T1312_2,299.4,0.152
T1312_1,107.4,-0.169
T1320_1,102.5,-0.13
T1311_1,34.8,0.173
T1320_2,216.1,-0.518
T15703_1,60.6,0.133
T15703_2,307.2,0.082
T6233_1,192.5,-0.24
T6233_2,295.4,0.279
T15707_2,345.3,0.25
T17743_2,320.2,0.505
T1310_1,160.8,-0.686
L11_2,10.3,0.029
L11_3,317.7,0.045
T1319_1,88.1,0.02
T1311_2,251.3,-0.073
T17743_1,175.8,-0.688
T1310_2,196.9,-0.538
T17740_1,204.1,-0.566
T1319_2,221.0,-0.61
T6231_1,295.9,0.148
T15708_2,3.7,0.716
T6235_2,291.3,0.164
L11_1,165.3,-0.447
T15708_1,73.2,0.206
T6234_2,267.3,-0.016
T1313_2,247.7,-0.235
T15707_1,139.7,-0.182
T6240_2,44.7,0.531
T15211_1,64.2,0.316
T15212_2,32.5,0.519
T6240_1,43.6,0.409
T6231_2,290.2,0.1
T6234_1,192.5,-0.222
T15212_1,174.7,-0.82
T6243_2,305.3,0.461
T6237_1,74.5,0.205
T6237_2,19.8,0.722
T15213_1,23.6,0.65
T15189_1,77.0,0.161
T6241_1,178.3,-0.581
T17738_1,360.0,0.699
T1303_2,293.5,0.14
T6247_1,354.2,0.343
T6243_1,347.5,0.532
T6247_2,355.7,0.34
T15189_2,164.0,-0.647
T6235_1,161.9,-0.689
T6244_2,32.5,0.686
T1315_1,40.7,0.721
T6239_1,155.7,-0.613
T17741_2,308.7,0.364
T1315_2,140.5,-0.538
T6238_2,218.2,-0.579
T6238_1,167.6,-0.59
T6239_2,188.4,-0.635
T15211_2,175.7,-0.66
T1303_1,322.9,0.343
T6241_2,189.7,-0.328
T6244_1,106.7,-0.216
T1313_1,199.3,-0.621
T6242_1,100.9,-0.069
T6245_2,225.1,-0.468
T6245_1,147.3,-0.58
T6242_2,159.0,-0.594
T1343_2,283.2,0.113
T15214_1,95.2,-0.057
T1342_2,259.8,-0.036
T1343_1,224.7,-0.389
T1318_2,219.8,-0.507
T15213_2,187.6,-0.71
T17738_2,202.8,-0.438
T17741_1,167.4,-0.512
T17745_2,323.1,0.571
T6248_1,145.1,-0.524
T1318_1,143.4,-0.27
T6248_2,238.1,-0.311
T15214_2,156.4,-0.681
T1323_2,278.5,0.086
T6249_1,178.7,-0.733
T1323_1,172.8,-0.742
T6249_2,185.8,-0.771
T1314_1,324.8,0.617
T17745_1,161.3,-0.637
T1321_1,78.4,0.128
T1316_1,85.3,0.071
T1316_2,324.4,0.678
T6246_2,338.1,0.575
T1342_1,84.3,0.058
T6236_1,332.2,0.14
T1308_1,15.6,0.268
T1308_2,333.9,0.304
T1321_2,145.5,-0.5
T6252_2,209.4,-0.544
T6252_1,120.2,-0.218
T1314_2,237.9,-0.342
T6246_1,48.3,0.353
T6236_2,121.9,-0.272
T1322_2,227.9,-0.474
T1322_1,137.9,-0.479
T15714_2,335.8,0.465
T15714_1,11.2,0.649
T14934_1,327.3,0.667
T1317_2,326.5,0.524
T14934_2,299.7,0.303
T6251_2,337.2,0.488
T1317_1,79.0,0.151
T6255_1,201.3,-0.645
T6251_1,36.9,0.252
T1341_2,273.9,0.038
T6256_1,150.3,-0.56
T6255_2,240.7,-0.286
T6256_2,194.2,-0.648
T1341_1,158.1,-0.436
T1331_1,169.5,-0.303
T1331_2,212.0,-0.529
T6258_2,247.5,-0.262
T15712_1,85.2,0.057
T6254_1,58.3,0.21
T15712_2,3.6,0.547
T15758_1,68.6,0.228
T6259_2,48.8,0.409
T6259_1,104.2,-0.172
AC170_1,85.2,0.068
T15761_1,66.5,0.348
T1326_2,285.2,0.201
T15761_2,201.0,-0.556
T6258_1,233.4,-0.413
T1324_1,130.8,-0.553
T1324_2,217.1,-0.422
T6260_1,266.2,-0.049
T15758_2,211.1,-0.48
T1328_1,299.4,0.295
AC170_2,164.1,-0.175
AC170_3,248.6,-0.133
T1326_1,137.7,-0.396
T6254_2,131.7,-0.534
T6262_1,322.0,0.521
T15711_2,336.1,0.366
T6250_1,349.4,0.428
T1325_2,213.1,-0.566
T15757_1,47.8,0.529
T1330_2,201.0,-0.671
T15711_1,96.8,-0.07
T15757_2,192.3,-0.771
T1330_1,155.6,-0.659
T1325_1,154.6,-0.67
T6257_2,40.4,0.222
T1309_1,65.3,0.181
T1309_2,330.8,0.216
AC160_4,199.9,-0.391
T6260_2,233.8,-0.38
T6250_2,311.2,0.268
T1328_2,245.3,-0.249
T6262_2,269.1,-0.011
T6263_2,207.8,-0.597
T6263_1,199.8,-0.789
T1332_2,237.8,-0.389
T1338_1,291.4,0.254
T6266_2,214.9,-0.606
T1332_1,104.3,-0.158
T6264_2,217.8,-0.614
T17742_2,305.0,0.405
T17742_1,144.0,-0.62
T6257_1,113.2,-0.225
T14937_2,304.1,0.383
T1329_1,338.9,0.525
T1329_2,290.3,0.267
T6264_1,206.9,-0.472
AC51_1,84.9,0.06
T6266_1,214.6,-0.664
T6261_2,24.4,0.62
T1333_1,58.3,0.499
T1333_2,13.4,0.698
AC51_3,281.7,0.088
T6261_1,80.2,0.14
AC51_2,12.2,0.639
T14937_1,85.6,0.061
T15760_1,46.3,0.553
T6265_1,50.1,0.442
T6265_2,22.0,0.514
T6267_1,77.0,0.161
T1338_2,252.2,-0.179
T15760_2,208.6,-0.577
T1306_2,23.0,0.189
T6253_1,317.0,0.303
T6272_2,274.2,0.03
T1336_1,163.5,-0.593
T1306_1,40.2,0.109
T6271_1,282.5,0.078
T6272_1,197.9,-0.254
T6253_2,291.7,0.296
T1340_1,145.9,-0.543
T1340_2,241.2,-0.279
T6267_2,105.4,-0.199
T6269_1,5.6,0.657
T1336_2,257.8,-0.162
T1355_2,265.9,-0.043
T1337_1,342.7,0.75
T1355_1,111.3,-0.197
T6269_2,271.5,0.019
T1335_1,307.9,0.443
T14936_2,292.4,0.267
T17744_2,308.3,0.434
T1337_2,237.6,-0.341
T1335_2,287.7,0.223
T6268_1,64.5,0.232
T6277_1,102.0,-0.059
T1339_2,249.8,-0.157
T6271_2,230.4,-0.466
T14936_1,67.1,0.263
T6276_2,241.5,-0.288
T1353_1,103.5,-0.054
T1353_2,277.7,0.083
T1339_1,142.9,-0.141
T6276_1,186.1,-0.57
T6275_2,272.0,0.033
T6275_1,139.0,-0.708
T6277_2,241.5,-0.343
T6273_2,284.3,0.152
T1347_1,275.4,0.062
T17744_1,170.0,-0.739
T6280_2,48.0,0.519
T15713_2,6.5,0.589
T6270_1,70.1,0.154
T6273_1,13.0,0.729
T15713_1,81.4,0.068
T6268_2,144.6,-0.716
T17736_2,336.0,0.776
T1344_2,340.0,0.811
T1344_1,355.0,0.621
AC52_2,54.5,0.312
T1354_1,65.3,0.15
T1354_2,198.0,-0.354
T6270_2,16.1,0.531
T15759_1,73.8,0.183
T1345_1,346.0,0.851
T6279_1,144.8,-0.317
T6279_2,247.7,-0.221
T6280_1,58.1,0.431
AC52_4,249.7,-0.193
T6281_2,261.1,-0.103
T1346_2,64.5,0.305
AC52_3,306.1,0.087
T6278_1,204.9,-0.209
T6278_2,237.0,-0.186
T6281_1,264.2,-0.064
T1348_2,338.7,0.839
T1307_1,32.3,0.115
T1307_2,292.6,0.056
T6282_2,309.5,0.08
T15684_2,354.3,0.721
T1347_2,233.3,-0.388
T15759_2,193.7,-0.245
T15463_2,260.5,-0.097
T17736_1,180.4,-0.8
T15741_1,76.3,0.133
T15741_2,195.4,-0.348
T1346_1,64.5,0.228
T15684_1,88.2,0.025
T6282_1,95.2,-0.026
T1345_2,190.9,-0.86
T6232_2,311.9,0.406
T6285_2,180.8,-0.201
T6285_1,74.6,0.181
T6232_1,0.5,0.281
T1348_1,169.9,-0.898
T15463_1,218.9,-0.465
T6274_2,61.5,0.085
T6274_1,109.9,-0.229
T6283_2,36.6,0.527
L12_3,31.8,0.358
T6284_2,345.2,0.608
T6283_1,52.0,0.461
AC160_3,220.5,-0.184
T6287_1,264.2,-0.069
L12_2,72.8,0.068
T6286_1,67.8,0.153
AC160_2,151.0,-0.148
AC52_1,217.7,-0.088
T6286_2,112.4,-0.183
T6295_1,15.5,0.737
L12_1,79.3,0.121
T6290_2,27.5,0.409
L12_4,27.4,0.067
AC160_1,74.9,0.115
T6295_2,333.8,0.797
T6287_2,240.5,-0.263
T15710_1,66.2,0.227
T15676_2,6.0,0.764
T15676_1,74.2,0.201
T6289_2,55.8,0.451
T15710_2,284.8,0.04
T1350_1,348.9,0.727
T1350_2,350.8,0.759
T6288_1,77.1,0.144
T1305_1,75.8,0.049
T6293_2,355.9,0.182
T1305_2,294.7,0.089
T6284_1,147.5,-0.604
T6290_1,90.1,-0.001
L12_5,207.9,-0.336
T6297_1,116.6,-0.349
T15464_2,260.3,-0.133
T6300_1,317.6,0.632
L13_3,302.9,0.198
T6296_2,357.8,0.454
T6296_1,32.0,0.43
T6297_2,130.2,-0.48
T6288_2,83.7,0.059
T6291_2,311.4,0.483
T6291_1,328.0,0.612
T6298_1,325.4,0.668
T6293_1,130.1,-0.254
AC149_1,62.7,0.118
T6292_2,44.0,0.488
T6292_1,59.1,0.422
T6289_1,102.7,-0.188
T6299_1,250.4,-0.18
AC149_2,111.9,-0.077
T15464_1,168.6,-0.727
T15762_2,256.3,-0.05
T6300_2,271.6,0.021
T6298_2,305.6,0.396
T6299_2,256.3,-0.093
T6304_2,216.3,-0.157
T6304_1,138.5,-0.306
AC149_3,198.0,-0.287
T15762_1,270.8,0.001
T1351_2,271.0,0.01
T1352_2,259.7,-0.056
T15467_2,308.5,0.303
T1356_1,283.9,0.171
T1351_1,217.5,-0.357
L13_2,284.6,0.041
T15467_1,212.9,-0.426
T1352_1,175.2,-0.234
T6301_1,36.6,0.369
T6301_2,291.5,0.152
L13_4,239.0,-0.328
T14935_2,318.4,0.464
AC138_1,97.8,-0.065
T1349_2,306.9,0.211
T1349_1,87.6,0.023
AC138_2,200.9,-0.14
AC138_3,207.1,-0.222
T15764_1,245.3,-0.253
T1356_2,263.5,-0.07
T6308_2,266.8,-0.042
T6307_1,52.1,0.413
T6294_2,38.4,0.371
T6294_1,41.1,0.422
T14935_1,69.5,0.129
L13_1,20.5,0.34
T6309_1,269.6,-0.003
T6307_2,189.3,-0.455
T1304_2,354.3,0.176
T6310_1,17.4,0.376
T15764_2,237.0,-0.42
L14_1,40.4,0.454
L14_2,217.5,-0.095
T6308_1,244.5,-0.305
T1357_1,353.0,0.781
T1357_2,237.3,-0.345
T6316_2,4.1,0.63
T6302_2,300.9,0.377
T6311_1,343.1,0.332
AC53_1,39.1,0.684
T1369_1,33.3,0.081
T1361_2,235.3,-0.221
T6312_2,8.7,0.559
T1393_1,91.2,-0.007
T1393_2,226.2,-0.228
T6302_1,305.1,0.296
T6309_2,242.0,-0.278
T6312_1,345.1,0.446
T6310_2,244.0,-0.218
T1369_2,207.9,-0.116
AC127_1,47.4,0.382
AC53_2,315.5,0.4
T1372_1,58.3,0.019
T1304_1,126.4,-0.277
T1372_2,203.3,-0.202
L14_3,235.4,-0.262
L15_1,278.2,0.009
T6311_2,267.3,-0.026
T6316_1,46.7,0.178
T1361_1,210.3,-0.381
T6314_1,93.9,-0.054
T6314_2,169.6,-0.494
AC53_3,254.2,-0.03
T1359_1,13.0,0.531
T6306_2,8.7,0.495
T6320_2,32.1,0.619
T1374_1,26.1,0.079
T1371_1,15.3,0.406
T1371_2,14.7,0.394
T6315_2,295.5,0.346
T6306_1,19.1,0.518
T6317_1,32.5,0.512
T14939_2,291.4,0.211
T1359_2,244.7,-0.21
T15468_2,268.9,-0.011
AC127_2,138.1,-0.144
T14939_1,82.8,0.044
T6317_2,262.4,-0.044
L15_2,316.8,0.065
T1378_2,294.8,0.245
T15678_2,348.5,0.49
T15678_1,52.2,0.429
T6303_1,320.5,0.316
T1378_1,192.8,-0.32
T1380_2,230.3,-0.127
AC127_3,221.4,-0.275
T1360_1,0.3,0.679
T6320_1,58.3,0.314
T1376_1,348.0,0.046
T15468_1,143.9,-0.29
T6322_1,40.5,0.375
T1362_2,291.9,0.093
T6303_2,277.0,0.084
T1375_2,20.9,0.263
T1375_1,52.3,0.024
T1377_2,16.4,0.092
T15709_1,47.0,0.515
T1399_2,238.9,-0.166
T15709_2,334.6,0.445
T1374_2,215.0,-0.117
AC116_1,31.9,0.515
T6322_2,289.2,0.044
AC105_1,43.8,0.637
AC21_1,28.0,0.821
T6315_1,207.9,-0.695
AC105_2,102.1,-0.091
T1377_1,198.4,-0.179
AC21_3,141.7,-0.441
AC21_2,134.0,-0.48
T6327_2,212.0,-0.556
T15519_2,309.2,0.394
T1370_1,5.4,0.705
AC116_4,206.0,-0.303
T6324_1,270.1,0.001
T1376_2,206.6,-0.147
T1381_2,240.8,-0.285
AC105_3,253.0,-0.078
T15999_1,28.8,0.547
T6321_2,26.0,0.713
AC21_4,176.2,-0.559
T6321_1,91.5,-0.014
T15999_2,150.5,-0.571
T15997_1,58.5,0.369
AC116_3,118.7,-0.048
T1380_1,174.5,-0.32
T1384_1,180.4,-0.52
T1399_1,190.2,-0.503
AC54_4,259.8,-0.04
T1373_2,241.1,-0.087
T1360_2,221.7,-0.422
T1362_1,106.2,-0.196
T1382_1,21.8,0.031
T1370_2,277.7,0.089
T6323_2,216.1,-0.354
T6323_1,242.0,-0.087
T15995_1,68.4,0.216
T15519_1,55.9,0.437
T1382_2,205.5,-0.134
T6330_1,311.6,0.598
T6330_2,285.9,0.246
T6327_1,182.1,-0.672
T6319_2,325.2,0.738
T1367_1,348.0,0.851
T6319_1,28.1,0.386
T1384_2,240.9,-0.261
T6329_2,339.9,0.736
T1367_2,209.4,-0.766
T15994_1,40.5,0.622
T6324_2,259.9,-0.138
T15683_2,241.8,-0.286
T15683_1,37.2,0.533
T15994_2,148.6,-0.607
T15995_2,144.5,-0.551
T1381_1,188.9,-0.334
AC54_1,345.8,0.05
T1385_1,34.3,0.12
T6329_1,76.7,0.189
T1386_2,291.3,0.211
T6335_2,217.4,-0.264
AC54_2,321.2,0.517
T15997_2,204.1,-0.645
T1385_2,204.8,-0.118
T1391_2,201.6,-0.168
T15993_1,28.6,0.776
AC116_2,188.9,-0.3
T1387_2,39.9,0.061
T6313_2,354.6,0.567
T6313_1,49.4,0.449
T1373_1,208.2,-0.701
T6335_1,208.7,-0.403
T1386_1,232.6,-0.338
T6305_1,75.7,0.154
T6305_2,202.3,-0.325
T1391_1,200.2,-0.217
T15993_2,154.9,-0.631
T6340_2,339.4,0.654
T6340_1,49.3,0.348
T1392_1,128.9,-0.279
T6318_1,45.9,0.206
T6318_2,310.3,0.301
T1366_1,290.4,0.162
T6326_1,37.9,0.752
T6326_2,37.7,0.706
T1396_2,179.2,-0.261
T15998_2,41.0,0.684
T1363_1,16.1,0.757
T1334_2,354.5,0.659
T6337_1,230.7,-0.45
T1364_2,331.4,0.368
T6334_1,151.0,-0.737
AC54_3,230.4,-0.554
T6338_2,214.8,-0.678
T6338_1,169.3,-0.629
T1392_2,261.4,-0.038
T6342_1,326.5,0.306
T1390_1,16.8,0.153
T1363_2,122.2,-0.218
T6344_2,197.7,-0.642
T15219_2,14.4,0.344
T15219_1,18.9,0.713
T15996_1,37.9,0.735
T1388_2,8.0,0.333
T6341_2,38.5,0.405
T6341_1,39.3,0.472
T6332_2,15.7,0.815
T6331_1,178.4,-0.806
T1387_1,183.7,-0.172
T6333_1,160.9,-0.743
T6331_2,174.7,-0.823
T6344_1,186.6,-0.672
T6332_1,41.6,0.621
T15461_1,183.9,-0.302
T15461_2,288.8,0.161
T6339_1,95.0,-0.067
T1396_1,186.7,-0.501
T15992_1,64.2,0.368
T6333_2,171.9,-0.848
T6353_1,26.0,0.485
T6345_2,52.6,0.537
T15991_1,124.7,-0.544
T6334_2,180.5,-0.853
T1390_2,192.0,-0.44
T15681_2,249.8,-0.264
T1394_1,313.3,0.37
T15681_1,42.7,0.504
T1389_1,27.7,0.451
T1388_1,246.7,-0.21
T1401_2,333.5,0.408
T6343_2,10.6,0.512
T6343_1,15.6,0.475
T15998_1,149.7,-0.649
T1366_2,254.8,-0.188
T1402_1,63.9,0.057
T1395_1,296.1,0.303
T15991_2,142.7,-0.745
T1379_1,358.7,0.604
T1334_1,126.0,-0.407
T6337_2,227.3,-0.527
T1364_1,124.2,-0.419
T1402_2,209.0,-0.148
T16000_1,133.2,-0.564
T6350_2,200.4,-0.604
T6350_1,182.2,-0.845
T6353_2,32.6,0.529
T15996_2,132.6,-0.525
T6342_2,249.6,-0.229
T15465_1,135.1,-0.307
T15465_2,250.5,-0.197
T6346_2,278.2,0.042
T6346_1,215.3,-0.145
T1403_2,277.1,0.103
T1405_1,187.4,-0.471
T6339_2,161.5,-0.813
T6351_2,246.8,-0.305
T6357_1,51.1,0.204
T6351_1,155.2,-0.538
T6357_2,347.2,0.163
AC56_1,342.8,0.056
T6325_2,291.6,0.282
AC57_3,304.7,0.049
T6359_2,,0.0
T6355_2,207.0,-0.627
T1408_2,292.3,0.081
T1405_2,178.4,-0.474
T1404_1,3.0,0.104
T1404_2,205.2,-0.08
T15992_2,130.8,-0.568
T1395_2,250.8,-0.237
T1400_2,331.4,0.448
T1400_1,5.5,0.636
T1394_2,231.9,-0.399
T1398_2,235.6,-0.373
T6325_1,0.2,0.52
T6345_1,113.4,-0.303
T6359_1,,0.0
T1401_1,226.1,-0.183
T1389_2,201.6,-0.576
T1409_2,0.6,0.332
T6355_1,207.9,-0.698
T6349_2,317.0,0.254
T1379_2,249.6,-0.178
T6356_1,12.5,0.461
T6349_1,83.1,0.052
T17446_2,219.7,-0.167
T16000_2,129.3,-0.586
T1365_2,340.1,0.463
T14938_1,36.2,0.426
T14938_2,303.7,0.23
T6363_2,0.0,0.652
T1410_1,26.9,0.334
AC56_2,311.0,0.3
T6363_1,45.0,0.282
T17446_1,151.1,-0.193
T1408_1,187.8,-0.391
T1419_2,202.0,-0.054
T1419_1,176.1,-0.195
T6347_1,63.3,0.247
T6347_2,268.6,-0.008
AC57_4,261.5,-0.129
AC57_1,265.3,-0.027
T6356_2,280.8,0.125
T1398_1,207.7,-0.475
T6372_2,355.9,0.259
T6372_1,41.5,0.35
T1410_2,218.5,-0.26
T1403_1,231.5,-0.398
T6361_2,239.9,-0.198
T6366_1,202.0,-0.565
T1411_1,355.5,0.17
T6366_2,208.7,-0.722
T15680_1,50.9,0.388
T15680_2,241.7,-0.387
T1409_1,193.5,-0.487
T1365_1,117.0,-0.315
T6362_2,205.3,-0.629
AC56_3,222.2,-0.6
T1420_2,354.5,0.394
T1423_2,237.3,-0.081
T1423_1,62.3,0.148
T6336_1,13.8,0.832
T6361_1,168.0,-0.383
T6336_2,320.2,0.629
T6362_1,230.5,-0.105
T1444_2,259.1,-0.1
T1444_1,106.8,-0.185
AC57_2,198.2,-0.198
T6364_1,304.5,0.169
T1421_2,282.9,0.203
T1412_1,39.9,0.559
T1412_2,7.5,0.658
T6348_2,26.7,0.749
T1424_1,51.2,0.194
T6360_2,229.5,-0.472
T6360_1,225.7,-0.542
T15466_2,283.0,0.092
T1397_1,291.3,0.154
T15462_1,295.3,0.199
T6370_1,73.2,0.233
T6368_2,308.7,0.479
T6368_1,31.6,0.714
T1422_2,218.3,-0.367
T1411_2,227.8,-0.259
T6376_2,31.3,0.482
T6374_1,16.3,0.733
T6369_1,341.0,0.732
T1422_1,208.5,-0.314
T6371_1,101.2,-0.078
T15679_1,17.0,0.719
T1383_2,343.5,0.429
T1383_1,51.8,0.438
T6374_2,337.8,0.42
T1425_1,113.5,-0.159
T6348_1,40.2,0.633
T6371_2,156.4,-0.266
T1424_2,209.9,-0.421
T6370_2,290.1,0.295
T1420_1,188.2,-0.405
T1397_2,264.1,-0.054
T1436_2,206.1,-0.152
T1436_1,158.2,-0.306
T15466_1,155.0,-0.652
T1425_2,229.3,-0.282
T6369_2,291.4,0.181
T6376_1,92.2,-0.016
T1358_2,342.9,0.634
T1358_1,58.4,0.278
T6364_2,303.9,0.168
T1421_1,238.9,-0.203
T1426_2,3.6,0.275
T1416_2,350.2,0.67
T6367_1,325.5,0.656
T1416_1,31.1,0.537
T6373_1,1.4,0.859
T15462_2,212.4,-0.615
T6375_2,267.0,-0.031
T6373_2,280.5,0.145
T17125_2,295.5,0.227
T17125_1,344.5,0.755
T15460_2,271.6,0.011
T15460_1,105.9,-0.239
T15679_2,217.6,-0.53
T17121_2,292.6,0.237
T17121_1,2.5,0.73
T1406_1,21.0,0.346
T1406_2,10.1,0.386
T6358_2,335.9,0.427
T6380_1,329.0,0.559
T6378_2,307.4,0.112
T1429_1,345.2,0.152
T6378_1,88.6,0.008
T6354_1,71.9,0.079
T6380_2,293.7,0.193
T6367_2,302.9,0.347
T1428_1,181.2,-0.627
T1426_1,220.5,-0.294
T1428_2,232.8,-0.388
T6375_1,219.5,-0.441
T1435_1,143.7,-0.41
T17124_2,224.0,-0.566
T17124_1,353.4,0.594
T17127_1,319.8,0.474
T1433_1,23.2,0.812
T6328_2,79.0,0.032
T6328_1,90.9,-0.012
T1407_2,8.1,0.22
T1431_1,23.7,0.178
T1431_2,205.1,-0.272
T6381_1,94.7,-0.021
T6381_2,219.4,-0.249
T6384_2,212.2,-0.52
T1407_1,88.5,0.004
T1437_1,184.4,-0.555
T1437_2,212.1,-0.559
T1445_2,254.7,-0.138
T1438_2,236.8,-0.385
T1429_2,206.2,-0.153
T1438_1,142.8,-0.699
T1445_1,155.9,-0.393
T1414_1,1.1,0.62
T6365_2,19.0,0.762
T6358_1,46.0,0.199
T1440_2,288.8,0.222
T6354_2,317.3,0.018
T1433_2,263.4,-0.056
T6384_1,206.1,-0.625
T1432_2,173.5,-0.659
T1432_1,176.9,-0.594
T1414_2,242.0,-0.234
T6352_2,323.8,0.245
T6352_1,21.0,0.661
T6379_1,273.5,0.029
T1441_1,168.5,-0.726
T1435_2,194.5,-0.599
T6365_1,88.5,0.017
T1441_2,196.8,-0.619
T17127_2,200.0,-0.42
L60_67,328.0,0.367
T6385_2,194.6,-0.737
T6385_1,165.6,-0.743
T1430_1,27.0,0.378
T6389_2,190.5,-0.659
T1430_2,209.0,-0.576
T15520_1,34.8,0.524
T6399_2,200.7,-0.119
T1440_1,234.9,-0.28
T6386_1,260.6,-0.132
T6383_1,224.3,-0.232
T1439_2,266.1,-0.053
T1442_2,239.0,-0.214
T6379_2,252.9,-0.18
T6392_1,218.7,-0.458
T6389_1,199.7,-0.819
T6390_2,349.1,0.588
T6390_1,62.1,0.326
T15682_1,43.8,0.56
T1443_2,242.6,-0.152
T6393_1,253.7,-0.241
T15470_1,84.4,0.078
T15470_2,238.9,-0.201
T6392_2,203.6,-0.695
T6394_1,287.4,0.231
T1442_1,223.4,-0.373
T6399_1,170.2,-0.716
T15682_2,261.8,-0.095
T6396_2,338.5,0.135
T15520_2,308.5,0.366
T6386_2,258.0,-0.186
T1443_1,165.1,-0.167
T6383_2,214.6,-0.673
T1427_1,55.6,0.406
T1427_2,303.9,0.438
T6396_1,51.8,0.153
T1446_1,347.3,0.421
L60_34,354.3,0.738
T6405_1,322.3,0.605
T1439_1,213.7,-0.721
T1446_2,254.8,-0.088
T6405_2,310.7,0.365
T6397_1,99.6,-0.078
T6397_2,214.3,-0.267
T6393_2,225.7,-0.547
L60_68,282.3,0.07
T6394_2,261.5,-0.096
T1447_1,331.6,0.313
T6387_1,30.3,0.474
T6388_2,4.4,0.448
T6388_1,23.7,0.525
T14940_2,26.8,0.184
T14940_1,100.3,-0.082
T6377_1,40.5,0.377
T6377_2,6.7,0.191
T1450_2,214.0,-0.544
L60_65,35.9,0.179
T6395_1,46.5,0.603
T6395_2,9.2,0.834
T17122_1,159.9,-0.638
T17122_2,302.0,0.383
T1368_1,348.0,0.495
T6400_2,239.7,-0.348
T6400_1,244.0,-0.305
T1415_2,346.5,0.71
L60_33,52.7,0.405
T6408_2,235.5,-0.357
T6404_2,193.4,-0.77
T15677_2,325.6,0.574
T6398_2,199.5,-0.538
T6404_1,191.8,-0.648
T17126_2,358.2,0.717
L60_62,355.0,0.631
T1450_1,231.0,-0.402
T6398_1,173.7,-0.557
T15469_2,250.7,-0.238
T6387_2,317.1,0.152
T15677_1,68.3,0.225
T6403_2,29.1,0.55
T1452_2,298.9,0.399
L60_38,304.9,0.264
T1452_1,264.6,-0.071
T6408_1,193.8,-0.637
T1447_2,246.5,-0.1
T1368_2,270.6,0.007
AC58_2,37.0,0.516
T1449_2,194.1,-0.619
T1415_1,106.8,-0.251
T1449_1,163.4,-0.588
T17126_1,201.7,-0.658
AC58_4,315.8,0.45
T15469_1,253.1,-0.096
T1451_1,124.7,-0.221
AC58_1,199.6,-0.785
T1451_2,217.7,-0.362
AC58_3,267.7,-0.003
T6403_1,109.8,-0.251
T6402_1,18.0,0.539
T6412_2,212.2,-0.539
T1453_1,1.5,0.603
T6407_1,283.5,0.011
T6382_2,31.5,0.047
T6382_1,38.4,0.054
T6412_1,191.1,-0.659
T6402_2,252.1,-0.173
T1453_2,249.2,-0.215
T6418_1,74.7,0.225
T6411_2,259.8,-0.136
T6414_2,210.8,-0.665
L60_70,284.7,0.063
T6411_1,148.4,-0.279
T6414_1,181.8,-0.751
T17123_1,29.5,0.418
T1448_2,3.5,0.478
T6407_2,232.6,-0.36
T6409_1,173.8,-0.575
T6409_2,194.8,-0.571
T1455_2,246.5,-0.218
T6401_1,33.1,0.504
T6401_2,305.0,0.437
T6418_3,9.1,0.823
T6410_2,247.7,-0.278
L60_69,243.4,-0.22
T1448_1,77.7,0.136
T6413_2,3.0,0.559
T17449_1,91.6,-0.01
T6410_1,143.6,-0.479
T6406_2,355.7,0.342
AC59_3,15.1,0.476
T17123_2,246.0,-0.248
T1459_1,47.3,0.392
T6418_2,42.8,0.535
L60_32,101.7,-0.145
T1455_1,249.7,-0.129
T6406_1,28.6,0.348
AC59_1,279.6,0.107
T1461_1,146.5,-0.738
T1461_2,164.6,-0.543
T6413_1,8.6,0.57
T17449_2,215.7,-0.232
T6419_2,246.7,-0.203
T1459_2,179.2,-0.537
AC59_2,236.0,-0.078
T6422_1,109.8,-0.273
T6419_1,228.0,-0.453
T6421_2,200.1,-0.65
L60_57,54.7,0.463
T1434_2,326.3,0.402
T1434_1,78.1,0.144
T1460_1,138.5,-0.557
T6421_1,200.8,-0.554
T6415_1,340.3,0.045
T6415_2,236.7,-0.286
T6422_2,119.5,-0.387
T1463_2,320.9,0.144
T1460_2,126.6,-0.394
T1462_2,255.9,-0.204
T6420_2,323.8,0.58
T6420_1,60.4,0.203
T6425_1,102.7,-0.123
T1413_1,4.4,0.611
T6425_2,145.1,-0.626
L60_35,139.1,-0.476
T1462_1,200.0,-0.742
T1463_1,194.0,-0.106
T6416_1,336.8,0.755
T6416_2,351.0,0.711
T1417_2,347.8,0.661
T1413_2,119.2,-0.317
T17452_1,76.0,0.086
T1457_2,331.3,0.486
T6426_1,11.9,0.67
T1457_1,23.1,0.627
T6426_2,319.0,0.373
T17152_1,42.5,0.484
T1417_1,74.9,0.063
T17152_2,260.7,-0.101
T1458_2,328.6,0.681
T1458_1,28.7,0.551
T17061_1,74.1,0.13
T17452_2,205.6,-0.354
T6432_2,220.1,-0.244
T17061_2,270.2,0.0
T6429_2,264.5,-0.051
T17146_1,42.1,0.499
T6430_2,30.2,0.574
T6432_1,126.9,-0.415
T6429_1,189.9,-0.555
T1418_2,4.5,0.451
T17132_2,315.6,0.483
T1467_2,294.0,0.278
T6431_2,249.7,-0.254
L60_64,216.3,-0.538
T17146_2,285.0,0.114
T6430_1,81.3,0.089
T6431_1,256.2,-0.168
T1456_1,37.6,0.503
T1456_2,309.6,0.41
T17132_1,155.2,-0.606
L60_53,16.1,0.77
T1418_1,107.9,-0.074
T1468_1,87.0,0.036
T1469_2,226.2,-0.495
T17135_2,301.9,0.395
T6391_1,42.7,0.439
T1469_1,174.8,-0.7
T6428_1,16.6,0.523
T1464_1,9.7,0.481
T6428_2,350.1,0.629
T17455_2,346.6,0.677
L60_66,224.2,-0.539
T6391_2,316.6,0.373
T1465_2,48.4,0.305
T17455_1,154.0,-0.473
L60_55,36.4,0.418
T6417_2,338.8,0.433
T17135_1,161.8,-0.395
T17454_2,30.7,0.586
T1466_1,134.1,-0.42
T1467_1,224.9,-0.462
T6417_1,43.5,0.477
T17136_2,308.1,0.55
T1454_1,350.7,0.486
T1468_2,163.6,-0.678
T1464_2,157.5,-0.357
T17136_1,176.7,-0.383
T6435_1,118.9,-0.403
T1470_1,340.0,0.651
T1470_2,311.1,0.449
L60_45,310.6,0.415
T1454_2,308.1,0.234
T1472_2,39.7,0.609
T1472_1,12.5,0.586
L60_50,45.1,0.59
T1466_2,166.3,-0.782
T6435_2,156.7,-0.76
T1465_1,151.4,-0.483
T6424_2,325.4,0.055
T6423_1,34.0,0.157
T17131_2,295.8,0.201
T17454_1,158.1,-0.392
T14828_2,243.9,-0.18
T17129_2,331.9,0.741
T6437_2,266.4,-0.022
T17129_1,163.7,-0.535
T6423_2,286.3,0.036
L60_48,354.6,0.646
T1473_1,131.8,-0.575
T14828_1,143.9,-0.308
T1471_2,263.1,-0.065
T6437_1,176.5,-0.634
T17131_1,158.4,-0.512
T6424_1,55.4,0.052
T1471_1,238.5,-0.319
T1473_2,154.9,-0.504
AC60_3,288.8,0.019
AC60_2,332.5,0.209
T6442_2,242.3,-0.304
T6440_1,146.9,-0.683
T14827_2,256.4,-0.165
T1474_2,248.5,-0.305
T6440_2,156.0,-0.687
T14827_1,127.7,-0.346
T1474_1,248.8,-0.342
T6434_2,285.9,0.052
T17056_2,268.5,-0.006
T6442_1,206.9,-0.619
T14698_1,12.3,0.641
T17056_1,48.4,0.091
T6439_2,192.8,-0.49
T6439_1,171.3,-0.578
AC60_1,19.4,0.107
T6434_1,312.3,0.139
T14698_2,254.9,-0.177
T6441_1,244.1,-0.27
T6444_2,152.1,-0.625
T6444_1,146.5,-0.705
T1476_1,332.2,0.697
T14696_2,299.1,0.419
T14696_1,51.7,0.457
T6445_2,19.1,0.114
T17134_2,312.0,0.473
T6433_1,58.5,0.371
T1476_2,246.8,-0.335
T6447_1,120.6,-0.316
T1475_1,275.1,0.049
T1478_2,291.3,0.277
L16_3,35.3,0.011
T17134_1,143.3,-0.627
L16_2,96.6,-0.003
T6441_2,235.7,-0.404
T1475_2,254.6,-0.219
T6433_2,313.3,0.304
T1478_1,244.3,-0.316
L60_63,237.7,-0.324
T17133_2,332.6,0.585
T6446_2,269.1,-0.012
T6445_1,136.4,-0.362
T6447_2,242.4,-0.257
L16_1,132.3,-0.255
T6443_2,338.1,0.692
T6443_1,19.2,0.73
T1479_1,143.7,-0.725
T6451_2,283.4,0.125
T6451_1,198.4,-0.295
T6446_1,239.6,-0.43
T17133_1,176.5,-0.585
T1479_2,156.3,-0.699
L60_61,209.2,-0.62
T1480_2,258.4,-0.105
T1480_1,326.5,0.421
T1484_2,14.1,0.759
T1484_1,23.5,0.757
T6455_1,324.9,0.371
T17137_2,341.1,0.727
T1487_1,320.8,0.396
T17130_1,334.6,0.606
T6454_1,128.6,-0.422
T6454_2,190.9,-0.752
T6449_2,316.9,0.066
T17059_1,50.4,0.086
T17147_1,43.9,0.502
T17147_2,253.1,-0.167
T17059_2,292.9,0.069
T14697_1,20.8,0.688
L60_60,227.3,-0.405
T17137_1,199.9,-0.466
T1491_2,207.4,-0.653
T1477_2,343.3,0.333
T6455_2,252.1,-0.218
T17128_2,324.6,0.616
T6453_1,358.5,0.898
T6453_2,313.2,0.564
T6452_1,299.7,0.233
T14697_2,259.5,-0.131
T6449_1,98.2,-0.063
T6452_2,287.4,0.142
T1487_2,214.5,-0.373
L60_59,220.5,-0.472
T17142_1,356.4,0.827
T6436_1,8.9,0.107
T6436_2,272.0,0.02
T1491_1,240.3,-0.376
T6438_2,310.4,0.143
T6438_1,83.7,0.013
T6458_1,195.5,-0.573
T1509_1,271.0,0.005
T17130_2,206.6,-0.691
T6448_2,302.2,0.274
T1488_1,356.8,0.642
T6448_1,41.7,0.497
T6458_2,244.0,-0.316
T17128_1,171.5,-0.761
T6457_2,223.1,-0.497
T17451_2,222.3,-0.6
T1477_1,246.0,-0.245
T1509_2,270.0,0.0
T17451_1,117.0,-0.323
L60_58,191.7,-0.522
T1488_2,282.0,0.122
T17151_1,30.3,0.584
T6457_1,222.6,-0.53
T1490_1,174.0,-0.666
T17151_2,252.2,-0.183
T1485_2,282.5,0.085
T1485_1,336.8,0.589
T1490_2,174.6,-0.538
T17142_2,199.8,-0.602
T1493_2,253.4,-0.178
T1489_2,273.6,0.027
T1489_1,38.8,0.342
T17141_2,353.7,0.784
T6456_1,316.3,0.466
T1486_2,292.3,0.23
T6463_2,233.3,-0.457
T6463_1,204.0,-0.709
T1492_1,39.2,0.466
T1492_2,322.7,0.564
T6465_1,326.4,0.667
T6465_2,326.0,0.655
T17144_1,4.9,0.715
T6461_1,89.3,0.009
T6461_2,21.2,0.819
T1493_1,179.2,-0.686
T14826_2,290.2,0.184
T14826_1,355.0,0.637
T6464_2,47.0,0.575
T1495_1,91.9,-0.025
T17139_1,3.1,0.778
T17058_1,66.0,0.183
T6459_1,1.4,0.816
T1496_2,31.5,0.72
T6459_2,2.8,0.861
T17058_2,264.6,-0.015
T1486_1,277.1,0.068
T6460_2,191.8,-0.743
T17144_2,217.7,-0.502
T6460_1,168.3,-0.728
T14707_2,24.9,0.563
T6456_2,236.3,-0.422
T1504_1,336.7,0.313
T14712_2,32.2,0.57
T17139_2,214.2,-0.418
T17141_1,184.7,-0.757
T6427_2,302.1,0.098
T1504_2,241.1,-0.371
T14834_1,356.3,0.651
T6462_2,330.6,0.49
T6450_1,38.7,0.651
T14709_1,40.1,0.371
T6450_2,275.4,0.051
T6462_1,39.3,0.499
T1494_2,280.4,0.093
T1494_1,41.3,0.379
T6468_2,290.0,0.233
T6468_1,7.2,0.605
T1507_2,306.1,0.343
T1496_1,98.3,-0.121
T1495_2,97.8,-0.105
T14709_2,115.2,-0.183
T6466_2,277.1,0.078
T17138_1,349.1,0.779
T17140_2,321.2,0.528
T17149_2,318.3,0.603
T14712_1,129.0,-0.451
T15226_1,7.0,0.677
T1497_2,32.4,0.648
T1506_2,218.6,-0.621
T6464_1,79.6,0.125
T1497_1,93.0,-0.042
T1506_1,187.0,-0.749
T1500_1,51.2,0.376
T6469_1,71.5,0.184
T6469_2,4.5,0.745
T14834_2,265.0,-0.047
L60_40,101.4,-0.146
T17149_1,196.0,-0.568
T6470_2,270.8,0.008
T6467_1,40.2,0.366
T6467_2,291.6,0.31
T14708_2,21.7,0.466
T14711_2,356.3,0.579
T1505_2,290.1,0.195
T1503_2,13.2,0.62
T15226_2,292.7,0.098
T14707_1,145.5,-0.519
T14711_1,123.7,-0.438
T1498_2,71.5,0.239
T6427_1,318.9,0.07
T17140_1,170.3,-0.79
T1501_1,68.6,0.236
T1507_1,221.9,-0.224
T1499_1,100.3,-0.116
T1499_2,61.9,0.282
T1502_2,58.0,0.347
T6470_1,190.3,-0.688
T6472_1,37.7,0.632
T14708_1,135.8,-0.471
T17450_2,219.2,-0.662
T17450_1,122.9,-0.435
T1502_1,139.5,-0.533
T1516_2,247.9,-0.221
T17138_2,211.1,-0.605
T6471_1,357.8,0.826
T6471_2,336.3,0.649
T6466_1,234.3,-0.4
T17148_2,6.1,0.781
T6473_1,294.5,0.279
T1498_1,103.1,-0.18
T1500_2,194.2,-0.611
T17150_2,323.2,0.632
T1516_1,97.6,-0.097
T1510_1,145.9,-0.688
T6474_1,127.5,-0.309
T1510_2,163.0,-0.667
T14835_2,277.8,0.061
T14835_1,4.1,0.59
T6475_1,106.4,-0.163
T1501_2,159.4,-0.688
T6472_2,141.7,-0.578
T1505_1,247.4,-0.197
T1503_1,159.2,-0.701
T6482_2,297.8,0.181
T6477_2,245.1,-0.257
T6473_2,269.0,-0.012
T1512_1,89.1,0.012
T17145_1,339.9,0.616
T17143_1,327.0,0.644
T6476_1,95.6,-0.071
T17148_1,221.3,-0.554
T6474_2,166.2,-0.838
T1511_2,193.0,-0.762
T1508_2,269.0,-0.005
T1508_1,78.2,0.052
AC61_3,50.9,0.043
T14833_1,1.0,0.476
T17150_1,181.3,-0.78
T6475_2,166.5,-0.834
T6477_1,216.3,-0.54
T14833_2,239.2,-0.304
L17_1,236.8,-0.183
T6482_1,207.1,-0.343
T1512_2,112.2,-0.273
T17143_2,187.1,-0.647
T6481_2,212.3,-0.679
T6479_2,238.2,-0.399
T1511_1,176.8,-0.768
T6483_1,86.8,0.042
T17145_2,209.3,-0.695
T1513_2,211.0,-0.593
T6476_2,154.3,-0.773
T6483_2,151.5,-0.572
T1513_1,154.0,-0.588
T6478_2,275.2,0.073
L17_2,241.4,-0.232
T6478_1,162.0,-0.655
AC61_4,246.6,-0.217
T6479_1,235.6,-0.434
T6481_1,177.6,-0.715
T6480_2,241.5,-0.321
T1515_1,122.8,-0.297
T6485_2,315.2,0.078
T6480_1,234.7,-0.369
T1515_2,264.3,-0.048
T6485_1,347.4,0.11
T6484_1,171.8,-0.698
T6484_2,203.4,-0.614
T15521_2,294.0,0.277
T14832_2,250.6,-0.133
T14832_1,30.7,0.719
T6487_2,220.1,-0.637
T6487_1,159.6,-0.509
AC61_1,355.0,0.061
T6489_2,71.5,0.192
T15225_2,314.8,0.122
T15225_1,22.4,0.481
T6489_1,90.7,-0.008
T14831_1,22.6,0.795
T14831_2,252.3,-0.172
T6488_1,119.7,-0.442
T6496_2,97.1,-0.072
T6488_2,185.3,-0.862
T16773_2,277.4,0.091
AC61_2,6.7,0.152
T6490_1,320.4,0.154
T6486_2,243.9,-0.363
T6486_1,250.8,-0.07
T15521_1,198.8,-0.615
T1520_2,163.2,-0.571
T1520_1,102.8,-0.169
T6493_2,244.3,-0.119
T6493_1,288.0,0.034
T17060_1,326.8,0.155
T6492_2,113.8,-0.285
T6492_1,82.7,0.075
T1519_2,246.3,-0.249
T1519_1,212.6,-0.49
T14837_2,232.4,-0.278
T14837_1,18.3,0.748
T6496_1,162.8,-0.398
T16773_1,145.1,-0.565
T6491_2,331.2,0.18
T6491_1,95.0,-0.067
T6497_1,70.6,0.255
T6497_2,161.0,-0.377
T1521_2,252.5,-0.246
T15229_1,186.3,-0.518
T15229_2,327.3,0.541
T6499_2,13.8,0.736
T14829_1,0.3,0.782
T6490_2,217.3,-0.496
T14836_1,350.7,0.823
T6499_1,143.1,-0.654
T14830_2,298.1,0.313
T1521_1,251.9,-0.26
T17060_2,304.9,0.082
T1522_1,346.5,0.436
T1522_2,264.9,-0.068
L60_56,228.3,-0.546
T6494_2,261.9,-0.089
T1514_2,18.1,0.463
T1514_1,34.4,0.328
T15224_1,36.5,0.299
T17057_1,359.4,0.04
T6502_2,252.3,-0.266
T6494_1,215.7,-0.505
T14829_2,199.1,-0.563
T6505_1,79.9,0.127
T6500_1,24.2,0.666
T14836_2,199.2,-0.562
T14830_1,136.7,-0.484
T1524_2,246.2,-0.355
T6502_1,243.9,-0.289
T1526_1,64.1,0.258
T17453_1,127.2,-0.436
T17453_2,264.0,-0.051
T15224_2,207.7,-0.532
T1524_1,260.3,-0.139
T17057_2,327.6,0.074
T1525_1,136.3,-0.447
T1530_2,236.3,-0.231
T6505_2,126.3,-0.389
T6500_2,112.8,-0.26
T1530_1,169.8,-0.739
T1526_2,65.6,0.147
T6503_1,166.7,-0.722
T1533_2,204.1,-0.531
T1525_2,144.3,-0.587
L60_44,80.7,0.053
T1529_2,73.1,0.215
T6503_2,170.6,-0.76
T6501_1,170.2,-0.77
T6501_2,184.7,-0.605
T1533_1,169.3,-0.56
T6504_2,238.4,-0.289
T6504_1,169.0,-0.586
T6507_1,102.1,-0.144
T6511_2,21.1,0.779
T1481_1,43.7,0.499
T6511_1,42.5,0.559
T1529_1,119.6,-0.374
T6507_2,134.8,-0.383
L18_2,242.8,-0.026
T1523_2,238.1,-0.167
T1537_1,126.2,-0.299
T6512_2,329.9,0.164
T1528_2,250.6,-0.21
T1537_2,217.4,-0.544
L19_1,104.7,-0.046
T6515_2,355.2,0.344
L19_2,112.0,-0.024
T6512_1,166.1,-0.336
L20_2,328.0,0.034
T16772_2,268.5,-0.019
T6514_2,244.0,-0.1
T6514_1,22.7,0.294
T1481_2,325.8,0.451
AC62_1,325.9,0.039
L18_1,79.2,0.057
T1531_2,260.2,-0.138
T1531_1,152.6,-0.603
L19_3,240.7,-0.128
L20_1,174.1,-0.334
T1523_1,0.5,0.226
T1528_1,203.6,-0.581
T6506_2,191.1,-0.638
T6506_1,141.0,-0.62
L21_1,87.7,0.018
T16772_1,157.8,-0.758
L22_1,332.8,0.083
T1532_1,177.1,-0.657
T6515_1,106.6,-0.097
T1542_1,169.8,-0.586
T6513_1,78.0,0.148
L21_2,277.2,0.006
L22_2,278.0,0.007
T1542_2,215.2,-0.576
T1532_2,200.0,-0.638
T1536_2,30.0,0.157
T1527_1,63.7,0.21
L20_3,252.9,-0.099
T1527_2,284.9,0.021
T1536_1,100.7,-0.044
T16771_2,263.2,-0.11
T16771_1,123.8,-0.487
L21_3,257.9,-0.077
T15223_1,91.3,-0.015
T6519_1,70.7,0.218
T6509_1,47.4,0.126
T6523_2,80.3,0.071
T6519_2,299.7,0.245
T6509_2,287.5,0.053
L23_2,164.5,-0.006
L22_3,230.4,-0.456
T6523_1,82.5,0.052
T6508_2,308.3,0.077
T6508_1,16.5,0.122
AC62_4,242.9,-0.326
T6510_2,295.2,0.064
T15223_2,225.1,-0.457
T6516_2,235.9,-0.381
T1535_1,20.2,0.315
T6516_1,235.9,-0.368
T6513_2,139.2,-0.533
T6521_2,263.3,-0.102
L23_1,349.7,0.115
T1535_2,275.8,0.046
T1482_1,24.7,0.609
T1482_2,222.5,-0.512
T6517_2,219.0,-0.58
T16835_2,326.5,0.29
T15222_1,21.8,0.726
T1544_2,28.1,0.649
T1546_1,53.0,0.536
T1546_2,314.6,0.441
L24_2,166.2,-0.295
T1534_1,29.3,0.44
T6517_1,169.8,-0.809
T6521_1,221.4,-0.665
L24_1,266.6,-0.007
T15222_2,194.2,-0.601
T6522_1,16.7,0.314
T6526_2,326.2,0.17
T6526_1,236.9,-0.108
T1483_2,302.9,0.262
T6520_2,278.0,0.089
T1540_2,313.4,0.382
T6510_1,234.7,-0.094
AC62_3,325.1,0.186
T1538_1,69.6,0.085
T1538_2,282.7,0.03
T1540_1,72.4,0.238
T1544_1,78.5,0.114
T15228_1,51.9,0.381
AC62_2,275.9,0.068
T15230_2,351.2,0.308
T1534_2,227.4,-0.404
T6520_1,253.1,-0.248
T6522_2,285.5,0.023
T16835_1,204.4,-0.565
T1483_1,61.6,0.272
T15227_1,56.2,0.287
T15227_2,200.1,-0.463
T15228_2,207.9,-0.465
T1548_2,65.4,0.277
T6524_1,46.6,0.095
T1543_2,282.4,0.035
T1549_1,59.9,0.373
T6524_2,277.7,0.047
T1549_2,222.3,-0.373
T1543_1,50.7,0.057
T15230_1,206.4,-0.485
T1550_2,19.9,0.329
T6534_2,236.8,-0.403
T6528_1,346.8,0.145
T1550_1,93.1,-0.013
T6534_1,219.8,-0.498
T16770_2,231.9,-0.476
T16770_1,94.4,-0.065
T15240_1,33.1,0.515
T1541_2,263.4,-0.089
T1541_1,58.9,0.349
T1554_2,280.3,0.128
T1548_1,108.8,-0.187
T6518_2,340.5,0.61
L60_43,92.6,-0.033
T6537_2,344.6,0.806
T6518_1,12.7,0.365
T6528_2,249.4,-0.023
T15240_2,176.0,-0.361
T6530_2,7.0,0.276
T16834_2,266.9,-0.024
T6536_2,238.2,-0.405
T6541_1,196.2,-0.452
L25_2,275.6,0.021
T6536_1,192.9,-0.49
T6530_1,76.0,0.146
T6533_2,259.6,-0.013
T6533_1,13.6,0.158
T1588_1,153.2,-0.355
T1588_2,226.4,-0.45
T6540_2,312.8,0.082
T6541_2,210.1,-0.397
T1554_1,254.5,-0.196
T1545_1,31.1,0.483
T1517_1,45.4,0.075
T1517_2,290.4,0.04
T6531_1,11.9,0.09
T1555_1,321.9,0.421
T6537_1,110.8,-0.248
T16834_1,151.1,-0.247
T6535_2,252.0,-0.234
T1555_2,255.2,-0.159
T1558_2,356.9,0.767
L60_42,63.6,0.413
T6543_1,316.7,0.58
T6535_1,216.5,-0.623
T16836_2,271.5,0.009
T1558_1,90.7,-0.008
L25_1,29.4,0.348
T1545_2,214.1,-0.525
T6531_2,291.4,0.025
T6543_2,296.0,0.334
T6525_1,59.8,0.362
T6525_2,8.9,0.289
T6540_1,272.5,0.009
T1539_2,335.0,0.456
T6538_1,9.3,0.127
T6544_2,24.7,0.539
L26_3,358.5,0.702
T6545_1,60.6,0.373
T6538_2,268.8,-0.003
T6529_1,328.4,0.03
T6529_2,272.1,0.027
L26_2,140.5,-0.274
T15239_2,225.3,-0.272
T15221_1,22.8,0.7
T1547_2,351.0,0.585
T1547_1,40.8,0.473
T1518_2,299.0,0.039
T1518_1,316.1,0.027
T15239_1,86.3,0.022
AC63_1,8.2,0.259
T1562_2,296.5,0.355
T1562_1,317.8,0.469
T16836_1,193.7,-0.379
AC63_2,1.1,0.071
T6545_2,75.4,0.181
T6550_2,235.4,-0.298
T6546_1,293.4,0.265
T1539_1,31.8,0.504
T16837_2,306.8,0.441
T6544_1,131.0,-0.394
T16837_1,209.5,-0.333
L26_1,208.6,-0.475
T15221_2,223.5,-0.397
T6539_1,54.4,0.062
AC63_4,328.7,0.27
T6547_1,73.2,0.216
T6550_1,229.4,-0.319
T17447_1,83.8,0.082
T17447_2,243.1,-0.386
T6547_2,38.1,0.512
T6549_1,302.5,0.432
T6546_2,265.9,-0.047
T6542_1,76.6,0.178
T6542_2,6.1,0.098
T1559_1,48.7,0.135
T1566_2,24.1,0.301
T1565_2,22.9,0.55
T1559_2,270.4,0.001
T6539_2,291.9,0.072
T6548_1,304.8,0.307
T1571_2,250.1,-0.147
T1570_2,262.4,-0.076
T1570_1,58.6,0.476
T1566_1,125.9,-0.048
T6552_2,8.8,0.298
T6554_1,118.0,-0.216
T6554_2,187.0,-0.422
T15233_1,262.7,-0.031
T1565_1,59.2,0.347
T6549_2,247.2,-0.249
T6548_2,238.8,-0.33
T1572_2,249.2,-0.212
T1568_1,95.3,-0.069
T1568_2,252.4,-0.207
T15236_1,98.7,-0.069
T1571_1,134.1,-0.182
AC63_3,260.9,-0.048
T17456_2,217.8,-0.585
T17456_1,171.0,-0.459
T6556_1,177.5,-0.425
T15236_2,224.9,-0.213
L27_2,157.8,-0.006
T6552_1,140.8,-0.432
T1556_1,344.2,0.381
T6556_2,239.5,-0.324
L27_3,272.8,0.046
T1556_2,308.9,0.424
L60_36,65.0,0.301
L28_1,171.9,-0.229
T15233_2,284.4,0.046
L28_2,259.9,-0.007
L27_1,82.1,0.108
T15234_2,314.6,0.256
T1572_1,193.0,-0.533
AC64_1,349.4,0.086
T1574_2,267.2,-0.041
T1574_1,94.3,-0.025
T15237_2,217.0,-0.338
T1573_1,64.3,0.359
T6559_2,263.0,-0.08
T15237_1,109.9,-0.222
T15231_2,325.4,0.579
T17460_1,85.6,0.054
T17460_2,274.1,0.062
T15232_1,336.5,0.457
T1575_2,303.1,0.359
T1575_1,334.7,0.47
T1551_2,278.1,0.016
T1551_1,35.8,0.095
T6553_1,68.4,0.226
T6553_2,295.1,0.061
T6557_1,51.3,0.409
T1584_2,25.4,0.295
T1567_1,35.4,0.221
T6557_2,47.6,0.425
T1583_2,3.7,0.341
T6559_1,219.3,-0.503
L28_3,249.3,-0.23
T6532_1,348.1,0.074
T6551_2,252.1,-0.22
L60_39,137.3,-0.625
T6551_1,226.1,-0.275
T1563_2,339.4,0.128
T1584_1,158.5,-0.301
L31_6,257.7,-0.107
T15232_2,281.1,0.077
T1563_1,234.7,-0.079
T15234_1,211.5,-0.178
T1573_2,127.8,-0.454
T15231_1,192.8,-0.458
T15235_1,5.8,0.741
AC64_3,281.3,0.014
AC64_2,3.5,0.446
T1567_2,258.4,-0.053
L29_2,353.3,0.109
T6560_1,133.5,-0.238
T6561_2,165.3,-0.501
T6561_1,132.0,-0.506
T1583_1,28.0,0.122
T1587_2,236.8,-0.28
T6560_2,226.9,-0.338
T6532_2,280.2,0.012
T1587_1,188.6,-0.475
T6555_2,307.6,0.053
T6555_1,5.3,0.082
T15770_2,293.8,0.074
T6562_2,31.7,0.165
T15235_2,210.1,-0.491
L29_1,352.3,0.269
T1586_2,273.2,0.03
T6558_2,275.6,0.012
T6558_1,326.2,0.064
T6566_2,121.5,-0.45
T6565_1,319.4,0.087
T6564_2,352.1,0.132
T1581_1,,0.0
T6567_1,4.7,0.782
L31_3,20.4,0.52
T1582_1,63.4,0.368
T6562_1,219.8,-0.085
T1569_1,21.1,0.396
T6566_1,117.4,-0.358
T6563_2,281.9,0.164
T1586_1,198.1,-0.769
T1581_2,,0.0
T6563_1,111.7,-0.266
T1589_2,256.8,-0.12
T6568_1,86.6,0.038
L30_1,72.9,0.233
T6564_1,236.1,-0.05
T1582_2,114.7,-0.24
T6567_2,220.7,-0.567
L30_2,289.7,0.056
T6565_2,269.1,-0.001
T15770_1,208.5,-0.197
T1585_1,324.6,0.437
L60_54,258.6,-0.157
T1569_2,89.6,0.003
T6568_2,39.9,0.533
T6574_2,321.5,0.204
T1585_2,240.2,-0.38
T1589_1,206.4,-0.159
T1557_2,337.3,0.698
T14710_1,68.3,0.289
T1578_1,86.1,0.039
T1578_2,308.7,0.109
T1557_1,116.6,-0.333
T6574_1,121.7,-0.25
T1579_2,357.4,0.377
T1564_1,34.4,0.076
T6569_1,29.9,0.585
T6569_2,20.2,0.591
T1564_2,304.6,0.076
T1580_1,341.1,0.047
T1580_2,216.7,-0.101
L30_3,252.8,-0.185
T1579_1,117.7,-0.179
T6577_2,24.1,0.577
L31_1,101.1,-0.13
L34_1,11.5,0.773
T1591_2,56.4,0.425
T14710_2,269.5,-0.006
AC65_3,310.0,0.032
T6579_1,33.9,0.439
T6572_1,46.9,0.386
T6572_2,320.8,0.708
T6584_2,248.2,-0.241
T15657_2,349.7,0.641
T16780_2,303.2,0.38
L31_4,279.0,0.016
T6571_1,60.1,0.385
T6577_1,83.4,0.09
T1591_1,75.0,0.187
T16769_2,325.6,0.554
T6570_2,299.4,0.386
T6570_1,324.3,0.631
T15238_2,233.2,-0.317
T15238_1,141.6,-0.296
T6571_2,212.0,-0.657
L31_5,234.0,-0.315
T6581_2,198.3,-0.42
L31_2,175.2,-0.637
T6573_2,300.7,0.339
T16776_1,339.9,0.627
T6573_1,7.5,0.729
T6581_1,115.8,-0.209
T16780_1,249.2,-0.264
T6579_2,56.0,0.105
AC65_1,333.1,0.05
T6578_2,317.3,0.05
T6578_1,80.9,0.024
T15657_1,75.2,0.183
T6584_1,212.8,-0.436
T15813_1,114.0,-0.322
T6588_2,340.0,0.065
T16769_1,256.0,-0.174
T15813_2,114.9,-0.352
T6583_1,246.7,-0.173
T6590_1,220.6,-0.525
T6576_1,84.6,0.01
T6587_1,342.8,0.111
AC65_2,307.9,0.203
T15769_1,92.3,-0.015
T15769_2,93.2,-0.005
T6590_2,246.2,-0.209
T16776_2,258.2,-0.134
T6592_1,106.5,-0.207
T16806_2,250.9,-0.13
T16806_1,165.1,-0.467
T6588_1,259.0,-0.013
T6576_2,296.6,0.087
AC65_4,290.0,0.02
T6587_2,96.2,-0.009
T16838_2,268.8,-0.015
T6585_1,65.2,0.227
T6585_2,312.9,0.575
T16838_1,111.7,-0.272
T6594_1,23.0,0.586
T6591_1,330.4,0.683
T6583_2,235.6,-0.312
T6594_2,37.1,0.472
T16940_1,98.6,-0.121
T1593_1,275.3,0.073
T1593_2,275.7,0.087
T6601_2,259.2,-0.112
T6591_2,298.2,0.395
T6602_1,294.5,0.304
T6592_2,131.0,-0.535
T16940_2,116.2,-0.412
T6607_2,295.2,0.336
T6580_1,6.7,0.576
T15663_2,352.0,0.648
L32_2,256.9,-0.037
T6580_2,329.5,0.609
T1594_2,37.4,0.421
T6606_1,345.3,0.491
T15788_2,44.5,0.036
T1592_1,316.7,0.138
T6606_2,288.9,0.068
L33_1,35.9,0.027
T6607_1,169.5,-0.709
T1594_1,29.8,0.3
T6601_1,195.8,-0.567
T1592_2,311.9,0.202
T6599_1,322.2,0.068
T6600_1,300.7,0.386
T6603_1,21.6,0.437
T1553_2,282.7,0.035
T1553_1,331.1,0.057
T6602_2,282.5,0.144
T6605_1,70.8,0.152
T6604_1,281.2,0.016
T15663_1,102.3,-0.173
L32_3,241.2,-0.209
T16833_2,262.1,-0.122
L32_1,125.4,-0.242
T16833_1,114.3,-0.293
AC67_3,323.4,0.065
T6595_1,11.0,0.143
T15788_1,131.0,-0.269
T1590_1,68.2,0.073
T1590_2,290.3,0.082
T16775_2,272.7,0.026
T16775_1,9.2,0.757
T1596_1,290.3,0.102
T1595_1,53.2,0.086
T1596_2,330.8,0.386
T15793_2,349.4,0.08
AC67_2,18.5,0.641
T6603_2,235.7,-0.18
T15776_2,286.9,0.116
T6575_1,331.1,0.143
AC67_1,16.5,0.012
T6575_2,266.7,-0.039
T6610_2,243.1,-0.277
T1599_2,285.8,0.163
T6600_2,312.4,0.536
L33_2,309.3,0.109
T6599_2,289.0,0.016
T15793_1,86.1,0.008
T1597_2,275.5,0.055
T6586_1,52.1,0.097
T6593_2,254.6,-0.064
T15220_1,161.1,-0.278
T1595_2,93.4,-0.011
T6595_2,251.7,-0.03
T1598_2,273.2,0.015
T1598_1,102.5,-0.103
T6586_2,271.0,0.001
T6605_2,96.4,-0.041
T1601_1,330.0,0.577
L60_51,265.5,-0.059
T1608_2,14.3,0.444
T15776_1,121.4,-0.28
T6604_2,290.2,0.018
T15220_2,251.8,-0.135
T6593_1,17.7,0.04
T14715_2,316.6,0.327
T1597_1,246.9,-0.294
T1552_1,323.6,0.211
L34_3,298.5,0.098
T6610_1,229.7,-0.362
L35_1,73.3,0.139
L34_4,283.4,0.097
T1608_1,182.1,-0.392
T14715_1,63.4,0.224
T1552_2,223.0,-0.147
T1599_1,158.0,-0.279
T15792_1,67.0,0.037
T15792_2,341.8,0.092
T1600_2,45.6,0.045
T1607_1,19.1,0.376
L35_2,352.8,0.002
T1607_2,194.9,-0.214
T6598_1,326.8,0.068
T1601_2,230.2,-0.512
L34_2,93.4,-0.015
T6609_2,232.6,-0.495
T1576_1,2.6,0.835
T6596_2,345.4,0.789
T6596_1,339.2,0.533
T1576_2,335.3,0.752
T15662_2,344.2,0.685
L35_3,265.1,-0.068
T6609_1,240.6,-0.381
T6598_2,241.6,-0.359
T16779_1,352.8,0.465
T6589_1,203.5,-0.496
T6589_2,244.2,-0.313
T16779_2,271.5,0.017
T1600_1,133.5,-0.39
T1609_2,261.1,-0.119
T6616_2,307.0,0.462
T6612_2,265.7,-0.048
T16809_1,150.8,-0.361
T16809_2,256.6,-0.128
T1623_3,29.0,0.17
T1623_1,93.7,-0.013
T14817_1,38.9,0.307
T1605_2,14.0,0.324
T15773_2,288.2,0.227
T15773_1,111.3,-0.193
T6597_2,1.2,0.346
T6616_1,248.5,-0.177
T1605_1,70.7,0.078
T15662_1,111.0,-0.25
T6615_2,220.0,-0.635
T6597_1,28.7,0.464
T6618_2,49.4,0.34
T6612_1,268.6,-0.009
T1623_2,224.0,-0.448
T1609_1,257.3,-0.154
T14817_2,221.7,-0.58
T6620_2,269.5,-0.004
T16808_1,113.1,-0.151
T15791_1,105.3,-0.122
T15791_2,300.0,0.166
T16808_2,234.0,-0.293
T6617_1,285.2,0.026
T6614_2,355.5,0.117
T6614_1,232.1,-0.076
T1604_2,356.3,0.835
T6617_2,245.5,-0.041
T1610_2,109.8,-0.251
T1602_2,269.5,-0.002
T15775_1,111.5,-0.166
T15775_2,275.1,0.043
T14816_1,50.2,0.226
T6618_1,75.9,0.079
T1604_1,166.2,-0.312
T6615_1,224.2,-0.599
T15243_2,261.8,-0.077
T6623_2,269.4,-0.006
T1606_1,105.9,-0.114
T1606_2,291.5,0.287
T14713_2,25.9,0.32
T6619_1,104.7,-0.204
T14816_2,210.4,-0.571
T6623_1,245.4,-0.301
T15243_1,203.8,-0.268
T1610_1,114.5,-0.3
T1615_2,235.3,-0.324
T6611_1,9.4,0.76
T6611_2,326.4,0.688
T15664_2,346.0,0.768
T6620_1,211.8,-0.356
L36_1,251.5,-0.036
T1602_1,20.3,0.093
T15790_1,123.2,-0.245
T6619_2,122.9,-0.397
T14713_1,154.2,-0.379
T6625_2,123.0,-0.42
T1613_2,295.7,0.242
T1615_1,185.5,-0.249
T15664_1,86.3,0.039
T1614_1,165.6,-0.489
T1614_2,217.2,-0.415
T15790_2,325.7,0.308
T6624_2,68.0,0.294
T15861_1,80.8,0.107
T14815_1,57.0,0.284
AC68_3,16.1,0.06
T1603_1,56.7,0.065
T1603_2,259.2,-0.043
T15861_2,17.4,0.521
T6627_1,208.0,-0.503
T1622_2,243.4,-0.251
T1622_1,137.4,-0.208
T6627_2,235.6,-0.312
T6624_1,84.4,0.066
T14815_2,206.4,-0.334
T6625_1,106.6,-0.238
T6622_1,267.3,-0.021
T6645_2,267.6,-0.017
T6622_2,250.4,-0.276
T1613_1,204.3,-0.667
T6613_1,334.6,0.195
T16777_2,248.4,-0.283
AC68_1,315.3,0.044
T15774_1,137.9,-0.444
T15774_2,316.5,0.264
T16777_1,94.2,-0.05
T6645_1,183.7,-0.609
T6636_1,128.1,-0.248
T15661_1,78.0,0.127
T15661_2,323.2,0.625
T6621_2,44.8,0.38
T16807_1,78.7,0.149
T6626_2,267.8,-0.02
T6626_1,341.4,0.448
T6608_2,252.3,-0.021
T6608_1,10.3,0.139
T16807_2,241.0,-0.243
T1635_2,354.8,0.17
T6641_1,30.9,0.327
T6637_1,131.8,-0.434
AC68_2,310.4,0.376
AC68_4,316.8,0.036
T16778_1,19.6,0.683
T6613_2,250.8,-0.268
T6632_2,44.5,0.537
T6631_1,80.0,0.135
T6631_2,349.8,0.789
T6621_1,95.0,-0.053
T6633_1,7.0,0.118
T6641_2,93.0,-0.012
T16778_2,281.0,0.096
T6653_1,109.5,-0.145
T6633_2,260.4,-0.022
T6652_1,205.5,-0.399
T16905_1,321.1,0.539
T6640_1,70.6,0.252
T6640_2,51.0,0.428
T6636_2,172.9,-0.625
T6637_2,137.6,-0.588
T6652_2,239.6,-0.357
T16942_1,99.1,-0.117
T16942_2,339.4,0.623
T16774_2,330.8,0.608
T16905_2,206.4,-0.514
T6634_2,319.3,0.369
T6638_2,263.5,-0.079
T15787_1,119.8,-0.277
T6644_2,83.6,0.08
T1620_2,306.6,0.125
T15862_1,24.2,0.298
T15862_2,37.5,0.354
T15787_2,308.8,0.104
T1635_1,247.0,-0.14
T14814_1,53.2,0.296
T6657_1,32.1,0.53
T6632_1,107.5,-0.267
T6653_2,159.2,-0.289
T1636_1,357.9,0.265
T6648_2,60.5,0.382
T1617_1,93.1,-0.032
T16827_1,8.7,0.742
T6644_1,105.5,-0.167
L60_52,265.8,-0.054
T16804_1,3.9,0.495
T6628_2,273.9,0.014
T6628_1,18.3,0.164
T14814_2,223.6,-0.347
T6638_1,230.5,-0.461
T6629_1,313.5,0.373
T6629_2,291.8,0.211
T6647_2,275.7,0.052
T15786_2,291.4,0.067
T16774_1,210.2,-0.278
T16908_1,8.9,0.734
T6630_2,339.8,0.56
T1620_1,266.5,-0.001
T16908_2,238.0,-0.283
T6634_1,272.1,0.017
T6647_1,294.2,0.21
T6651_1,101.9,-0.122
T1636_2,220.7,-0.149
T1619_1,70.5,0.252
T16827_2,243.8,-0.284
T6651_2,164.0,-0.543
T6657_2,156.4,-0.641
T6660_1,117.1,-0.201
T6660_2,207.6,-0.258
T6648_1,87.9,0.029
T1633_2,298.0,0.074
T6659_2,343.1,0.418
T6658_1,44.6,0.342
T6658_2,319.3,0.473
T1617_2,110.5,-0.099
T1621_2,248.8,-0.126
T1621_1,104.1,-0.105
T6649_2,230.1,-0.479
T6649_1,317.0,0.38
T1611_2,275.5,0.038
T1611_1,346.6,0.274
T1619_2,82.9,0.065
T16804_2,263.0,-0.058
T6630_1,245.0,-0.276
T6650_2,257.3,-0.104
T15242_2,278.5,0.073
T15242_1,231.7,-0.255
T6655_2,298.2,0.251
T15786_1,109.4,-0.245
T6666_2,316.5,0.48
T6659_1,5.6,0.44
T15660_1,84.9,0.067
T15660_2,314.3,0.44
T6639_2,353.1,0.566
T1634_1,0.5,0.292
T16822_1,358.5,0.854
T15785_2,306.5,0.213
T6643_2,325.0,0.568
T6643_1,333.0,0.684
T15864_1,38.3,0.246
T1618_1,300.1,0.298
T15864_2,43.2,0.331
T15785_1,133.0,-0.422
T1633_1,217.0,-0.179
T6582_2,231.5,-0.354
T15780_2,276.3,0.058
T1612_1,312.5,0.336
T1634_2,231.2,-0.186
T6582_1,226.3,-0.185
T6646_2,340.7,0.661
T6664_1,259.4,-0.094
T1618_2,304.1,0.333
T6650_1,235.8,-0.161
T6646_1,31.4,0.555
T1616_2,352.7,0.718
T6635_1,323.9,0.644
T6635_2,314.3,0.568
T16824_1,341.2,0.767
T6666_1,252.1,-0.139
T6655_1,202.2,-0.573
T6670_1,67.3,0.291
T6670_2,322.3,0.229
T6664_2,235.0,-0.461
T1624_2,328.0,0.607
T6665_1,342.0,0.795
T1624_1,11.1,0.728
T6674_2,299.5,0.33
T6680_1,40.1,0.667
T15780_1,107.8,-0.177
T16822_2,233.2,-0.503
T6639_1,98.1,-0.097
T14714_2,325.1,0.176
T14714_1,345.0,0.216
T1612_2,289.9,0.168
T6674_1,274.0,0.02
T15734_2,288.8,0.169
T6684_2,53.6,0.278
T6663_1,322.1,0.592
T6667_2,258.5,-0.131
T15734_1,14.0,0.655
T6672_1,268.1,-0.02
L36_2,271.0,0.002
T6665_2,286.2,0.176
T15789_1,108.4,-0.236
T15789_2,277.2,0.045
T6656_1,286.9,0.175
T6668_1,337.3,0.183
T15783_2,321.2,0.417
T15783_1,102.7,-0.068
T6668_2,260.0,-0.068
L37_2,249.6,-0.054
L37_3,268.1,-0.008
T1638_1,84.7,0.046
T6673_1,313.8,0.553
T6661_2,277.9,0.107
T6661_1,313.8,0.497
T1625_1,10.5,0.564
T1625_2,305.4,0.411
T1616_1,206.9,-0.666
L37_1,243.0,-0.107
T6656_2,273.9,0.043
T16907_1,15.9,0.781
T6663_2,289.7,0.287
T16824_2,245.2,-0.31
T16907_2,220.6,-0.55
T6684_1,182.0,-0.695
T6691_1,100.4,-0.037
T14813_1,71.1,0.116
T14813_2,201.1,-0.417
T6680_2,62.3,0.196
T16825_1,319.1,0.395
T16825_2,252.2,-0.149
T1638_2,112.7,-0.201
T6667_1,223.0,-0.495
T16282_2,307.8,0.432
T6679_1,277.6,0.045
T6672_2,274.3,0.049
T6676_2,294.1,0.228
T6690_2,62.0,0.38
T6679_2,248.0,-0.198
T1666_2,317.0,0.36
T6671_2,9.3,0.166
T6678_2,263.6,-0.068
T6678_1,185.9,-0.462
T6682_2,326.6,0.3
T16906_1,346.1,0.532
T15241_2,276.0,0.012
T15241_1,135.6,-0.223
T15659_2,326.3,0.575
T15735_1,24.0,0.549
T6681_1,10.2,0.698
T6673_2,278.9,0.129
L60_37,53.7,0.19
T16941_1,64.7,0.24
T16941_2,6.0,0.276
T16282_1,216.8,-0.434
T1666_1,222.4,-0.343
T15735_2,295.3,0.255
T6690_1,79.0,0.155
T15779_2,259.4,-0.077
T15779_1,115.5,-0.211
T6691_2,217.7,-0.502
AC69_1,25.1,0.084
T14812_2,64.8,0.191
T15863_2,47.1,0.226
T15659_1,105.7,-0.209
T6685_2,266.7,-0.045
T16826_2,287.7,0.124
T16826_1,20.8,0.49
T6681_2,306.3,0.191
AC69_2,309.0,0.312
T6687_2,237.4,-0.41
T6687_1,183.3,-0.636
T16906_2,216.2,-0.387
T6701_1,183.4,-0.325
T6699_1,64.1,0.25
T6693_2,286.8,0.122
T6676_1,268.3,-0.016
T6689_1,76.3,0.156
T1626_1,5.1,0.111
T15784_2,304.2,0.197
T16823_1,357.0,0.576
T6699_2,215.6,-0.497
T1626_2,269.5,-0.001
T6671_1,231.7,-0.242
T6675_2,268.0,-0.022
T6675_1,307.6,0.219
T6682_1,197.7,-0.207
T16823_2,248.3,-0.199
T1630_2,259.3,-0.124
T1665_2,260.2,-0.101
T6686_1,152.7,-0.527
T15784_1,124.0,-0.385
T1630_1,193.4,-0.43
T6701_2,235.2,-0.392
T6705_1,66.4,0.296
T15863_1,66.4,0.143
T1628_2,21.1,0.409
T6677_1,19.4,0.261
T6700_1,41.4,0.371
T6700_2,218.3,-0.238
T14812_1,208.7,-0.499
T6689_2,97.7,-0.076
T6685_1,199.5,-0.708
T6686_2,201.1,-0.626
T1628_1,51.8,0.258
T6705_2,71.6,0.147
AC69_3,355.6,0.107
T15772_2,297.9,0.166
T6693_1,231.4,-0.387
T6708_1,250.6,-0.252
T6697_1,303.5,0.32
T6696_1,314.3,0.088
T6712_2,290.4,0.19
T6697_2,294.2,0.192
T6688_2,287.2,0.176
T6683_2,264.2,-0.066
T6683_1,298.1,0.219
T6677_2,240.0,-0.356
T1665_1,218.9,-0.47
T6696_2,256.9,-0.077
T1627_2,311.3,0.198
L38_1,253.2,-0.031
T1627_1,64.2,0.11
T6707_1,345.2,0.275
T1637_1,66.6,0.263
T6711_2,281.4,0.175
T6711_1,231.4,-0.518
T6706_2,14.1,0.764
T6708_2,231.4,-0.426
T6714_1,69.5,0.112
T15570_1,64.5,0.142
T6712_1,252.1,-0.098
T6714_2,126.3,-0.194
T6704_1,75.5,0.169
T6704_2,79.2,0.109
T15772_1,128.6,-0.109
T6662_2,302.6,0.228
T6662_1,8.4,0.375
T6719_1,73.7,0.2
T16805_1,347.7,0.311
T1629_1,69.9,0.119
T16289_2,256.8,-0.117
T6703_1,325.3,0.481
T15570_2,219.6,-0.271
T1629_2,265.9,-0.032
T6724_2,22.5,0.427
T6688_1,239.1,-0.282
T16289_1,18.9,0.701
L38_2,282.6,0.052
T1637_2,117.0,-0.244
T6720_2,349.5,0.383
T15574_1,50.8,0.257
T16805_2,230.0,-0.175
T6720_1,123.3,-0.288
T6707_2,194.6,-0.44
T1632_1,30.8,0.229
T1639_2,25.8,0.492
T6703_2,251.1,-0.231
T6706_1,118.3,-0.224
T6694_2,287.4,0.139
T1632_2,251.7,-0.067
T6710_1,351.8,0.685
T6710_2,334.7,0.661
T6702_2,327.8,0.626
T1641_1,58.2,0.27
T1641_2,190.8,-0.292
T6718_1,41.2,0.143
T6702_1,6.0,0.626
T6728_1,38.7,0.622
T6728_2,335.6,0.608
T15574_2,224.9,-0.321
T6669_2,318.9,0.619
T6669_1,44.1,0.572
T6642_2,8.6,0.625
T6722_1,69.2,0.314
T6722_2,209.2,-0.134
T6715_2,250.0,-0.169
T6719_2,101.9,-0.138
T6724_1,106.2,-0.161
T6736_2,266.1,-0.057
T1645_1,30.4,0.376
T1640_2,349.5,0.652
T1640_1,110.3,-0.039
T6715_1,246.0,-0.234
T6736_1,47.7,0.537
T14811_1,30.8,0.477
T6716_2,323.3,0.475
T6709_2,275.5,0.053
T16287_2,260.2,-0.129
T16287_1,354.6,0.514
T1639_1,123.6,-0.355
T6737_1,143.5,-0.34
T6694_1,241.7,-0.211
T6698_1,312.7,0.342
T6698_2,355.0,0.622
T6642_1,321.7,0.37
T6726_2,294.3,0.245
T1653_2,34.2,0.447
T1642_2,356.8,0.549
T16285_1,323.3,0.577
T1646_2,37.9,0.34
T1648_1,125.3,-0.282
T6709_1,85.8,0.053
T1648_2,156.5,-0.368
T15777_1,143.3,-0.197
T15777_2,247.4,-0.122
T6718_2,269.9,-0.0
T1649_1,111.6,-0.058
T1647_2,31.4,0.025
T1654_2,295.1,0.29
T1654_1,67.1,0.113
T14811_2,192.1,-0.432
T1642_1,110.0,-0.158
T1662_2,275.1,0.044
T6734_2,280.6,0.149
T1662_1,146.9,-0.244
T6737_2,200.3,-0.572
T6734_1,229.5,-0.498
T1647_1,159.5,-0.52
T6713_1,305.4,0.341
T6727_1,272.0,0.018
T1645_2,222.0,-0.395
T1649_2,188.5,-0.221
T6721_2,282.6,0.1
T6721_1,349.0,0.607
T16288_1,326.4,0.421
T6725_1,134.1,-0.248
T6716_1,295.6,0.209
T15771_2,292.2,0.163
T6730_2,213.4,-0.62
T6725_2,160.0,-0.522
T6727_2,224.1,-0.455
T6731_1,58.4,0.331
T6731_2,319.9,0.093
T1643_1,20.9,0.238
T15573_1,74.6,0.147
T1653_1,140.6,-0.23
T6726_1,228.8,-0.474
T16285_2,242.6,-0.296
T1660_2,196.3,-0.389
T1660_1,130.1,-0.395
T6732_2,311.7,0.381
T6733_1,359.6,0.185
T1646_1,150.9,-0.486
T6746_1,62.3,0.262
T15771_1,145.7,-0.475
T6730_1,197.8,-0.683
T16288_2,254.5,-0.12
T15573_2,290.1,0.195
T6740_1,84.9,0.058
T6743_1,96.5,-0.047
T6743_2,56.4,0.066
T6732_1,309.0,0.068
T6746_2,136.0,-0.361
T6735_1,13.9,0.591
T1659_1,284.7,0.174
T6713_2,278.2,0.102
T6747_2,61.0,0.331
T1661_1,341.0,0.767
T1643_2,269.8,-0.001
T6729_2,277.6,0.058
T6729_1,3.8,0.594
T6733_2,274.1,0.034
T6740_2,98.9,-0.112
T1631_1,45.3,0.11
T1631_2,355.8,0.064
T16283_2,275.2,0.046
T1674_2,162.5,-0.426
T1674_1,160.6,-0.361
AC70_2,45.1,0.048
T16286_1,351.5,0.539
T6749_1,103.5,-0.141
T6749_2,12.9,0.14
T16286_2,249.9,-0.182
T15781_2,263.9,-0.06
T15781_1,60.2,0.395
T6748_1,282.6,0.147
T16283_1,199.0,-0.582
T6756_2,75.0,0.107
T6735_2,326.6,0.618
T1659_2,272.3,0.025
T6747_1,69.7,0.225
T1661_2,293.1,0.227
T6754_1,60.6,0.232
T6754_2,345.2,0.086
T6751_1,138.6,-0.318
T6756_1,117.2,-0.204
T6751_2,179.5,-0.524
T6741_1,15.2,0.357
T6741_2,288.7,0.229
T15572_2,309.1,0.378
T1644_1,84.7,0.052
T1644_2,43.4,0.462
L60_49,249.0,-0.3
T6748_2,260.1,-0.115
T1671_1,46.3,0.484
T6753_2,255.7,-0.119
T6750_2,17.4,0.538
T16284_1,356.0,0.55
T6750_1,35.4,0.697
T6745_2,31.4,0.566
T1650_1,44.0,0.379
T1650_2,328.8,0.511
T1664_2,278.6,0.095
T1678_1,61.8,0.294
T1668_2,272.5,0.036
T6763_1,315.8,0.326
T1655_2,294.4,0.184
T15797_2,317.3,0.314
T16284_2,253.2,-0.155
T6755_1,334.3,0.729
T6757_1,130.7,-0.41
T6765_1,57.0,0.327
T6758_2,182.1,-0.015
T16055_1,37.7,0.445
T15572_1,93.4,-0.025
T6757_2,187.1,-0.731
T6763_2,291.1,0.204
T16304_1,9.2,0.572
T16304_2,276.0,0.057
T15778_2,2.3,0.625
T6760_1,123.2,-0.338
T6753_1,210.3,-0.56
T6760_2,202.1,-0.522
T6770_1,175.7,-0.259
L39_1,254.7,-0.026
T6752_1,323.2,0.357
T15797_1,162.0,-0.48
T6723_2,325.8,0.451
T6723_1,1.7,0.533
T6755_2,304.8,0.447
T6745_1,66.4,0.296
T1655_1,90.0,-0.0
T6762_2,181.2,-0.628
T1668_1,231.4,-0.309
T6738_2,311.7,0.481
T16300_2,280.9,0.123
T6762_1,177.0,-0.73
T1671_2,178.4,-0.378
T1667_2,289.2,0.265
T16055_2,124.9,-0.299
T6770_2,223.2,-0.281
T1669_2,302.3,0.035
T6759_2,341.2,0.137
T1678_2,94.1,-0.057
T6758_1,303.1,0.023
T6752_2,262.0,-0.059
T1664_1,236.1,-0.385
T6766_2,266.4,-0.048
T1684_2,40.2,0.632
T6759_1,215.0,-0.042
T6769_2,231.7,-0.346
L39_2,254.3,-0.025
T1669_1,246.1,-0.02
T6767_1,307.1,0.349
T6779_2,24.1,0.741
T6765_2,74.6,0.087
T6769_1,232.6,-0.288
T15778_1,210.7,-0.318
T16300_1,156.6,-0.555
T6779_1,119.9,-0.177
T16306_1,286.4,0.203
T1684_1,178.6,-0.64
T6738_1,20.4,0.492
L60_47,213.6,-0.586
T1683_1,51.4,0.41
T6761_1,335.9,0.414
T1657_2,306.5,0.322
T6761_2,286.2,0.233
T1663_2,262.8,-0.107
T1663_1,31.1,0.689
T1667_1,217.5,-0.541
T1670_2,214.3,-0.198
T1670_1,195.9,-0.088
T15571_2,329.1,0.618
T6744_1,2.6,0.525
T15571_1,81.0,0.096
T6766_1,202.0,-0.582
T1682_2,317.1,0.557
T1679_1,119.8,-0.306
T16303_2,265.0,-0.045
T16303_1,21.7,0.717
T6717_1,5.1,0.728
T6764_1,310.0,0.266
T16306_2,171.2,-0.796
T1673_2,213.5,-0.598
T6764_2,245.9,-0.22
T6744_2,299.1,0.249
L60_46,193.2,-0.499
T15587_1,46.4,0.538
T15587_2,268.2,-0.02
T6772_1,53.4,0.337
T1673_1,151.4,-0.518
AC70_1,345.9,0.171
T6775_1,82.0,0.096
T6775_2,59.1,0.383
T6781_1,81.1,0.113
T6767_2,294.1,0.187
AC70_4,224.4,-0.033
AC72_3,229.1,-0.079
AC71_2,336.6,0.132
T16302_1,343.5,0.436
T1679_2,165.9,-0.517
T16302_2,246.1,-0.294
T6772_2,95.7,-0.069
AC70_3,358.5,0.384
T16893_2,301.6,0.227
T6692_1,65.0,0.243
T6692_2,292.6,0.19
T1683_2,159.7,-0.307
T1672_2,297.1,0.269
T1672_1,288.6,0.171
T16059_1,81.5,0.088
T6783_2,34.5,0.377
T6783_1,78.5,0.13
T6781_2,80.7,0.137
T1677_1,155.0,-0.719
L60_29,42.9,0.348
T15658_2,290.4,0.27
T15658_1,77.4,0.164
T6776_1,25.5,0.541
T1657_1,90.3,-0.004
T1677_2,194.1,-0.779
T15798_2,295.6,0.213
T6695_2,276.1,0.08
T6695_1,355.3,0.236
T6717_2,285.1,0.169
T16059_2,42.7,0.347
T6776_2,287.4,0.274
T1682_1,206.7,-0.68
AC71_3,291.0,0.206
AC72_2,258.3,-0.158
AC71_1,201.6,-0.561
L60_41,221.4,-0.347
T14820_1,101.0,-0.046
T1681_1,125.7,-0.4
T1681_2,201.7,-0.611
T6790_1,174.8,-0.57
T6790_2,215.9,-0.489
T6778_2,262.0,-0.063
T16057_1,65.5,0.267
T16057_2,36.0,0.203
T6739_2,342.0,0.474
T6796_1,71.3,0.236
T16893_1,227.7,-0.394
T6780_2,303.9,0.396
T1658_2,288.8,0.251
T15795_2,304.0,0.346
T6784_2,65.7,0.293
T15586_1,66.5,0.257
T14820_2,229.0,-0.348
T6780_1,300.9,0.34
T15798_1,147.7,-0.353
T1658_1,52.5,0.401
T15586_2,295.5,0.214
T16892_2,246.0,-0.291
T6777_1,311.3,0.4
T6777_2,311.5,0.505
T16892_1,187.4,-0.686
T6778_1,224.3,-0.602
AC71_4,313.0,0.092
T6793_2,190.4,-0.83
T6793_1,112.3,-0.295
T6788_1,331.6,0.649
T6784_1,78.1,0.155
T6739_1,289.7,0.17
T6796_2,93.7,-0.045
T6791_2,297.9,0.372
T6786_1,349.2,0.846
T6786_2,296.3,0.356
T1685_2,307.6,0.297
T1685_1,330.1,0.425
T15796_1,321.5,0.455
T16298_1,5.2,0.629
T1693_1,48.7,0.415
T14818_1,61.7,0.182
T6785_1,165.4,-0.751
T6785_2,152.1,-0.626
T6742_2,331.9,0.303
T15585_2,349.3,0.645
T6798_2,277.7,0.059
T15795_1,138.7,-0.481
T6789_2,174.0,-0.786
T6789_1,143.0,-0.748
T6742_1,299.3,0.297
T1686_2,332.9,0.429
T14818_2,236.4,-0.406
T16298_2,244.6,-0.221
T6799_2,187.9,-0.613
T6799_1,146.2,-0.658
T1686_1,32.9,0.665
L40_3,339.3,0.728
T1691_1,320.2,0.517
T1656_2,282.5,0.125
T1692_1,301.2,0.341
T6788_2,304.6,0.351
T6791_1,291.3,0.151
T15585_1,80.6,0.076
T6798_1,237.4,-0.293
T1692_2,308.3,0.422
AC72_1,313.6,0.05
T14819_1,60.2,0.175
T15794_2,305.6,0.383
T6800_1,300.0,0.263
T6805_1,65.6,0.274
T1691_2,288.0,0.171
T6800_2,297.0,0.296
T14819_2,224.8,-0.365
T15666_2,320.1,0.565
T15796_2,153.9,-0.399
T15666_1,80.8,0.094
T15802_2,310.4,0.373
T1656_1,91.9,-0.023
T1693_2,190.6,-0.349
L40_2,34.8,0.132
L40_4,268.6,-0.01
T1696_2,272.5,0.019
T6794_2,354.7,0.732
T15782_2,284.5,0.146
T15782_1,43.0,0.578
T15802_1,149.8,-0.371
T6768_1,308.3,0.424
T1696_1,129.7,-0.228
T16299_1,345.2,0.516
T16299_2,252.4,-0.142
T15794_1,180.9,-0.194
T14810_1,195.7,-0.225
T14810_2,226.5,-0.355
T6805_2,136.5,-0.39
T6787_1,309.0,0.23
T6807_2,341.0,0.732
T17108_1,52.6,0.505
T17108_2,327.4,0.503
T6768_2,280.8,0.118
T6794_1,287.7,0.162
T6804_1,256.8,-0.086
T6812_1,203.8,-0.31
T6812_2,236.4,-0.228
L42_4,294.4,0.125
T6814_2,306.0,0.106
L40_1,43.3,0.274
T16301_1,256.4,-0.086
T16301_2,323.7,0.45
T6807_1,51.4,0.533
T6804_2,237.0,-0.494
T1689_1,76.0,0.156
T1689_2,57.1,0.331
T6810_1,276.1,0.036
T6795_2,25.3,0.229
T6773_2,263.9,-0.031
T6773_1,36.9,0.221
T17117_2,338.4,0.671
T6797_1,24.2,0.663
T6797_2,303.8,0.44
T1687_2,262.7,-0.097
T1687_1,3.6,0.678
T6802_1,356.5,0.462
T17117_1,30.6,0.629
T6817_2,29.9,0.477
T6806_2,245.7,-0.343
T6806_1,193.8,-0.646
T6787_2,237.7,-0.251
T15804_2,278.9,0.083
T15801_2,318.5,0.465
T6801_2,311.5,0.402
T6818_1,352.3,0.102
T1651_2,34.2,0.474
T6774_2,9.3,0.526
T16297_1,331.2,0.515
T15665_2,273.0,0.031
T15665_1,24.3,0.629
T6774_1,64.2,0.252
T16056_1,32.7,0.221
T1690_2,43.8,0.185
T15804_1,32.3,0.491
T6831_1,80.0,0.081
T16297_2,258.6,-0.095
T1690_1,117.9,-0.262
L41_1,79.5,0.063
T6831_2,154.0,-0.431
L41_2,208.7,-0.154
T6820_1,276.5,0.078
T6802_2,273.0,0.034
T6814_1,10.8,0.224
T6782_1,66.0,0.231
T6810_2,250.3,-0.15
T15801_1,169.2,-0.342
T6782_2,335.9,0.382
T6795_1,319.6,0.071
T1698_1,95.5,-0.073
T1698_2,357.1,0.626
T6818_2,112.1,-0.026
T6801_1,271.4,0.014
T6827_1,44.3,0.329
T6817_1,123.8,-0.318
T6827_2,210.1,-0.514
T6809_2,259.2,-0.125
T6809_1,294.7,0.278
T6825_1,146.1,-0.528
T1702_2,325.8,0.619
T1652_2,346.9,0.665
T6822_2,292.2,0.25
T6824_1,44.8,0.418
T1651_1,179.9,-0.359
T16291_1,20.4,0.525
T16291_2,273.0,0.034
T1705_2,279.1,0.078
T1705_1,28.9,0.756
T6815_2,269.6,-0.002
T15812_2,321.4,0.516
T15588_2,336.9,0.406
T15588_1,70.3,0.183
L41_3,192.1,-0.632
T6820_2,264.3,-0.073
T6813_1,61.9,0.277
T1688_1,336.8,0.447
T6825_2,145.1,-0.527
T6822_1,251.4,-0.184
T1702_1,234.2,-0.353
T16056_2,357.4,0.081
T17170_2,340.8,0.683
T1680_1,26.1,0.714
T15812_1,170.2,-0.311
T1680_2,239.8,-0.418
T1652_1,113.1,-0.239
T6813_2,118.6,-0.326
T6824_2,113.6,-0.31
T6837_2,67.4,0.139
T6815_1,256.5,-0.108
L42_2,269.8,-0.0
T17165_2,271.5,0.014
T17166_2,337.9,0.636
T17165_1,189.9,-0.284
T1688_2,295.2,0.266
L42_1,112.7,-0.069
T17167_1,352.8,0.67
T16307_2,278.5,0.101
T17170_1,183.3,-0.784
T1703_2,269.2,-0.011
T1703_1,314.5,0.494
T1701_1,292.2,0.214
T1711_1,83.5,0.03
T16307_1,143.4,-0.587
T1699_2,33.0,0.426
T6837_1,173.8,-0.416
L42_3,236.4,-0.308
T17166_1,191.9,-0.619
T6834_1,127.9,-0.457
T1711_2,191.3,-0.654
T6819_2,283.2,0.087
T16296_1,358.2,0.514
T6819_1,28.4,0.607
T1710_2,275.4,0.063
T6821_1,38.9,0.413
T15584_1,89.0,0.014
T17167_2,195.3,-0.714
T1699_1,141.1,-0.608
T6835_2,10.9,0.766
T6832_1,21.7,0.695
T6821_2,93.7,-0.043
T6834_2,155.9,-0.733
T1701_2,258.3,-0.146
T6829_2,330.2,0.391
T17118_1,19.1,0.582
T17118_2,341.5,0.435
T6771_1,331.9,0.364
T16305_2,305.8,0.409
T15584_2,321.7,0.515
T6771_2,285.3,0.148
T6832_2,298.5,0.14
T16894_2,270.3,0.004
T16894_1,167.3,-0.707
T1706_1,164.8,-0.528
T1706_2,183.6,-0.608
T1715_1,8.3,0.735
T1697_2,294.4,0.182
T6830_1,336.5,0.591
T6826_2,299.3,0.334
T1715_2,286.9,0.16
T14822_1,132.1,-0.136
T16296_2,250.5,-0.165
T6829_1,82.0,0.112
T1710_1,209.6,-0.696
T1712_1,112.2,-0.135
T15583_1,47.8,0.535
T6841_2,56.7,0.356
T6826_1,2.2,0.581
T17115_2,330.6,0.543
T6808_1,23.6,0.421
T17115_1,58.5,0.334
T1708_2,48.7,0.37
T1708_1,122.6,-0.326
T1716_1,57.9,0.346
T1697_1,79.6,0.135
T6830_2,306.2,0.423
T6835_1,2.0,0.333
T15583_2,281.9,0.128
T6839_2,320.0,0.559
T1716_2,151.9,-0.747
T6839_1,248.0,-0.229
L43_2,170.2,-0.047
T6808_2,284.5,0.204
T16305_1,177.7,-0.763
L43_1,294.3,0.035
T6833_2,316.3,0.297
T6833_1,11.3,0.427
T6847_2,285.5,0.181
T14822_2,151.6,-0.357
T1717_2,240.1,-0.34
L44_2,249.1,-0.006
T6843_1,32.4,0.76
T6841_1,106.1,-0.193
L44_1,111.1,-0.043
T6858_1,92.6,-0.029
T6851_2,230.9,-0.346
T6852_2,76.6,0.171
T6850_2,53.1,0.334
T1712_2,163.5,-0.425
T16295_1,25.6,0.636
T6836_1,15.2,0.685
T6836_2,303.3,0.232
L45_1,233.5,-0.063
T1675_2,320.3,0.51
T6823_1,348.6,0.627
T6848_2,5.4,0.503
T17116_1,58.1,0.35
T6823_2,340.3,0.538
T17116_2,278.6,0.121
T6847_1,243.9,-0.312
T15582_2,333.1,0.595
T6842_1,11.8,0.463
T6842_2,16.8,0.376
T1675_1,8.2,0.532
T1714_2,16.4,0.454
T16058_2,315.8,0.051
AC73_2,118.9,-0.106
T16058_1,93.7,-0.039
AC73_5,359.8,0.058
T1714_1,72.7,0.161
T6851_1,184.2,-0.694
T6852_1,99.5,-0.118
T1723_2,284.2,0.176
T6848_1,75.4,0.153
T16295_2,269.8,-0.001
T1720_2,267.1,-0.03
T6863_2,321.3,0.052
T6860_1,7.2,0.201
T6846_1,285.6,0.101
T6846_2,321.1,0.358
T6843_2,227.3,-0.543
T6816_2,324.9,0.293
T6858_2,134.7,-0.424
T6838_2,290.1,0.113
T6862_1,61.3,0.355
T6838_1,44.9,0.206
T6863_1,353.1,0.107
T1717_1,237.4,-0.414
L46_3,302.4,0.197
L60_23,32.7,0.591
T1704_2,291.8,0.17
T1704_1,32.9,0.701
T6859_1,209.3,-0.522
L45_2,59.0,0.04
T6840_1,324.3,0.261
T1720_1,236.2,-0.391
T6859_2,253.9,-0.168
T6850_1,81.4,0.054
L46_1,81.0,0.097
T6849_2,345.9,0.582
T1707_2,309.1,0.285
T15803_2,312.3,0.262
T6860_2,181.1,-0.155
T6874_1,316.3,0.39
T6849_1,356.6,0.474
T1723_1,174.9,-0.526
T15582_1,107.8,-0.216
T1724_2,337.0,0.375
T6866_2,224.0,-0.478
T16281_2,299.4,0.371
T6866_1,188.3,-0.35
T1707_1,289.2,0.141
T6845_1,18.3,0.436
T17169_2,308.4,0.52
L46_2,238.9,-0.013
T6811_2,276.5,0.033
T6811_1,18.2,0.076
T14885_1,301.5,0.231
T6792_1,359.9,0.129
T6792_2,346.6,0.063
T14891_1,351.7,0.125
T6862_2,113.9,-0.277
T6816_1,219.9,-0.557
T6828_1,55.2,0.07
T6828_2,307.3,0.043
T1728_1,41.2,0.255
T1728_2,288.3,0.179
T1731_2,194.3,-0.747
T1729_2,20.1,0.11
T6845_2,309.2,0.159
T15803_1,22.7,0.396
T1724_1,246.3,-0.122
T6864_2,357.8,0.555
T6865_2,346.6,0.696
T6865_1,28.4,0.656
T6873_2,17.7,0.251
T6868_1,23.8,0.214
T16294_1,2.8,0.496
T6844_1,26.4,0.503
T6803_2,315.1,0.485
T6840_2,297.7,0.135
T6869_2,238.2,-0.271
T6868_2,244.7,-0.048
T6874_2,310.3,0.432
T6844_2,313.4,0.436
T6872_2,268.1,-0.005
T6872_1,8.0,0.117
T1736_2,198.8,-0.431
T1736_1,114.2,-0.308
T6803_1,9.2,0.64
T6853_2,279.6,0.078
T15808_2,275.7,0.035
T15808_1,88.7,0.012
T17169_1,150.2,-0.695
T16281_1,189.7,-0.678
T1676_1,60.6,0.259
T1676_2,321.8,0.386
T14885_2,262.2,-0.093
L46_4,99.0,-0.024
T15581_2,326.6,0.48
T1731_1,139.7,-0.331
T16294_2,267.0,-0.019
T14891_2,340.9,0.066
T1729_1,41.3,0.102
T6873_1,27.5,0.186
T1718_1,308.9,0.4
T1718_2,276.6,0.084
T6864_1,221.1,-0.331
T15811_2,327.0,0.28
T15811_1,43.3,0.214
T6869_1,242.1,-0.236
T1709_1,297.7,0.266
T1725_1,13.5,0.381
T1741_2,292.1,0.106
T6853_1,236.1,-0.367
AC73_1,100.0,-0.103
T1725_2,256.3,-0.072
T15805_1,80.8,0.137
T15805_2,254.7,-0.113
T15581_1,104.6,-0.163
T6867_2,328.1,0.406
T6861_1,347.3,0.46
T1740_1,353.6,0.77
T6883_1,68.9,0.257
T1709_2,282.7,0.114
T1722_1,349.5,0.589
T1743_2,258.9,-0.09
T1743_1,26.3,0.6
T6867_1,54.0,0.281
AC73_6,344.7,0.074
T6882_2,100.3,-0.087
T17168_2,306.6,0.5
T6861_2,313.8,0.403
T1746_1,347.4,0.84
T1727_2,309.3,0.157
T14893_1,49.4,0.045
T14893_2,319.5,0.08
T1740_2,236.2,-0.508
T1737_1,337.7,0.331
T15810_1,33.8,0.335
T15810_2,264.3,-0.042
T6882_1,99.3,-0.077
T1738_2,317.3,0.225
T1741_1,234.0,-0.13
T6871_1,58.8,0.159
T6877_2,356.9,0.306
T6886_1,64.2,0.245
T1734_2,297.2,0.1
T6885_2,37.8,0.137
T6891_2,70.3,0.044
T6887_2,15.2,0.131
T6877_1,332.5,0.264
T6900_1,131.3,-0.155
T17168_1,148.0,-0.726
T6883_2,137.0,-0.406
T1737_2,249.9,-0.139
T1747_1,312.9,0.376
T1742_1,37.7,0.597
T1700_2,352.7,0.423
T1734_1,78.1,0.019
AC73_4,343.5,0.393
T6871_2,276.8,0.017
T1744_2,201.6,-0.574
T1744_1,109.7,-0.265
T1747_2,289.9,0.202
T1722_2,248.7,-0.212
T6905_1,214.4,-0.33
T6891_1,82.9,0.016
T1746_2,194.9,-0.87
T1700_1,58.7,0.197
AC73_3,102.1,-0.118
T1727_1,248.0,-0.061
T6880_2,283.7,0.118
T6880_1,48.5,0.364
T6881_1,18.1,0.324
T1745_2,304.4,0.165
T15809_1,21.4,0.477
T1745_1,352.3,0.303
T1739_2,259.2,-0.113
T1748_2,188.3,-0.438
T6889_2,316.3,0.431
T6886_2,96.8,-0.061
T1749_2,279.4,0.147
T6881_2,285.9,0.159
T1738_1,230.9,-0.223
T1748_1,167.1,-0.731
T6876_1,43.6,0.504
T6900_2,173.9,-0.237
T6876_2,356.5,0.643
T6854_2,327.6,0.587
T6892_2,67.3,0.226
T6892_1,117.8,-0.309
T6885_1,63.8,0.022
T6905_2,224.8,-0.193
T6879_2,51.9,0.372
T15589_1,61.4,0.286
T6887_1,41.1,0.04
T1749_1,145.4,-0.534
T15589_2,307.9,0.279
T1742_2,324.2,0.571
T15809_2,233.9,-0.219
T1739_1,231.1,-0.319
T6907_1,178.2,-0.409
T1752_2,278.8,0.099
T6889_1,204.3,-0.539
T15807_1,14.5,0.241
T15807_2,253.9,-0.113
T17114_2,280.6,0.133
T6878_1,301.4,0.335
T6878_2,298.3,0.364
T17114_1,53.9,0.355
T6855_2,324.7,0.278
T6855_1,251.2,-0.128
T6879_1,73.3,0.187
T6907_2,167.2,-0.381
T16293_1,20.4,0.428
T17113_1,46.2,0.493
T6854_1,49.2,0.452
T16293_2,277.8,0.067
T6890_1,51.8,0.44
T6902_1,112.3,-0.233
T17728_2,336.3,0.604
T17113_2,282.7,0.158
T6888_1,11.1,0.436
T15580_2,316.3,0.401
T14889_1,74.0,0.02
T14889_2,319.8,0.054
T1732_2,279.2,0.029
T1735_1,52.6,0.111
T1732_1,65.1,0.022
T6884_2,4.4,0.035
T15580_1,79.3,0.122
T6901_2,301.8,0.356
T15799_2,318.2,0.263
T1768_2,264.1,-0.051
T6897_2,280.4,0.134
T6897_1,284.1,0.137
T6895_1,12.4,0.265
T1752_1,151.9,-0.717
T6888_2,223.0,-0.369
T6895_2,273.0,0.011
T6902_2,127.2,-0.429
T15799_1,174.0,-0.424
T6890_2,91.8,-0.02
T1758_1,354.9,0.601
T1758_2,352.3,0.353
L60_11,13.4,0.599
T15800_2,340.1,0.313
T17728_1,240.6,-0.251
T1735_2,279.1,0.048
T1768_1,229.4,-0.226
T6884_1,37.7,0.096
T6901_1,257.6,-0.06
T15806_2,317.2,0.156
T1754_1,330.2,0.48
T1754_2,300.9,0.255
T17730_1,202.0,-0.474
T1755_1,112.1,-0.369
T17730_2,245.2,-0.16
T1756_1,320.1,0.475
T1757_1,282.2,0.082
L60_31,236.8,-0.352
L47_1,317.3,0.301
T15800_1,187.0,-0.484
L47_2,208.3,-0.057
T6918_1,354.8,0.146
T6903_1,43.5,0.415
T6903_2,311.0,0.434
AC74_3,351.7,0.105
T6896_1,60.1,0.206
T6894_2,61.9,0.145
T1757_2,212.3,-0.192
T6909_2,283.2,0.132
T6875_1,23.9,0.505
T6875_2,0.8,0.43
AC74_2,44.6,0.257
T16290_1,19.6,0.528
T6918_2,307.4,0.026
AC74_1,87.6,0.007
L60_16,2.6,0.394
T15579_1,64.1,0.267
T6914_2,29.3,0.775
T6894_1,103.9,-0.1
T6898_2,309.6,0.253
T6893_1,1.4,0.517
T6898_1,41.8,0.574
T6908_1,182.4,-0.66
T15806_1,213.2,-0.218
T6915_2,315.4,0.488
T6909_1,330.2,0.123
T6915_1,25.9,0.426
T6914_1,80.5,0.111
T6893_2,305.5,0.137
T6896_2,242.4,-0.123
T1756_2,272.3,0.025
T6917_2,265.0,-0.044
T6917_1,200.6,-0.411
T15579_2,277.1,0.073
T6908_2,172.7,-0.721
L47_3,236.5,-0.304
T6922_1,248.2,-0.148
T6922_2,226.1,-0.284
T16290_2,217.7,-0.552
T6923_2,239.2,-0.108
AC75_1,291.2,0.043
T6899_2,10.3,0.645
L60_30,230.8,-0.43
T6926_2,312.8,0.157
T6899_1,34.0,0.589
AC75_3,295.8,0.048
T1767_2,274.8,0.038
AC75_2,28.6,0.513
AC76_4,262.7,-0.115
T6931_2,233.7,-0.358
T6931_1,208.1,-0.554
AC76_1,286.7,0.024
T1769_1,314.0,0.13
T1753_2,293.7,0.086
T1761_2,268.4,-0.01
T1770_2,286.4,0.17
T1761_1,341.4,0.149
T6923_1,136.2,-0.485
L60_28,214.8,-0.661
T1769_2,174.8,-0.208
T6926_1,297.0,0.094
T1760_2,297.1,0.053
AC79_4,0.7,0.874
T1760_1,73.8,0.071
AC78_3,272.4,0.005
T6911_2,287.1,0.067
T6920_1,27.5,0.091
T1753_1,11.0,0.099
T6911_1,66.3,0.051
T1772_2,31.6,0.616
L60_9,25.9,0.621
AC79_2,14.2,0.297
T6913_1,13.9,0.592
T6916_1,311.6,0.209
T6913_2,263.8,-0.05
T1775_2,252.5,-0.233
T6916_2,20.0,0.613
T1771_2,317.1,0.085
T1762_1,313.0,0.113
T1771_1,100.7,-0.009
T1767_1,257.3,-0.111
T1772_1,54.5,0.424
T6925_1,306.7,0.021
T1775_1,218.1,-0.653
T1776_1,355.6,0.078
T14890_2,321.7,0.04
T14890_1,34.3,0.072
T6929_2,260.1,-0.091
T6929_1,25.7,0.383
T6912_2,334.7,0.316
T1770_1,268.4,-0.016
T6936_2,298.3,0.33
T1765_2,341.3,0.616
T6919_1,9.7,0.757
T6919_2,295.1,0.319
T1759_1,281.9,0.117
T1777_1,291.9,0.259
T6920_2,27.0,0.035
T1759_2,263.4,-0.067
AC78_2,246.2,-0.188
T6921_1,294.2,0.126
T6921_2,21.8,0.541
AC76_2,335.1,0.485
AC254_1,18.3,0.416
T6943_1,242.5,-0.333
T6912_1,255.5,-0.084
T15578_2,316.0,0.566
T15578_1,99.0,-0.13
T1777_2,206.0,-0.624
T6906_1,174.3,-0.359
T1762_2,265.7,-0.01
T6935_2,344.0,0.092
AC254_4,240.9,-0.269
T6906_2,191.2,-0.341
T16292_1,1.6,0.45
T1778_2,323.6,0.652
T6935_1,101.1,-0.026
T1765_1,63.6,0.217
T6924_2,307.9,0.178
AC280_3,19.4,0.727
T6924_1,359.0,0.359
T1776_2,4.2,0.146
T6925_2,299.1,0.052
T6937_1,70.5,0.246
AC79_1,247.9,-0.097
T17514_2,58.3,0.266
AC78_1,184.2,-0.204
T6936_1,269.2,-0.008
AC76_3,212.2,-0.003
T6941_2,263.5,-0.069
AC254_2,256.8,-0.092
T16292_2,234.3,-0.387
AC254_3,287.7,0.053
AC280_2,279.1,0.057
T6943_2,223.3,-0.547
T1774_2,317.8,0.084
T1774_1,335.9,0.107
AC280_1,277.0,0.022
T6939_1,343.9,0.308
T6939_2,268.6,-0.008
T6930_1,14.1,0.48
T6930_2,228.9,-0.364
T6932_2,232.2,-0.383
AC302_3,355.0,0.437
AC302_1,7.8,0.411
T6932_1,182.2,-0.722
T1763_1,46.4,0.393
T6928_2,309.4,0.432
L60_7,55.4,0.43
T1773_2,25.3,0.611
T1778_1,239.7,-0.317
T6928_1,69.4,0.281
T1773_1,48.3,0.444
T1713_2,343.0,0.374
T6856_1,61.0,0.312
T6856_2,318.7,0.402
T1784_2,322.4,0.138
T6942_1,14.1,0.085
T6942_2,269.4,-0.005
AC323_4,339.1,0.46
AC79_3,244.7,-0.056
T6937_2,84.7,0.056
L60_27,211.8,-0.555
T6941_1,250.5,-0.214
T17514_1,122.3,-0.161
T17112_2,316.7,0.443
T6927_1,352.8,0.621
T17112_1,42.3,0.442
AC302_2,291.6,0.122
AC302_4,237.4,-0.212
T6934_1,17.4,0.611
T15576_2,356.9,0.864
T6934_2,341.7,0.818
T6938_1,339.5,0.377
AC323_1,5.5,0.404
T1763_2,299.1,0.347
T1713_1,48.1,0.353
T6927_2,294.3,0.186
T1784_1,273.8,0.014
T1783_2,272.2,0.016
AC323_5,247.6,-0.129
T17729_2,303.9,0.416
AC323_3,282.1,0.066
T6950_1,243.3,-0.163
T15576_1,111.7,-0.289
T6938_2,219.8,-0.594
T17727_2,336.7,0.653
T6949_1,334.8,0.749
T6949_2,319.4,0.604
T6910_2,354.6,0.49
T6910_1,21.0,0.647
T17729_1,165.1,-0.692
T17110_2,0.8,0.533
T1783_1,245.5,-0.209
AC323_2,244.6,-0.145
T1779_2,248.1,-0.194
T1782_1,303.8,0.26
T1779_1,299.6,0.155
T6944_1,19.9,0.32
T6944_2,309.7,0.125
AC366_3,20.8,0.627
AC366_1,19.3,0.209
T6950_2,215.2,-0.583
T6947_2,1.6,0.085
T6958_1,18.6,0.186
T17164_2,264.5,-0.08
T6954_1,3.6,0.491
T6956_2,356.4,0.853
T6956_1,249.2,-0.187
T1721_1,34.5,0.398
T1694_2,284.3,0.185
T1694_1,49.8,0.426
T1787_2,225.2,-0.461
T6954_2,281.5,0.058
AC410_5,349.5,0.503
T17164_1,112.5,-0.314
T6958_2,210.4,-0.046
T17727_1,205.4,-0.616
AC366_2,298.7,0.146
T1787_1,188.6,-0.752
AC388_3,335.0,0.293
L60_25,213.0,-0.509
T1782_2,235.9,-0.419
AC388_1,247.8,-0.13
T6947_1,41.4,0.066
T17110_1,266.2,-0.017
T6961_2,281.0,0.13
AC410_1,238.7,-0.2
AC366_4,296.9,0.105
AC388_2,250.8,-0.067
T6961_1,246.0,-0.288
T6962_1,335.9,0.441
T6857_2,333.5,0.478
T6955_1,23.8,0.191
T6964_2,323.8,0.32
AC410_3,286.0,0.071
T1789_1,101.7,-0.169
T1721_2,310.9,0.349
AC410_4,299.1,0.129
T6962_2,258.5,-0.055
T1793_2,263.4,-0.051
T1788_1,111.4,-0.192
T17734_1,340.5,0.592
T1789_2,203.3,-0.552
T17733_1,314.9,0.394
T17732_2,328.6,0.635
T17733_2,244.4,-0.326
AC430_1,336.5,0.345
T6957_2,20.0,0.436
T6957_1,241.8,-0.182
T6940_2,8.3,0.432
T6940_1,14.2,0.598
T1793_1,83.0,0.07
T6963_2,278.8,0.031
T6963_1,94.4,-0.019
T6955_2,243.6,-0.15
AC430_2,316.2,0.269
T6960_2,248.3,-0.127
T1764_1,46.9,0.345
T1764_2,307.3,0.389
T1794_2,17.2,0.603
T6967_1,256.7,-0.115
T1785_2,268.7,-0.01
T1785_1,8.2,0.345
T6948_1,342.1,0.758
T6946_1,18.0,0.67
T14892_1,25.2,0.131
T6946_2,343.4,0.824
T6857_1,58.9,0.398
T6948_2,13.7,0.628
AC255_1,29.1,0.621
T6904_2,297.7,0.113
T6904_1,6.2,0.45
T17731_2,323.0,0.61
T1788_2,200.9,-0.574
T17111_1,0.7,0.384
T6964_1,257.4,-0.057
AC255_2,293.5,0.155
T17732_1,188.6,-0.588
T17734_2,230.9,-0.386
AC410_2,317.2,0.129
T6978_2,4.7,0.072
T14892_2,336.5,0.041
T6965_1,50.0,0.514
T6965_2,8.7,0.764
T6969_2,6.2,0.874
T6967_2,210.4,-0.535
L60_24,209.3,-0.588
T15856_2,279.1,0.012
T1796_2,316.4,0.066
T1826_2,32.1,0.259
T6960_1,207.8,-0.589
T1794_1,53.3,0.216
AC430_3,297.4,0.09
T6978_1,80.5,0.113
T6981_2,42.3,0.013
T14888_2,244.9,-0.235
T6970_1,5.3,0.929
T6970_2,345.7,0.901
T15577_2,323.9,0.661
T6971_2,199.9,-0.628
T15857_1,314.8,0.111
T1796_1,167.7,-0.154
T1786_1,10.9,0.239
T6973_2,256.0,-0.156
T15856_1,163.9,-0.11
T6973_1,223.6,-0.424
AC255_3,311.7,0.19
T17731_1,191.6,-0.74
T14888_1,55.2,0.119
T6969_1,53.0,0.452
T6972_2,208.6,-0.642
T6984_2,297.8,0.348
T17111_2,278.0,0.03
T1801_1,34.8,0.396
T1801_2,293.4,0.226
T1790_1,20.1,0.32
T6971_1,186.1,-0.684
T6952_1,283.6,0.12
T6952_2,275.6,0.073
T1816_1,300.6,0.345
T1786_2,237.2,-0.284
T6981_1,12.4,0.248
T6990_2,209.8,-0.64
T6972_1,173.9,-0.755
T6988_1,47.4,0.551
T6980_2,3.1,0.787
T6979_1,356.2,0.702
T15857_2,175.1,-0.517
T1800_1,86.9,0.009
T1799_1,74.7,0.163
T1800_2,207.0,-0.144
T15577_1,70.0,0.263
T6980_1,41.2,0.508
T6979_2,320.9,0.42
AC80_2,78.4,0.121
T1797_2,269.2,-0.004
T1797_1,75.5,0.13
T6966_1,312.7,0.051
AC80_1,80.0,0.148
T1791_1,339.7,0.414
T6959_1,7.9,0.855
T1781_2,4.8,0.561
T1781_1,25.5,0.52
AC80_3,340.9,0.57
T6974_2,338.6,0.295
T6987_2,356.1,0.532
T6974_1,341.4,0.258
T6984_1,274.7,0.064
T6985_1,349.5,0.509
AC272_5,338.2,0.694
T6985_2,326.6,0.415
T1805_2,248.8,-0.197
T17109_1,16.2,0.365
T1805_1,196.3,-0.596
AC268_1,63.8,0.401
T1815_1,309.9,0.339
T6990_1,213.8,-0.574
T17109_2,281.9,0.076
T1790_2,215.7,-0.12
T1816_2,231.9,-0.421
AC270_3,352.2,0.842
T1815_2,288.3,0.149
AC272_1,345.1,0.387
T6987_1,225.7,-0.24
T1766_2,309.5,0.39
T1766_1,50.7,0.347
T6975_2,25.4,0.651
T6983_1,48.4,0.467
T6983_2,315.8,0.374
L60_10,129.9,-0.554
T6993_2,267.3,-0.032
T1799_2,101.0,-0.094
T6959_2,346.5,0.852
AC272_6,242.1,-0.155
T6988_2,105.1,-0.161
T6982_1,134.2,-0.366
T6982_2,203.6,-0.679
T6966_2,328.6,0.097
AC270_2,246.3,-0.117
T6991_2,7.8,0.805
T6968_1,3.3,0.71
T7002_2,179.4,-0.603
AC274_1,324.3,0.307
T1814_2,279.4,0.059
T1780_2,300.9,0.085
T1780_1,357.3,0.121
AC272_3,290.4,0.087
T7002_1,188.3,-0.567
AC268_4,307.4,0.416
AC81_3,332.4,0.129
AC266_3,332.0,0.607
T6975_1,32.8,0.547
T1809_2,191.1,-0.695
AC81_2,4.5,0.852
T14887_2,282.0,0.059
T14887_1,85.1,0.017
AC81_1,100.1,-0.065
AC80_4,285.3,0.007
T1809_1,153.4,-0.623
AC270_1,217.8,-0.186
T6998_2,278.2,0.084
T6992_1,30.1,0.076
AC262_4,300.7,0.096
T1695_2,329.4,0.599
T1695_1,37.0,0.563
AC276_4,5.8,0.566
T1804_2,36.5,0.455
L60_22,200.9,-0.42
T6968_2,340.0,0.665
T6989_1,344.1,0.314
T6989_2,246.4,-0.123
T1791_2,280.2,0.07
AC262_3,7.8,0.314
AC276_1,15.6,0.505
AC264_4,315.6,0.313
AC264_1,338.2,0.336
L60_12,181.2,-0.741
AC274_2,317.6,0.262
AC268_3,271.8,0.008
AC272_4,186.3,-0.844
T6993_1,225.6,-0.369
T6991_1,15.9,0.325
AC272_2,208.8,-0.609
AC268_2,172.2,-0.354
T1802_1,18.0,0.736
T1802_2,354.8,0.87
AC274_3,212.1,-0.442
L60_13,163.2,-0.688
AC266_2,263.6,-0.035
T6995_2,3.8,0.764
T6997_1,31.1,0.691
T6997_2,18.0,0.284
AC278_4,351.2,0.672
AC276_3,306.1,0.189
AC278_1,48.9,0.625
AC266_1,167.0,-0.337
AC262_1,316.5,0.183
T6994_2,350.7,0.575
AC282_2,46.5,0.667
AC276_2,237.3,-0.236
T6994_1,46.4,0.138
T1814_1,315.9,0.151
T6998_1,263.0,-0.056
T7008_2,231.6,-0.405
T6992_2,10.8,0.103
AC282_1,54.8,0.515
AC278_5,239.2,-0.128
T1804_1,101.7,-0.117
T7012_2,200.5,-0.165
T7012_1,134.0,-0.102
AC278_3,282.6,0.062
AC282_3,347.0,0.235
L60_6,23.2,0.45
T7011_2,333.6,0.143
T7009_1,312.5,0.211
T7009_2,308.2,0.224
T7005_1,252.8,-0.069
T6995_1,32.2,0.637
T7004_1,304.1,0.135
T7011_1,347.7,0.093
AC278_2,244.4,-0.115
AC282_4,278.2,0.045
AC264_2,272.8,0.013
T7001_1,77.1,0.047
T7001_2,236.0,-0.153
T7008_1,237.2,-0.343
T1726_1,346.9,0.384
T1798_2,312.0,0.331
AC262_2,204.5,-0.585
T7006_1,52.7,0.34
AC284_1,38.5,0.332
T1750_1,28.0,0.505
T7018_2,308.4,0.137
T7018_1,37.1,0.155
AC284_3,264.8,-0.034
T7014_1,143.3,-0.491
T7014_2,198.1,-0.628
T1719_2,295.1,0.223
T7017_2,41.2,0.368
T7017_1,75.9,0.166
AC284_2,337.7,0.27
T1817_2,310.6,0.479
T1813_2,284.4,0.124
T1750_2,311.4,0.326
T1719_1,28.3,0.293
T17751_2,248.5,-0.214
T7005_2,165.1,-0.462
T7007_1,324.3,0.23
AC286_1,44.9,0.429
T1726_2,315.0,0.355
T7004_2,216.8,-0.342
T7015_2,261.4,-0.142
T1803_2,353.8,0.74
T1803_1,45.9,0.533
L48_3,340.3,0.317
AC286_2,302.5,0.191
T6986_1,18.7,0.757
T15575_2,359.2,0.793
T1798_1,55.9,0.333
T17751_1,196.0,-0.607
AC264_3,206.3,-0.56
T7016_1,249.8,-0.255
L60_21,251.5,-0.164
T7006_2,101.8,-0.102
T7015_1,246.4,-0.366
AC300_1,33.6,0.808
T6986_2,352.3,0.722
T1839_1,94.2,-0.006
T1839_2,271.1,0.001
AC300_4,349.3,0.771
AC286_3,269.1,-0.004
AC298_3,360.0,0.808
T1810_1,37.8,0.259
T6933_2,302.9,0.068
T6933_1,51.5,0.135
T1850_1,128.0,-0.056
T1850_2,213.7,-0.443
T15575_1,47.8,0.485
T7007_2,227.0,-0.28
T7010_1,21.5,0.105
T1807_2,319.6,0.114
T1751_1,17.1,0.243
T14886_2,303.7,0.114
T1817_1,282.6,0.149
AC300_2,301.8,0.146
T1751_2,333.1,0.154
T7022_2,54.6,0.443
T7023_2,52.4,0.438
AC298_2,287.5,0.064
T1813_1,166.5,-0.463
T7016_2,252.1,-0.226
AC298_1,176.4,-0.905
AC296_1,185.9,-0.866
AC296_2,348.2,0.707
T17068_1,300.9,0.379
T17068_2,46.4,0.519
T1824_1,105.4,-0.15
T7013_1,182.6,-0.501
T7013_2,199.0,-0.505
T7019_1,171.7,-0.335
T7020_1,63.7,0.309
T1807_1,69.2,0.142
T1826_1,99.7,-0.014
L48_2,242.3,-0.079
T7019_2,204.6,-0.352
T7022_1,67.2,0.326
T7010_2,347.4,0.062
AC296_3,247.1,-0.097
AC288_1,5.6,0.142
AC298_4,177.6,-0.572
T14886_1,62.3,0.061
T7003_1,179.4,-0.403
T1824_2,215.8,-0.486
AC288_3,239.2,-0.309
AC288_2,306.7,0.143
T1810_2,34.5,0.046
T1826_3,271.7,0.006
T7020_2,96.3,-0.064
AC296_4,178.3,-0.555
AC304_5,278.4,0.032
T7003_2,247.0,-0.219
AC300_3,204.8,-0.469
T7029_1,58.6,0.394
T6996_1,16.9,0.463
T6999_2,344.4,0.3
T6999_1,0.8,0.452
T1822_1,63.1,0.101
T1822_2,307.1,0.1
T7028_1,345.4,0.174
T7028_2,298.1,0.098
T1819_2,79.1,0.059
T15590_2,340.3,0.654
T15590_1,40.8,0.495
AC304_2,16.5,0.757
T7023_1,123.9,-0.319
T1825_2,93.8,-0.016
AC304_1,63.5,0.202
T7032_2,110.9,-0.16
T7024_1,261.1,-0.054
T1820_1,330.8,0.244
L48_1,193.7,-0.377
T1821_1,336.8,0.074
T6996_2,306.3,0.127
AC294_3,330.0,0.47
T7027_1,10.0,0.413
AC292_1,336.1,0.349
T7027_2,222.2,-0.475
T1819_1,97.2,-0.085
T1821_2,290.9,0.01
T16766_2,242.7,-0.174
T1838_1,108.5,-0.131
AC306_1,13.3,0.198
AC290_1,290.3,0.068
T7030_2,247.1,-0.079
T7036_1,108.0,-0.235
T7032_1,199.7,-0.524
T7035_1,86.2,0.017
T1820_2,329.8,0.108
AC304_3,323.2,0.238
AC294_2,261.6,-0.045
AC292_4,268.1,-0.006
AC306_2,322.4,0.273
T7026_1,2.1,0.564
AC312_1,27.9,0.337
T7026_2,243.7,-0.141
AC314_1,16.8,0.761
T1838_2,223.1,-0.153
T7039_1,297.5,0.208
AC312_4,319.1,0.255
T7031_1,7.2,0.425
T7031_2,242.7,-0.226
AC308_2,35.5,0.691
AC310_3,343.6,0.293
AC290_3,246.9,-0.098
AC290_2,301.7,0.122
AC308_4,359.7,0.464
T16766_1,216.4,-0.336
T7029_2,96.4,-0.058
T7036_2,204.8,-0.772
AC306_3,252.0,-0.183
AC314_2,317.9,0.364
T7034_2,70.9,0.216
T1831_2,228.5,-0.322
T1825_1,107.4,-0.097
T1818_2,288.9,0.199
T1818_1,25.9,0.341
AC312_3,309.9,0.297
T7034_1,97.1,-0.087
AC292_3,273.1,0.015
AC314_3,202.0,-0.604
T7024_2,219.1,-0.4
AC312_2,181.2,-0.715
T1827_2,284.3,0.04
AC304_4,220.7,-0.502
T7030_1,165.4,-0.68
AC82_3,355.0,0.066
T1811_1,9.7,0.178
T1829_2,256.5,-0.072
T7033_2,253.2,-0.217
T7033_1,280.0,0.082
T1806_1,344.4,0.224
T1806_2,257.8,-0.095
T17829_2,331.7,0.337
T1827_1,48.4,0.082
T1812_2,258.5,-0.079
T1733_1,66.7,0.097
AC294_1,187.2,-0.326
T1812_1,290.6,0.139
T7038_1,316.2,0.228
T7035_2,126.1,-0.133
T7042_1,312.8,0.434
AC310_2,281.2,0.062
T15858_2,251.9,-0.139
AC308_3,284.2,0.08
T7037_2,254.6,-0.231
L49_3,301.5,0.365
AC82_2,19.6,0.825
L49_2,132.9,-0.061
AC308_1,228.6,-0.203
T1830_2,239.1,-0.339
T7051_1,150.7,-0.155
AC82_1,19.4,0.103
T1831_1,207.0,-0.491
T7039_2,250.9,-0.198
T7044_2,35.6,0.462
T1795_1,61.4,0.271
T1795_2,25.8,0.203
T1733_2,320.8,0.229
T7042_2,246.7,-0.269
T7037_1,249.4,-0.262
T1849_2,214.5,-0.308
T1849_1,82.2,0.031
AC308_5,234.7,-0.43
T1811_2,288.0,0.026
T1833_1,54.8,0.374
L60_4,66.6,0.276
T17750_2,270.3,0.005
T7045_1,155.7,-0.093
T7046_1,178.6,-0.678
T1808_1,36.9,0.051
T7046_2,223.0,-0.43
T1830_1,182.8,-0.789
T1808_2,311.5,0.043
T7045_2,156.9,-0.291
T17705_1,64.3,0.053
AC292_2,181.0,-0.742
T7040_1,83.4,0.086
T7051_2,247.2,-0.255
T1836_1,92.7,-0.006
T7048_1,278.0,0.102
L49_1,76.0,0.066
T7047_1,275.5,0.085
T17704_2,219.7,-0.28
T17830_2,345.2,0.254
T1792_1,58.4,0.316
T1792_2,346.8,0.679
T1828_2,55.3,0.314
T1835_1,267.5,-0.033
T1836_2,288.4,0.215
T1829_1,208.7,-0.113
AC310_1,213.5,-0.21
T17829_1,206.9,-0.33
T1832_2,268.8,-0.011
T7038_2,232.4,-0.12
T7048_2,237.6,-0.41
T15858_1,190.1,-0.1
T7043_1,2.7,0.411
T7043_2,273.6,0.022
T7025_1,60.5,0.088
T7000_2,335.0,0.074
T7000_1,40.8,0.077
T7053_1,154.6,-0.117
T7044_1,111.6,-0.264
T17750_1,157.3,-0.782
T7053_2,188.8,-0.721
T7041_2,347.0,0.109
T7021_1,89.4,0.004
T1835_2,258.0,-0.177
T7021_2,287.8,0.056
T7025_2,317.1,0.084
T1833_2,88.9,0.009
T7040_2,79.9,0.124
T7060_1,129.4,-0.014
T17705_2,228.7,-0.071
T1837_1,77.7,0.037
T7050_1,9.1,0.077
T17704_1,252.2,-0.11
T7047_2,269.0,-0.015
T1828_1,91.2,-0.016
L60_20,271.9,0.016
T1840_2,254.0,-0.19
T17830_1,198.1,-0.113
T1840_1,211.6,-0.382
T15855_2,277.4,0.083
T1841_1,263.4,-0.11
T7041_1,114.6,-0.203
T1832_1,202.3,-0.56
T17726_2,291.6,0.241
T17726_1,189.6,-0.645
T1842_2,260.4,-0.108
T7050_2,121.5,-0.084
T7052_2,339.8,0.673
T6976_1,53.3,0.419
T7056_1,173.1,-0.283
T7056_2,2.7,0.034
T7058_2,263.4,-0.073
T7049_1,337.4,0.13
T7049_2,296.7,0.113
T6976_2,338.2,0.608
T7057_2,264.0,-0.043
T7060_2,174.8,-0.656
T15855_1,244.1,-0.255
T17831_2,341.4,0.299
T15675_2,29.4,0.195
AC83_2,34.1,0.128
T7052_1,18.1,0.713
T15675_1,92.2,-0.01
AC83_1,115.2,-0.387
T1837_2,173.6,-0.342
L60_14,121.6,-0.327
T17832_2,328.6,0.25
T7057_1,171.9,-0.604
AC83_3,356.9,0.65
T1842_1,198.6,-0.567
T17766_2,287.5,0.273
T7055_2,266.8,-0.016
T7055_1,76.7,0.05
T7054_1,69.3,0.013
T7058_1,227.3,-0.406
T17831_1,188.0,-0.251
T1845_1,340.2,0.269
T7062_2,238.6,-0.37
T1848_1,150.9,-0.521
T17766_1,147.0,-0.741
T7064_1,285.2,0.245
AC83_4,11.0,0.059
L60_19,191.7,-0.599
T1843_1,12.3,0.847
T1843_2,9.7,0.92
T7054_2,247.5,-0.154
AC329_1,23.9,0.822
T7061_1,6.1,0.809
T7061_2,353.7,0.3
T7074_1,144.4,-0.292
T15674_1,70.7,0.173
T7067_1,0.7,0.874
T7067_2,95.0,-0.038
T7059_1,3.9,0.619
T7074_2,220.8,-0.602
AC327_1,343.4,0.657
AC329_4,4.1,0.674
AC327_4,312.8,0.355
T1848_2,239.9,-0.373
T7063_2,223.3,-0.387
T17832_1,221.0,-0.256
T15673_1,9.9,0.46
T7063_1,179.0,-0.261
AC325_2,342.1,0.543
T1844_2,321.6,0.307
T1844_1,57.2,0.206
T7062_1,203.0,-0.703
AC329_2,317.2,0.31
T7059_2,344.0,0.568
T1851_2,266.7,-0.036
T17706_2,257.1,-0.032
T17706_1,49.1,0.132
AC325_1,320.0,0.376
AC327_3,301.3,0.26
T17702_2,321.3,0.132
T7068_2,283.4,0.184
T1853_2,345.3,0.806
AC321_3,345.7,0.327
T7065_1,9.3,0.37
T7065_2,239.3,-0.225
T7068_1,164.5,-0.7
T1964_2,215.7,-0.213
AC316_2,29.1,0.667
T7064_2,258.0,-0.188
T1853_1,179.7,-0.435
AC318_2,326.0,0.199
AC316_4,235.3,-0.324
T1845_2,144.4,-0.181
AC316_3,355.6,0.398
T17702_1,171.2,-0.324
AC316_1,253.0,-0.124
AC321_5,263.8,-0.09
T7066_2,282.2,0.1
T7070_1,293.0,0.29
T1852_2,309.4,0.092
T7066_1,238.2,-0.23
AC325_3,205.7,-0.394
AC321_2,285.5,0.102
T15674_2,96.9,-0.047
AC321_4,169.6,-0.338
T7069_2,263.1,-0.079
AC329_3,166.9,-0.41
AC318_1,235.6,-0.181
T1851_1,210.6,-0.596
T7071_2,296.0,0.257
AC327_2,189.9,-0.508
T1964_1,145.7,-0.275
T15673_2,133.0,-0.445
T14900_2,304.0,0.116
T17703_1,40.9,0.297
T7071_1,179.8,-0.524
L60_3,7.8,0.166
T7075_2,241.1,-0.383
T7070_2,267.0,-0.041
T7073_1,337.1,0.465
T7075_1,128.4,-0.217
T14900_1,92.6,-0.008
L60_15,109.6,-0.236
AC321_1,180.3,-0.418
AC318_3,226.0,-0.493
T7069_1,228.0,-0.496
T17703_2,227.3,-0.171
T7073_2,171.7,-0.859
T1854_2,229.1,-0.282
T1852_1,206.8,-0.1
T1856_1,5.2,0.695
T7077_1,289.1,0.235
L60_17,154.0,-0.669
T7078_2,283.0,0.049
T7086_1,118.7,-0.376
T7072_2,242.7,-0.321
T7072_1,193.4,-0.776
T7083_2,298.3,0.07
T7081_2,297.3,0.131
L53_3,297.7,0.26
T7083_1,196.1,-0.601
T1856_2,223.9,-0.424
T1846_1,70.2,0.077
T7078_1,119.8,-0.055
T7080_1,238.7,-0.263
T7079_1,292.0,0.232
T7085_2,284.0,0.096
T7082_1,261.4,-0.093
T7082_2,264.6,-0.05
T1854_1,205.0,-0.393
L60_18,226.9,-0.418
T7079_2,255.5,-0.178
T7077_2,276.3,0.081
T7094_1,125.1,-0.233
T7094_2,227.2,-0.572
T1846_2,289.0,0.133
T7076_1,322.9,0.182
AC331_4,249.5,-0.245
T7086_2,130.1,-0.471
AC331_2,257.3,-0.209
AC331_1,51.3,0.518
AC331_3,26.2,0.42
T7085_1,219.7,-0.387
T7081_1,261.8,-0.03
T7089_1,175.2,-0.578
T7089_2,197.3,-0.644
T1857_2,201.5,-0.563
T7080_2,246.9,-0.196
T7076_2,219.0,-0.272
T7087_2,278.0,0.095
L50_3,258.0,-0.097
L50_2,205.3,-0.06
T7095_2,47.1,0.573
T7095_1,61.3,0.375
T1858_2,202.0,-0.525
T1857_1,160.1,-0.555
T7100_2,213.1,-0.294
T1858_1,127.1,-0.328
T7100_1,157.3,-0.382
T1895_1,143.8,-0.511
T7092_2,250.4,-0.112
T7102_2,229.8,-0.077
T1895_2,206.9,-0.41
T1855_1,326.9,0.29
L53_4,295.9,0.127
T7093_2,248.3,-0.277
T7087_1,207.6,-0.112
T7098_1,77.5,0.175
L50_1,260.4,-0.073
L60_8,220.0,-0.389
L51_1,154.6,-0.143
L51_2,124.4,-0.02
T7102_1,220.4,-0.35
T1855_2,272.7,0.013
T7105_1,253.4,-0.111
T7093_1,241.5,-0.312
L52_1,166.3,-0.271
T7097_2,265.6,-0.044
L52_2,74.9,0.014
T7088_2,258.4,-0.018
T7088_1,13.5,0.048
T7109_2,269.1,-0.01
L53_5,253.4,-0.1
T7103_2,312.5,0.043
T1881_2,250.2,-0.206
T7097_1,218.9,-0.512
T7098_2,97.8,-0.097
T7092_1,299.7,0.158
T7105_2,182.0,-0.559
T7106_1,94.4,-0.015
T16768_2,200.2,-0.683
T16768_1,347.9,0.681
L60_1,337.9,0.22
T7084_2,357.0,0.145
T7091_1,4.5,0.262
T7084_1,49.5,0.109
T7096_1,93.2,-0.023
T7096_2,48.0,0.103
T7110_1,121.6,-0.183
T1847_1,24.8,0.448
T1847_2,342.1,0.538
T7091_2,331.4,0.099
T1881_1,215.8,-0.53
L53_2,304.9,0.005
T7106_2,216.6,-0.58
T7101_1,65.0,0.141
T17765_2,280.2,0.099
T7110_2,228.9,-0.458
T7101_2,214.2,-0.246
AC333_1,23.1,0.305
T1861_1,210.4,-0.359
T7109_1,220.5,-0.315
T7103_1,242.5,-0.024
T1861_2,28.2,0.08
T1863_1,107.6,-0.103
T7107_2,94.2,-0.048
T14894_1,72.1,0.059
T7090_2,320.9,0.18
T14894_2,285.5,0.061
T7090_1,349.7,0.029
T16764_2,282.0,0.186
T7117_2,261.0,-0.118
L53_1,123.9,-0.104
AC333_2,334.0,0.179
T7107_1,92.7,-0.037
T1863_2,129.2,-0.375
T7117_1,160.5,-0.342
T7120_2,333.9,0.598
T7120_1,331.2,0.674
T16764_1,138.7,-0.526
T17765_1,134.5,-0.5
T1894_2,220.4,-0.372
T1894_1,106.9,-0.19
T16767_2,355.8,0.756
T7111_1,353.5,0.617
T7111_2,248.9,-0.165
T1862_1,85.6,0.052
T16765_2,300.2,0.287
T1860_1,65.4,0.309
T14899_2,297.9,0.149
T7104_1,51.1,0.194
T7115_2,288.3,0.153
T7114_1,317.3,0.584
T7104_2,239.7,-0.072
L54_1,5.5,0.035
T7113_1,320.4,0.103
T7116_1,64.9,0.278
T7113_2,219.8,-0.414
T1860_2,246.9,-0.215
T7118_2,239.9,-0.341
T7118_1,212.1,-0.368
T1963_2,225.0,-0.236
L55_2,292.6,0.056
L55_1,38.2,0.295
T14899_1,82.6,0.009
AC333_3,228.0,-0.426
L54_2,307.7,0.136
T7121_2,271.9,0.021
T1882_1,257.4,-0.132
T7123_2,194.8,-0.609
T1963_1,142.8,-0.317
T7119_1,290.4,0.248
T7115_1,217.8,-0.391
T7114_2,216.7,-0.554
T16767_1,199.9,-0.762
T1862_2,105.1,-0.187
T7123_1,111.6,-0.271
T16765_1,185.8,-0.512
T1880_2,318.1,0.285
L55_3,284.8,0.125
T7116_2,89.4,0.006
T7119_2,262.9,-0.072
T7134_2,233.7,-0.356
T7134_1,223.1,-0.482
T17762_2,326.5,0.633
T7121_1,214.1,-0.447
T6977_2,30.9,0.109
T6977_1,33.2,0.104
T7108_1,79.7,0.026
T17760_2,334.7,0.652
T1864_1,106.9,-0.046
T1864_2,324.9,0.067
T7128_2,250.8,-0.121
L56_3,250.2,-0.147
T1882_2,224.4,-0.436
AC335_2,29.3,0.526
T7112_2,356.1,0.277
AC335_4,244.5,-0.189
T14898_2,271.6,0.004
T14898_1,51.8,0.086
T17760_1,188.1,-0.59
L56_2,290.1,0.016
T1876_2,331.8,0.052
T1880_1,203.1,-0.606
T1866_1,161.0,-0.578
T1866_2,247.7,-0.232
AC335_3,333.7,0.189
T7135_2,263.3,-0.023
T7135_1,176.6,-0.8
T17762_1,165.1,-0.614
AC335_1,131.9,-0.576
T17758_1,336.3,0.199
T17761_2,328.2,0.662
T17758_2,217.7,-0.698
T7126_2,253.8,-0.144
T7126_1,334.0,0.324
T7124_1,134.7,-0.59
T7124_2,267.8,-0.027
T1868_2,21.6,0.178
T7130_2,303.0,0.349
T1865_1,70.6,0.236
T7112_1,55.3,0.3
T17761_1,154.1,-0.482
T7125_1,171.8,-0.637
T7127_2,310.8,0.453
T7127_1,337.1,0.557
T7108_2,118.3,-0.01
T17764_1,337.6,0.584
T1865_2,285.8,0.087
T1867_2,314.9,0.115
AC84_1,352.4,0.044
T7125_2,170.9,-0.702
T1867_1,80.0,0.022
T7128_1,242.7,-0.08
T1876_1,301.9,0.044
T17764_2,183.1,-0.521
L56_1,216.1,-0.469
AC84_2,19.4,0.327
T7130_1,257.4,-0.065
AC351_2,358.4,0.628
T7138_2,265.9,-0.039
T7131_1,213.8,-0.655
AC351_1,238.5,-0.386
AC337_1,58.6,0.317
T7129_1,208.2,-0.041
T7129_2,88.6,0.002
T7099_2,343.6,0.151
T17709_1,196.9,-0.517
T17709_2,290.7,0.219
AC349_4,349.2,0.632
T7133_1,296.7,0.19
L59_2,19.8,0.077
T1834_1,54.3,0.399
AC343_1,11.8,0.754
T1834_2,333.6,0.533
T7132_2,184.2,-0.276
AC337_3,269.2,-0.009
L59_5,286.9,0.061
AC351_3,259.9,-0.049
AC337_2,11.5,0.256
AC347_4,344.0,0.501
T1893_1,135.2,-0.265
T1872_1,349.6,0.473
T1893_2,233.7,-0.358
AC343_4,339.5,0.797
AC339_1,4.3,0.659
T7137_2,191.0,-0.614
L58_1,41.1,0.632
AC358_4,350.3,0.795
T1871_2,42.3,0.639
T1871_1,22.2,0.769
AC341_3,0.9,0.815
T1872_2,241.6,-0.221
AC349_1,181.3,-0.958
T7137_1,100.7,-0.114
AC356_2,312.3,0.663
T1870_1,323.7,0.681
AC358_1,10.6,0.834
T7132_1,211.2,-0.414
AC85_2,307.1,0.23
AC85_1,94.2,-0.011
T7138_1,190.9,-0.588
T1869_1,240.6,-0.392
AC343_3,324.2,0.266
T14901_2,302.9,0.216
T14901_1,79.4,0.026
T1859_2,44.5,0.196
L57_3,352.1,0.733
T7140_2,344.1,0.123
T7144_2,351.9,0.359
T17757_2,323.4,0.61
AC341_1,183.4,-0.954
T1870_2,303.8,0.376
AC349_3,259.8,-0.052
T7146_1,316.4,0.161
AC84_3,27.6,0.075
AC341_2,295.6,0.147
AC358_3,312.5,0.236
T1879_2,242.8,-0.236
T15249_2,262.0,-0.102
T17752_1,336.7,0.685
T1868_1,125.4,-0.102
T1879_1,208.8,-0.394
T7099_1,83.8,0.018
AC351_4,185.9,-0.552
T7122_1,280.7,0.116
T1875_2,278.7,0.088
AC347_3,275.6,0.02
T7122_2,270.6,0.007
AC339_2,306.5,0.136
T1877_1,274.1,0.045
AC347_1,169.2,-0.551
T1873_1,7.4,0.676
T1873_2,341.7,0.777
AC360_1,74.2,0.182
T1878_1,230.1,-0.522
T1859_1,90.6,-0.004
AC85_3,32.5,0.034
T1878_2,248.9,-0.229
T15249_1,158.4,-0.544
T7133_2,254.0,-0.139
T17752_2,206.8,-0.291
T7145_1,72.9,0.173
T7146_2,272.4,0.003
AC349_2,164.8,-0.432
AC358_2,202.3,-0.461
T7140_1,171.8,-0.196
T15250_2,288.7,0.256
T17757_1,190.1,-0.394
T1875_1,248.9,-0.197
AC347_2,190.1,-0.885
T7145_2,122.3,-0.355
T7147_2,234.9,-0.25
T7147_1,118.5,-0.268
T7141_2,190.9,-0.67
T7143_2,250.6,-0.205
T7143_1,273.4,0.022
AC343_2,185.0,-0.736
T7144_1,184.5,-0.301
T7141_1,155.4,-0.587
AC347_5,183.4,-0.653
AC341_4,211.7,-0.22
T17759_2,329.5,0.55
AC360_3,352.9,0.678
AC356_4,309.4,0.485
L57_2,139.9,-0.014
T15250_1,164.3,-0.598
L58_2,312.7,0.066
T17759_1,186.8,-0.384
AC356_3,231.8,-0.158
T7142_1,134.9,-0.461
T7136_2,317.3,0.571
T7136_1,334.3,0.642
AC360_2,267.5,-0.011
T17763_1,310.8,0.483
AC339_3,217.3,-0.586
T1877_2,241.8,-0.297
L59_3,286.5,0.005
T7149_1,155.2,-0.303
T7149_2,184.3,-0.372
T7142_2,169.0,-0.626
T7157_2,205.8,-0.507
T1884_2,27.1,0.745
T7157_1,178.8,-0.676
T1884_1,18.0,0.809
L59_4,179.2,-0.134
T1886_2,199.2,-0.684
T17763_2,187.1,-0.424
AC364_1,346.9,0.79
T7165_2,244.8,-0.191
T7165_1,145.1,-0.433
AC362_2,10.7,0.728
T7151_1,192.4,-0.404
T7170_1,282.6,0.027
T17767_2,297.1,0.26
T17756_1,348.6,0.565
AC352_1,27.7,0.634
T17756_2,214.2,-0.616
AC362_1,268.6,-0.005
AC354_1,331.9,0.511
T17767_1,186.5,-0.419
AC356_1,162.9,-0.678
T1883_2,262.3,-0.093
T7151_2,256.9,-0.186
T15175_2,253.8,-0.127
T7152_2,290.8,0.047
T1885_2,297.7,0.167
AC352_3,241.6,-0.366
AC352_2,317.8,0.229
AC364_3,251.2,-0.051
L57_1,177.2,-0.235
AC354_4,234.8,-0.262
T1883_1,258.9,-0.147
T7148_1,153.2,-0.631
T1888_2,308.4,0.441
T7152_1,131.4,-0.114
AC354_2,252.7,-0.07
L58_3,235.4,-0.214
T7155_2,232.8,-0.195
T7148_2,154.4,-0.625
T1888_1,179.2,-0.562
AC360_4,211.1,-0.565
L59_1,162.2,-0.391
T1887_2,207.9,-0.815
T7173_2,323.7,0.255
T1885_1,138.7,-0.63
AC503_1,124.6,-0.556
T7150_1,142.9,-0.477
T7150_2,218.1,-0.34
T15174_2,303.3,0.396
T1886_1,142.7,-0.671
T15175_1,156.5,-0.323
T7169_1,123.5,-0.229
L60_26,274.8,0.018
T7170_2,270.9,0.002
T7178_2,179.2,-0.213
AC362_3,188.8,-0.772
T7178_1,113.4,-0.193
T7156_1,355.9,0.252
T7153_1,64.4,0.131
T7153_2,14.0,0.051
T1887_1,187.2,-0.797
AC364_2,175.4,-0.862
T7155_1,137.4,-0.476
T7166_1,117.4,-0.373
T7169_2,150.7,-0.383
T15174_1,138.4,-0.414
T15173_2,317.0,0.339
L60_5,247.8,-0.252
AC354_3,175.9,-0.863
T14897_2,295.9,0.07
T7164_1,38.0,0.118
T7175_2,211.8,-0.615
T7175_1,180.9,-0.482
T7156_2,125.6,-0.408
T7173_1,182.7,-0.296
T7166_2,143.6,-0.368
T7160_2,267.7,-0.023
T7154_2,311.0,0.231
T7139_1,15.2,0.129
T7139_2,24.1,0.041
T14897_1,39.8,0.055
T7172_2,278.4,0.068
T7176_2,219.4,-0.445
T7177_1,292.1,0.304
T1889_1,163.0,-0.481
T17708_1,111.5,-0.206
T1889_2,170.4,-0.477
T17708_2,265.1,-0.042
T15173_1,180.3,-0.595
T17755_2,302.1,0.363
T7172_1,271.5,0.015
T7161_1,156.9,-0.59
T7177_2,260.7,-0.08
L60_2,136.2,-0.304
T7176_1,195.0,-0.575
T7158_1,146.5,-0.507
T7158_2,217.4,-0.556
L61_2,316.4,0.053
T7161_2,184.5,-0.618
T7160_1,225.0,-0.393
T7154_1,91.9,-0.012
T7179_2,304.7,0.118
T7164_2,195.5,-0.163
T7162_1,131.4,-0.349
T7163_1,176.2,-0.587
L61_1,116.9,-0.171
T17579_1,15.6,0.817
T7162_2,195.8,-0.555
T1890_1,308.2,0.555
T7179_1,188.7,-0.341
AC86_4,17.7,0.039
T17578_1,105.4,-0.107
T17755_1,171.4,-0.381
T7193_2,96.5,-0.019
T7174_1,87.3,0.015
T7174_2,295.5,0.106
AC86_1,105.9,-0.08
T7168_1,145.9,-0.356
T7168_2,209.8,-0.52
T7184_1,303.2,0.409
T7167_2,37.1,0.183
AC86_2,4.2,0.782
T7163_2,188.3,-0.563
AC86_3,120.1,-0.493
T1892_1,143.9,-0.547
T7180_2,68.4,0.095
AC503_3,302.5,0.026
T1892_2,197.6,-0.294
L61_3,293.9,0.132
T7190_2,249.9,-0.137
T7187_2,51.3,0.233
T7191_1,13.3,0.113
T7189_2,46.7,0.079
T7183_2,86.9,0.021
T1890_2,267.8,-0.033
T7189_1,27.7,0.187
T7186_1,190.7,-0.635
T7186_2,185.2,-0.544
T17579_2,160.3,-0.662
T17754_1,326.2,0.508
T17578_2,122.3,-0.23
T7192_2,231.3,-0.492
T17753_1,344.9,0.596
T7193_1,109.3,-0.107
T7190_1,122.5,-0.209
AC503_7,,0.0
T7183_1,83.8,0.043
T7191_2,284.6,0.051
T7167_1,107.9,-0.075
T7184_2,295.8,0.275
T7192_1,197.5,-0.539
T17749_1,349.5,0.845
T7187_1,100.4,-0.066
T7185_2,282.9,0.179
T7185_1,208.2,-0.289
T7180_1,102.4,-0.072
T17754_2,182.6,-0.57
T7181_1,153.5,-0.574
L62_1,356.9,0.017
T7197_1,107.3,-0.102
T7181_2,179.2,-0.561
T7197_2,236.3,-0.15
T1897_1,138.1,-0.496
AC87_4,67.7,0.015
T17753_2,205.0,-0.488
T1897_2,187.5,-0.638
T7198_2,277.6,0.065
T7198_1,124.1,-0.204
T7188_2,214.2,-0.532
T7188_1,151.6,-0.606
T7195_1,127.1,-0.098
T7195_2,128.6,-0.038
T17707_2,267.1,-0.024
T17707_1,119.8,-0.285
T7194_2,220.0,-0.442
T17749_2,211.2,-0.591
T7200_2,251.6,-0.097
T7200_1,237.1,-0.136
T7196_2,169.1,-0.629
T7196_1,150.7,-0.595
T7194_1,172.1,-0.568
AC87_1,88.1,0.013
L62_2,292.5,0.017
T7182_2,31.9,0.101
T7207_1,88.4,0.011
T7210_1,30.4,0.144
T7182_1,119.8,-0.04
T7206_1,80.7,0.073
AC87_2,39.2,0.365
T7204_2,191.1,-0.628
T7204_1,176.0,-0.695
T17712_1,53.1,0.344
T17711_1,104.8,-0.128
T7213_2,291.5,0.219
T17711_2,299.7,0.117
AC87_3,113.6,-0.087
T7217_2,305.9,0.48
T7159_2,326.3,0.05
T7171_2,247.7,-0.149
T7211_2,290.8,0.073
T7205_1,137.4,-0.416
T7212_1,276.2,0.067
T1896_2,119.3,-0.312
AC368_2,4.6,0.63
T7207_2,100.5,-0.05
T7159_1,88.4,0.003
T7201_2,226.3,-0.497
T7171_1,298.2,0.109
T7206_2,140.1,-0.317
T7201_1,177.2,-0.731
AC368_1,289.1,0.063
T7213_1,223.6,-0.175
T15176_2,241.0,-0.188
T7217_1,240.0,-0.201
AC89_3,64.3,0.016
T17710_2,317.9,0.267
T1898_1,98.2,-0.036
T17712_2,245.5,-0.301
T1899_1,249.4,-0.226
T1906_2,237.0,-0.323
T1898_2,203.7,-0.161
T7210_2,143.3,-0.091
T1906_1,152.6,-0.391
T1900_1,284.6,0.109
T127_1,148.0,-0.321
AC90_2,76.7,0.031
T127_2,53.4,0.031
T1899_2,231.4,-0.429
T1896_1,176.1,-0.755
T7214_2,329.9,0.112
T7214_1,97.5,-0.006
T7220_2,193.0,-0.643
T1905_1,46.0,0.285
T7211_1,261.2,-0.008
T7205_2,186.2,-0.787
T14896_2,313.7,0.065
T14896_1,98.1,-0.018
T7218_2,342.6,0.203
AC89_1,151.0,-0.199
AC503_5,49.0,0.042
AC90_4,321.2,0.029
T7212_2,279.0,0.121
T1961_2,260.8,-0.105
T1918_1,62.0,0.116
T1905_2,189.3,-0.607
T17710_1,179.4,-0.431
T15176_1,238.6,-0.16
T7220_1,189.0,-0.593
AC89_2,63.7,0.177
T7218_1,257.7,-0.02
T7209_2,72.4,0.134
T7209_1,90.6,-0.005
AC368_3,201.9,-0.577
AC370_1,64.6,0.327
L63_2,218.1,-0.125
T1902_2,72.6,0.082
L63_1,25.1,0.025
AC370_2,328.7,0.11
T1891_2,316.1,0.118
AC90_3,31.0,0.276
T15171_2,295.8,0.275
T7224_1,317.8,0.616
T7224_2,314.7,0.528
T1900_2,229.5,-0.425
L63_3,63.6,0.024
T1904_1,52.8,0.186
AC370_3,252.3,-0.261
T7215_2,266.2,-0.037
T7215_1,348.7,0.276
T1961_1,97.2,-0.075
T1918_2,241.9,-0.274
L67_4,336.0,0.397
T7232_2,241.3,-0.097
T7232_1,125.7,-0.409
T7216_1,118.4,-0.284
T7216_2,182.7,-0.807
T1891_1,84.5,0.037
T1907_2,101.1,-0.138
T15473_2,233.9,-0.411
T15473_1,135.0,-0.451
T15171_1,239.0,-0.227
T1904_2,142.3,-0.132
T7228_1,94.9,-0.055
T1903_1,54.6,0.167
T17701_1,342.3,0.323
AC89_4,136.9,-0.185
T7226_2,351.9,0.622
T7226_1,141.2,-0.009
T7235_2,121.0,-0.17
AC90_1,107.5,-0.05
L64_2,195.0,-0.009
T7221_2,240.9,-0.446
T7208_1,313.5,0.471
T15172_2,311.7,0.533
T15732_2,285.3,0.163
T1912_1,257.8,-0.112
T7208_2,306.6,0.419
T1912_2,253.5,-0.174
T7223_1,330.4,0.554
L65_3,8.3,0.24
T1902_1,162.9,-0.291
T1911_1,265.5,-0.049
T7221_1,217.3,-0.657
T1917_1,55.9,0.269
T7231_1,133.0,-0.157
T1960_2,298.8,0.191
T7230_1,309.0,0.533
T1907_1,98.2,-0.106
L65_2,162.8,-0.039
T7225_2,,0.0
T7219_1,,0.0
T1919_1,65.5,0.344
T1960_1,162.3,-0.263
T7230_2,195.7,-0.798
T1919_2,156.1,-0.336
T7235_1,148.6,-0.44
T1913_2,205.4,-0.729
T15172_1,203.5,-0.345
T7228_2,120.7,-0.381
T1903_2,102.6,-0.041
T1917_2,223.8,-0.362
T1913_1,162.7,-0.54
T7219_2,,0.0
T7233_1,,0.0
T7231_2,115.2,-0.089
T7225_1,,0.0
T15732_1,233.6,-0.374
T7233_2,,0.0
T1908_1,109.1,-0.249
T1908_2,128.7,-0.215
T7240_1,292.6,0.064
T7234_2,266.9,-0.037
T17701_2,193.8,-0.638
T7236_1,236.9,-0.048
T1911_2,239.9,-0.249
T1941_2,256.1,-0.12
L64_1,144.4,-0.525
T7223_2,249.8,-0.123
T15170_2,307.4,0.42
T15730_2,266.1,-0.043
L66_3,53.2,0.099
L66_1,81.8,0.036
T7237_2,101.4,-0.155
T15730_1,188.8,-0.732
T7238_2,146.7,-0.18
T7238_1,157.9,-0.205
L67_2,225.3,-0.016
L67_3,234.4,-0.015
T7239_2,240.4,-0.375
T7239_1,138.1,-0.279
L65_1,235.4,-0.112
T7236_2,240.2,-0.14
T17488_2,299.0,0.15
T1920_1,152.4,-0.264
T17488_1,162.6,-0.266
T1915_1,93.5,-0.015
T1923_1,90.3,-0.003
T15170_1,209.3,-0.33
T1909_2,161.3,-0.224
AC503_6,141.0,-0.007
T1910_2,116.0,-0.139
L66_2,172.7,-0.269
T7246_1,114.8,-0.325
T7229_1,5.2,0.293
T1915_2,291.4,0.008
AC503_2,95.9,-0.024
T1941_1,196.0,-0.53
T1962_2,333.2,0.394
T15251_2,300.5,0.385
L67_1,73.5,0.175
T7240_2,271.6,0.004
L68_1,299.8,0.06
T15251_1,147.1,-0.555
T7241_2,11.1,0.483
AC503_4,246.8,-0.025
L68_2,218.8,-0.009
T7243_1,105.7,-0.135
T7242_1,146.0,-0.368
T1920_2,164.4,-0.149
T7234_1,266.3,-0.025
T7244_2,112.0,-0.061
T7241_1,179.3,-0.554
T1923_2,130.8,-0.266
T7249_2,310.7,0.398
T7249_1,357.1,0.882
T1914_2,,0.0
T7243_2,166.6,-0.492
L69_2,334.2,0.429
T7222_1,70.8,0.027
T1922_2,32.8,0.426
L69_3,306.6,0.01
T15179_2,323.3,0.552
L74_2,66.5,0.045
T7256_1,304.6,0.141
T7256_2,258.7,-0.043
T1914_1,,0.0
T1924_1,127.4,-0.213
T1924_2,231.6,-0.355
T7248_1,102.0,-0.105
T7237_1,120.9,-0.412
L70_2,62.0,0.008
T7258_1,321.3,0.104
T7229_2,283.1,0.056
T1922_1,133.6,-0.483
T7259_1,292.7,0.058
T1910_1,128.0,-0.431
L71_2,89.9,0.0
T7258_2,217.7,-0.085
T15180_1,352.9,0.824
T7250_2,332.9,0.235
T7250_1,331.2,0.339
T1909_1,159.1,-0.275
T7246_2,133.9,-0.53
T1962_1,110.6,-0.067
T7203_2,2.4,0.059
T7248_2,157.2,-0.228
T7242_2,182.6,-0.338
T7254_2,293.6,0.264
L71_1,241.0,-0.008
T7254_1,213.2,-0.406
T7199_1,314.9,0.16
T17489_2,302.8,0.213
T7222_2,47.5,0.06
L68_3,144.5,-0.273
T1921_1,129.0,-0.38
T1932_1,166.2,-0.28
T1932_2,253.6,-0.111
L72_1,236.6,-0.102
T7259_2,252.9,-0.074
T15179_1,242.4,-0.199
T7244_1,182.9,-0.509
L69_1,155.9,-0.243
L72_2,119.6,-0.014
T1931_2,237.6,-0.38
T7267_2,289.6,0.079
T7263_2,260.6,-0.086
L73_2,286.4,0.01
T17487_2,346.3,0.235
T1931_1,140.2,-0.368
T1967_2,295.7,0.257
T1921_2,146.5,-0.533
L70_1,91.7,-0.006
T7253_2,237.4,-0.374
L73_1,307.6,0.015
T7245_1,141.0,-0.4
T1916_1,39.2,0.121
T1916_2,306.2,0.153
T7245_2,193.1,-0.636
L74_3,293.1,0.008
T7263_1,146.5,-0.589
T7272_2,277.7,0.034
T1967_1,128.4,-0.087
T15180_2,245.3,-0.274
L74_1,136.8,-0.359
T17491_1,24.5,0.134
T1926_2,222.1,-0.414
T7257_2,257.8,-0.16
T7260_2,263.9,-0.024
T7260_1,293.8,0.008
T17491_2,237.2,-0.083
T1935_2,253.2,-0.163
T7275_1,274.5,0.024
T15177_2,265.9,-0.039
T7253_1,219.2,-0.474
L75_3,279.3,0.067
T17489_1,179.8,-0.274
T17487_1,191.5,-0.104
T7199_2,296.4,0.101
T17490_2,291.9,0.053
T7262_1,125.7,-0.439
T7269_2,327.5,0.489
T7267_1,226.1,-0.075
T1926_1,191.4,-0.616
T7262_2,160.4,-0.588
L75_2,165.9,-0.144
T17492_1,330.4,0.229
L76_2,236.4,-0.013
L77_3,324.9,0.065
T1956_2,300.0,0.254
T7252_1,296.9,0.166
L75_4,252.4,-0.163
T7275_2,219.3,-0.112
T1935_1,163.2,-0.588
T7264_2,96.2,-0.075
T1966_1,133.8,-0.119
T1966_2,287.1,0.051
T15177_1,218.3,-0.336
T7252_2,317.2,0.217
T15169_1,297.7,0.328
L77_2,7.8,0.092
T15178_1,283.2,0.153
T7274_1,281.6,0.041
T14895_2,262.4,-0.011
T7257_1,239.7,-0.356
T1940_2,244.8,-0.213
T15169_2,255.5,-0.169
T14895_1,65.5,0.038
T1934_2,247.8,-0.101
L74_4,219.6,-0.075
T7269_1,158.6,-0.148
T1934_1,186.7,-0.24
T7277_2,303.4,0.072
T7203_1,85.1,0.009
T7276_2,301.0,0.074
T1933_2,234.9,-0.447
T1956_1,246.7,-0.152
L76_1,34.3,0.301
T7272_1,262.3,-0.018
T15178_2,207.0,-0.607
T1945_2,221.3,-0.258
T1953_2,264.7,-0.015
T1945_1,147.6,-0.382
T7266_2,263.1,-0.04
T7288_2,305.3,0.065
T7266_1,239.1,-0.085
L75_1,118.8,-0.142
T1936_2,261.3,-0.02
T7264_1,99.8,-0.146
T15729_1,277.5,0.086
T15729_2,184.6,-0.549
T1940_1,130.4,-0.279
T17495_1,305.9,0.048
T7277_1,285.6,0.026
T1953_1,144.4,-0.446
T7255_1,101.8,-0.032
T7255_2,134.3,-0.225
T17490_1,202.7,-0.125
T1936_1,205.0,-0.081
T7268_1,83.4,0.018
AC250_6,119.8,-0.026
T7282_1,256.3,-0.119
T1933_1,220.4,-0.442
T17492_2,210.9,-0.114
L77_1,178.2,-0.053
T7202_2,283.1,0.13
T7202_1,39.0,0.073
T7251_2,11.4,0.435
T7251_1,63.9,0.267
AC372_3,18.5,0.494
T17494_2,313.3,0.044
AC91_4,70.4,0.034
T7270_2,298.5,0.277
T14908_2,250.4,-0.085
T14908_1,74.8,0.05
T7274_2,218.9,-0.278
AC91_1,64.7,0.025
T7276_1,255.2,-0.039
T1952_1,120.4,-0.238
L78_2,298.0,0.009
T17495_2,297.1,0.03
T7281_1,313.4,0.171
T7273_2,305.7,0.285
AC91_3,28.7,0.48
AC91_2,133.8,-0.412
T7286_2,263.9,-0.052
T7281_2,243.3,-0.315
T1952_2,226.9,-0.405
T7268_2,135.5,-0.19
T1943_2,303.2,0.411
T7271_1,340.3,0.111
T7273_1,101.5,-0.091
AC506_1,43.2,0.108
T7288_1,218.3,-0.085
T7293_2,302.5,0.387
T7280_1,319.0,0.424
T1943_1,232.1,-0.523
T1929_1,46.8,0.468
T7279_1,35.5,0.502
T1927_1,302.9,0.328
T1929_2,287.2,0.18
T7278_1,91.6,-0.023
T1928_1,270.4,0.003
T7280_2,295.3,0.263
L78_1,359.6,0.134
T14904_1,78.8,0.049
T7290_2,231.8,-0.314
T14904_2,211.8,-0.322
T7247_2,11.4,0.052
T1947_2,352.0,0.5
T7293_1,338.9,0.465
T7279_2,98.2,-0.095
AC372_1,120.7,-0.359
T7302_1,,0.0
T7282_2,241.1,-0.239
T7270_1,244.2,-0.275
T1927_2,293.6,0.245
AC372_2,342.6,0.162
T7265_1,303.1,0.442
AC372_4,240.5,-0.309
AC374_1,90.9,-0.008
T7283_1,74.7,0.06
T17496_1,341.4,0.481
T7294_1,64.7,0.354
T7294_2,356.6,0.713
T7247_1,76.0,0.009
T1947_1,202.5,-0.284
T7265_2,314.6,0.599
T17494_1,196.9,-0.114
T15263_2,300.6,0.348
T1946_1,330.5,0.655
T1955_2,279.6,0.102
T1946_2,302.1,0.287
T1925_1,42.0,0.389
T1942_2,302.3,0.291
T7278_2,144.3,-0.53
T1957_1,303.0,0.176
AC374_3,314.0,0.156
T15731_1,329.6,0.34
AC374_2,345.5,0.174
T7227_1,25.1,0.128
T1942_1,88.6,0.016
T7296_2,290.2,0.143
T1948_2,95.2,-0.069
T1930_1,79.0,0.063
T7290_1,156.2,-0.267
T7291_1,124.0,-0.398
T1954_1,344.6,0.655
T7284_1,244.1,-0.226
T7292_2,248.3,-0.055
T7284_2,219.6,-0.418
T7292_1,222.5,-0.1
T7286_1,240.7,-0.181
T1954_2,288.6,0.247
T7289_2,278.7,0.126
T7303_2,322.4,0.097
T1937_2,282.6,0.139
T7271_2,228.6,-0.143
T7285_1,321.0,0.187
T7227_2,276.1,0.026
T7289_1,241.3,-0.056
AC506_5,143.0,-0.046
T1930_2,291.2,0.204
T14906_1,67.4,0.061
T14906_2,268.7,-0.006
T7298_2,285.3,0.18
T1937_1,259.7,-0.013
T7283_2,101.3,-0.08
T1928_2,258.7,-0.067
L79_3,305.0,0.193
T7291_2,130.8,-0.515
T1965_2,249.2,-0.053
T1959_1,298.9,0.09
T1958_1,3.0,0.236
T15731_2,240.1,-0.3
T7303_1,286.7,0.038
T7298_1,255.4,-0.14
L79_2,18.3,0.12
T14903_1,101.7,-0.041
T14903_2,283.8,0.07
T1948_1,75.8,0.166
T7302_2,,0.0
T7304_1,168.7,-0.495
T7301_2,314.7,0.489
T17496_2,298.8,0.051
T15263_1,150.6,-0.681
AC506_3,239.7,-0.383
T7305_1,89.0,0.006
T7261_1,314.6,0.081
T7296_1,239.0,-0.257
T1925_2,250.1,-0.154
AC506_2,300.2,0.065
T1965_1,123.2,-0.223
T1955_1,273.2,0.021
T7305_2,168.3,-0.087
T1957_2,271.0,0.007
AC506_4,243.4,-0.2
T7304_2,205.4,-0.381
AC250_3,56.0,0.046
T7285_2,264.4,-0.045
T7310_2,265.7,-0.023
T7310_1,286.1,0.07
T14902_2,320.0,0.384
T7295_2,203.6,-0.529
T1938_2,320.4,0.251
T1939_1,320.8,0.113
T7287_2,53.9,0.036
T7295_1,147.2,-0.489
T7299_2,71.7,0.046
T7299_1,87.5,0.015
T7297_2,279.1,0.031
T7297_1,286.1,0.055
T14902_1,125.8,-0.159
T1959_2,248.6,-0.081
T1958_2,266.0,-0.027
T7301_1,289.9,0.228
T7312_2,305.7,0.137
L79_1,257.8,-0.093
T7321_2,242.7,-0.229
T7321_1,174.9,-0.041
T7261_2,268.2,-0.006
T1938_1,132.7,-0.225
L80_2,21.2,0.464
T14629_2,328.7,0.65
T7300_1,196.4,-0.527
T7300_2,233.0,-0.374
T7323_1,280.1,0.055
T7324_1,54.4,0.378
AC505_3,10.3,0.051
T7316_2,252.2,-0.059
T7316_1,304.1,0.067
T7307_2,41.3,0.146
T7326_2,167.1,-0.034
T7327_2,79.3,0.101
T1939_2,272.6,0.016
AC225_1,149.9,-0.007
T7325_1,109.8,-0.016
T7315_2,48.1,0.234
T7326_1,280.9,0.026
T7287_1,138.3,-0.13
T7313_1,304.5,0.079
T7313_2,252.0,-0.068
T7308_2,76.8,0.14
T7312_1,246.7,-0.085
T7325_2,280.8,0.003
T7329_1,143.3,-0.046
T7329_2,224.2,-0.034
T7324_2,223.5,-0.189
T15261_2,311.3,0.534
T1971_1,318.5,0.632
T7333_2,15.9,0.012
T15260_1,150.1,-0.324
T1971_2,287.2,0.214
AC92_3,72.7,0.017
T7311_2,226.0,-0.186
T7311_1,215.2,-0.141
AC92_1,115.4,-0.066
AC376_1,28.1,0.365
T7306_1,30.0,0.25
AC92_2,46.1,0.441
T7319_2,284.3,0.021
T7327_1,82.2,0.082
AC92_4,137.3,-0.293
T7314_1,180.6,-0.146
T7314_2,204.2,-0.108
T14629_1,199.1,-0.577
T7323_2,273.7,0.023
T7317_2,298.7,0.125
AC508_3,222.4,-0.014
T7308_1,117.8,-0.22
T15261_1,154.2,-0.598
T2013_2,279.4,0.034
L80_3,152.7,-0.021
T2057_2,230.2,-0.259
T2057_1,171.7,-0.361
T7320_2,68.3,0.007
AC507_2,186.5,-0.031
T7315_1,85.8,0.02
AC376_4,327.8,0.172
T1944_2,307.9,0.24
T7335_2,220.0,-0.362
T2010_1,287.7,0.087
T7330_2,287.0,0.08
T1944_1,234.0,-0.408
T7320_1,339.6,0.007
AC376_2,315.9,0.103
T7319_1,189.8,-0.254
AC376_3,288.9,0.12
T7332_2,15.0,0.466
T2011_2,284.2,0.042
T7307_1,78.6,0.006
T7333_1,232.5,-0.011
T7343_2,342.0,0.706
T7343_1,109.6,-0.208
T7318_2,23.2,0.481
T7317_1,227.3,-0.161
T7318_1,74.3,0.176
T14907_2,297.7,0.051
T14907_1,61.9,0.096
T2014_1,303.8,0.082
T7331_1,308.7,0.079
T7306_2,121.4,-0.094
T2013_1,214.6,-0.192
T7335_1,232.0,-0.283
T1975_1,80.4,0.068
L80_1,355.5,0.02
AC225_3,226.5,-0.026
AC508_2,79.6,0.01
T7337_1,124.9,-0.126
T2010_2,226.9,-0.17
T7330_1,274.9,0.02
T7331_2,247.0,-0.066
T1974_1,54.8,0.474
T7309_2,296.9,0.086
AC378_1,348.2,0.14
T7309_1,47.0,0.288
T1982_1,337.5,0.289
T7342_2,293.8,0.082
T2011_1,213.0,-0.213
T7337_2,244.0,-0.173
T7332_1,125.7,-0.293
T17493_2,302.4,0.12
T7322_1,28.3,0.254
T7347_1,78.6,0.065
T1981_2,190.3,-0.395
T1981_1,303.6,0.085
T1974_2,206.9,-0.621
T2014_2,180.0,-0.229
T7344_2,307.3,0.131
T7346_2,250.7,-0.119
T7346_1,208.7,-0.284
T1975_2,142.3,-0.408
T7322_2,271.7,0.018
AC507_1,177.2,-0.256
T1983_2,327.2,0.091
T17493_1,129.6,-0.038
T7338_1,62.5,0.068
AC507_3,91.3,-0.0
T7347_2,180.5,-0.371
T15256_2,307.2,0.532
T7342_1,162.6,-0.446
AC250_1,35.2,0.015
T1982_2,168.1,-0.379
T7344_1,282.1,0.048
T2056_2,242.1,-0.183
T7350_1,251.9,-0.06
T14753_2,320.3,0.35
AC505_1,140.2,-0.026
AC378_2,301.6,0.084
T2056_1,116.5,-0.14
T7339_1,72.2,0.156
AC504_2,139.1,-0.059
T1949_1,64.0,0.127
AC380_1,319.2,0.252
T1949_2,302.9,0.266
AC380_2,31.3,0.277
L81_2,299.5,0.14
L81_3,255.2,-0.029
T7338_2,161.2,-0.057
T7339_2,115.8,-0.217
T7350_2,210.1,-0.288
T14754_1,338.4,0.591
T7348_2,219.2,-0.39
T7348_1,5.5,0.343
T7352_1,78.6,0.094
T7352_2,97.2,-0.032
T14905_1,48.2,0.149
AC93_3,61.0,0.037
AC250_4,267.5,-0.0
T7349_2,259.6,-0.12
T14748_2,253.3,-0.072
AC250_5,205.0,-0.095
T7351_1,303.6,0.242
T1983_1,187.2,-0.106
T15256_1,129.5,-0.502
T1968_1,335.7,0.818
T1968_2,292.8,0.365
T14754_2,205.4,-0.106
T7361_1,306.3,0.008
T14753_1,205.5,-0.182
AC378_3,293.2,0.068
T7334_2,274.1,0.04
T7349_1,246.2,-0.26
T7340_1,144.9,-0.649
T7341_2,296.6,0.414
T14637_2,327.3,0.449
T1987_2,357.8,0.731
L82_2,255.6,-0.102
T1972_2,23.1,0.622
T7340_2,141.0,-0.666
AC380_3,293.5,0.077
L82_1,292.7,0.154
T1987_1,99.1,-0.081
T7334_1,319.1,0.376
AC250_2,256.4,-0.019
T15255_2,306.1,0.522
L81_1,180.7,-0.078
T7369_2,211.2,-0.036
T14905_2,25.1,0.104
T1993_2,224.4,-0.269
T7328_1,306.0,0.444
T7358_2,286.4,0.204
T7328_2,303.6,0.433
L82_3,250.2,-0.163
AC225_2,203.6,-0.06
T7345_2,335.6,0.485
T14635_1,37.2,0.645
AC508_1,131.9,-0.046
T14755_2,321.2,0.248
T14748_1,143.0,-0.215
T14637_1,251.1,-0.179
AC93_1,347.6,0.062
T15255_1,134.9,-0.514
AC382_3,12.6,0.423
T1951_2,288.7,0.131
T1951_1,76.8,0.112
T1995_1,94.6,-0.057
AC93_2,3.6,0.509
T7354_2,95.6,-0.043
AC505_2,160.5,-0.086
T14635_2,303.2,0.262
T7366_2,52.2,0.011
T7366_1,210.4,-0.009
T7353_2,286.2,0.189
T7351_2,284.3,0.073
T14756_1,20.4,0.251
AC504_3,222.6,-0.15
AC380_4,293.1,0.071
T1993_1,224.7,-0.123
T1950_2,252.7,-0.195
T1950_1,334.8,0.68
T14755_1,183.4,-0.244
T1973_2,313.1,0.428
T1992_2,288.9,0.101
T7377_2,218.3,-0.169
T7341_1,286.5,0.242
T7353_1,261.1,-0.098
T1970_1,327.7,0.671
T1970_2,242.6,-0.428
T1972_1,143.8,-0.522
T7345_1,21.3,0.233
T7355_1,307.7,0.457
T7382_1,229.9,-0.183
T7382_2,279.6,0.029
T7357_2,258.8,-0.065
T7357_1,270.7,0.004
L83_1,317.8,0.437
T7358_1,254.8,-0.165
T1992_1,193.8,-0.316
T7373_2,335.6,0.599
L83_2,290.8,0.027
T7354_1,89.7,0.003
T7376_2,270.9,0.004
T7369_1,208.1,-0.036
T7364_2,239.2,-0.341
T1995_2,192.3,-0.696
T7359_2,309.8,0.568
T2012_2,276.5,0.016
T2012_1,153.2,-0.106
T7359_1,247.4,-0.151
T7390_2,272.1,0.003
T7367_1,312.0,0.276
T7367_2,257.2,-0.139
T7373_1,275.4,0.026
T7377_1,213.6,-0.105
T7376_1,110.9,-0.209
T7397_2,275.8,0.018
L83_3,286.1,0.092
L84_1,14.1,0.129
T1985_2,276.1,0.056
T1985_1,334.6,0.448
T7370_1,300.3,0.308
T7397_1,201.1,-0.166
T7390_1,246.6,-0.07
T1973_1,262.8,-0.063
T7371_2,292.1,0.268
T14756_2,206.9,-0.308
T7400_1,121.1,-0.233
T7400_2,277.7,0.036
T7356_1,324.0,0.437
T7356_2,259.1,-0.126
T1976_2,291.6,0.147
T1976_1,342.6,0.112
T7375_1,291.4,0.226
T7375_2,270.8,0.009
T1986_1,309.9,0.247
T7381_2,250.8,-0.041
T7381_1,154.5,-0.068
T7355_2,296.8,0.403
T7364_1,197.6,-0.385
L85_1,316.3,0.045
T7380_2,314.0,0.493
L84_2,29.9,0.15
T2000_1,313.1,0.469
T17716_2,298.9,0.341
T17716_1,331.8,0.37
T2002_2,283.4,0.182
T7389_1,312.7,0.511
T2000_2,177.2,-0.929
T14631_1,31.3,0.413
T7374_2,266.9,-0.016
T7374_1,14.1,0.407
T7384_1,93.8,-0.012
T7388_1,325.4,0.362
T14631_2,290.1,0.175
T7394_2,295.4,0.086
T7378_2,325.4,0.506
T1988_2,267.9,-0.022
T7392_1,322.5,0.382
T1988_1,300.6,0.352
T7370_2,245.0,-0.237
T7380_1,242.7,-0.281
T7398_1,163.9,-0.073
T7389_2,212.8,-0.764
T7392_2,235.3,-0.339
T1990_2,294.8,0.221
T7379_2,304.3,0.339
T7384_2,216.9,-0.236
T15262_2,265.1,-0.045
T7398_2,223.0,-0.103
T1969_1,305.8,0.396
T1989_1,298.2,0.331
T7378_1,238.2,-0.338
T2009_2,291.3,0.069
T2001_2,261.4,-0.116
T2019_2,344.4,0.05
T2055_2,268.0,-0.01
T7413_1,228.9,-0.182
T1986_2,250.4,-0.139
T2002_1,192.2,-0.686
T7371_1,231.2,-0.304
T1989_2,249.1,-0.208
T7372_1,92.4,-0.018
T7372_2,221.0,-0.016
T1994_1,107.7,-0.234
T2019_1,171.8,-0.231
AC504_1,314.0,0.081
T7402_2,209.3,-0.206
T7394_1,203.3,-0.342
T7388_2,269.4,-0.003
T1969_2,290.2,0.275
T7336_2,337.5,0.545
T7383_2,305.5,0.08
T7383_1,55.0,0.16
T7393_1,314.7,0.136
T15262_1,124.9,-0.438
T2015_2,232.8,-0.399
T1994_2,187.8,-0.497
T2022_1,289.4,0.007
T7386_1,309.2,0.377
T2004_2,268.4,-0.015
T2009_1,257.2,-0.044
T2020_1,186.7,-0.043
T2022_2,278.2,0.001
AC249_2,182.5,-0.069
AC382_1,16.5,0.161
T7385_1,293.5,0.306
T15254_2,280.6,0.14
T2015_1,219.0,-0.456
T7402_1,175.1,-0.486
T2055_1,168.4,-0.337
L86_2,354.4,0.004
T7336_1,14.3,0.351
L85_2,95.1,-0.018
T7413_2,237.5,-0.179
T2003_2,303.5,0.289
T7386_2,251.3,-0.19
T7396_1,320.9,0.565
AC214_1,237.6,-0.023
AC249_1,264.0,-0.01
T7363_1,321.0,0.005
T7391_2,260.2,-0.122
T7391_1,294.6,0.244
T1991_2,247.2,-0.074
T1991_1,306.2,0.13
T7396_2,271.9,0.022
T7403_1,283.4,0.029
T1999_2,229.3,-0.243
T7404_1,330.7,0.558
T7404_2,225.3,-0.444
T2023_1,62.6,0.165
T7417_2,205.7,-0.275
T14751_2,328.8,0.352
T7385_2,296.7,0.344
T1990_1,248.6,-0.194
T17721_2,320.7,0.546
T17722_1,12.4,0.465
T7409_2,310.4,0.43
T7379_1,244.9,-0.195
T14751_1,165.8,-0.382
T2001_1,252.6,-0.222
T7408_1,330.0,0.322
T7408_2,294.3,0.106
T15254_1,145.7,-0.604
T1984_1,59.2,0.277
T1984_2,102.0,-0.174
AC384_2,29.1,0.261
T7406_1,247.7,-0.266
T7406_2,264.2,-0.07
T7361_2,282.9,0.001
AC384_1,62.6,0.363
T2054_2,251.2,-0.134
T7395_2,30.1,0.056
T2054_1,132.4,-0.222
T7412_1,314.5,0.483
T2020_2,200.8,-0.02
T14752_1,315.7,0.29
T7405_2,299.2,0.277
T7403_2,236.2,-0.216
T7410_1,294.1,0.036
T17721_1,185.2,-0.475
AC214_2,238.2,-0.033
L87_3,350.4,0.187
T2033_2,195.0,-0.354
T2033_1,104.7,-0.146
T7410_2,242.1,-0.063
L86_3,291.4,0.071
T7432_2,248.4,-0.02
T7432_1,70.0,0.199
T17722_2,262.1,-0.093
T7431_1,97.2,-0.024
T7430_2,260.5,-0.058
T7393_2,209.3,-0.469
T2004_1,237.1,-0.233
T7430_1,113.5,-0.132
T1999_1,208.3,-0.234
T7407_1,200.1,-0.397
L87_1,220.4,-0.007
T7395_1,156.5,-0.051
T7416_1,78.9,0.112
L87_2,191.2,-0.365
T7435_2,275.2,0.044
T7407_2,299.8,0.433
AC384_3,321.0,0.133
T2003_1,263.6,-0.057
T2048_2,241.1,-0.208
T7435_1,67.0,0.047
T2048_1,121.4,-0.267
T14752_2,168.3,-0.714
T2023_2,98.6,-0.04
T7414_2,280.3,0.119
T7416_2,150.9,-0.522
T1998_2,312.0,0.197
T2027_2,272.3,0.005
T2021_2,357.6,0.105
T2085_2,337.8,0.37
T7412_2,282.2,0.142
T7417_1,211.6,-0.163
T7409_1,268.9,-0.014
T7414_1,224.5,-0.476
T7431_2,120.3,-0.005
T7419_2,322.5,0.094
L88_2,224.1,-0.013
T7420_1,97.9,-0.058
T7420_2,165.3,-0.577
T7405_1,266.0,-0.038
T7426_1,80.2,0.124
T1998_1,231.7,-0.331
T7447_1,136.3,-0.178
T7447_2,262.2,-0.05
T7426_2,200.2,-0.455
T7368_2,331.3,0.383
L86_1,231.4,-0.015
T7441_1,161.1,-0.397
T7441_2,248.8,-0.163
T7399_2,297.4,0.122
T7399_1,55.8,0.153
T7365_1,348.3,0.158
T7365_2,283.4,0.045
T1980_1,27.1,0.139
T1980_2,340.7,0.162
T1978_2,344.6,0.312
AC386_2,72.6,0.245
T2085_1,174.0,-0.465
T7368_1,91.7,-0.027
T7387_2,349.3,0.202
T2027_1,287.7,0.019
T7401_1,29.0,0.184
AC382_2,323.0,0.122
T7411_2,235.9,-0.256
T7437_2,263.6,-0.049
T7421_1,212.1,-0.403
T7421_2,238.2,-0.341
AC382_4,289.7,0.086
L89_2,177.0,-0.055
T7363_2,72.3,0.001
T7387_1,278.6,0.021
L89_1,75.6,0.057
L89_3,225.3,-0.143
T7443_2,99.3,-0.045
L90_3,315.5,0.053
T7411_1,290.6,0.074
T2005_2,268.7,-0.005
T7424_2,275.8,0.034
T7450_1,154.9,-0.227
T7428_2,295.3,0.264
T7451_1,164.6,-0.615
T7451_2,186.2,-0.676
T2021_1,200.8,-0.3
L88_1,342.2,0.007
T7443_1,39.6,0.191
T7362_1,309.3,0.069
T7429_2,287.6,0.122
T1979_1,11.8,0.357
T7450_2,260.4,-0.047
T7424_1,271.8,0.013
T1979_2,229.4,-0.146
T7429_1,133.9,-0.159
T7419_1,205.4,-0.054
L90_2,273.1,0.006
T2095_1,177.6,-0.019
T7445_1,118.7,-0.273
T1978_1,237.6,-0.122
T1977_2,13.6,0.354
T1977_1,336.8,0.153
T7433_2,291.5,0.086
T7466_2,268.5,-0.006
T7433_1,66.6,0.056
T7458_1,67.7,0.132
T7458_2,100.3,-0.068
T7434_2,274.7,0.053
T7434_1,326.0,0.472
T7415_1,14.2,0.212
T7415_2,283.4,0.038
T1996_2,319.5,0.144
T17723_2,272.3,0.022
T7438_2,300.7,0.366
L90_1,103.2,-0.008
T7437_1,261.0,-0.088
T7401_2,259.6,-0.074
T7428_1,249.6,-0.208
T2007_2,244.2,-0.186
T2046_2,278.7,0.094
T7423_1,339.4,0.162
T7440_1,319.1,0.435
T7452_2,241.6,-0.146
T7423_2,253.6,-0.07
T2005_1,256.5,-0.046
T2007_1,147.0,-0.37
T16848_2,279.6,0.022
T7440_2,316.2,0.355
T2046_1,128.7,-0.247
T7460_1,124.5,-0.171
L91_2,332.6,0.079
T7452_1,97.1,-0.034
T7427_1,303.7,0.094
T2016_1,299.5,0.348
T7427_2,271.0,0.003
T2016_2,282.3,0.148
L91_3,260.6,-0.118
T7460_2,201.6,-0.291
T2029_1,349.0,0.631
T2053_2,290.4,0.078
L91_1,331.7,0.508
T7471_1,354.9,0.426
T7360_2,288.1,0.067
T7360_1,16.6,0.16
T16844_2,351.9,0.358
T2031_1,170.4,-0.541
T2031_2,206.8,-0.655
T2026_1,301.3,0.295
L90_4,137.5,-0.053
T2029_2,284.5,0.187
L92_2,316.3,0.013
T2036_2,6.1,0.215
T7438_1,260.6,-0.115
T2006_1,275.1,0.03
T2026_2,291.1,0.224
T7449_2,312.4,0.519
T7463_2,249.7,-0.231
T7454_1,256.8,-0.093
T2034_1,337.1,0.554
T2094_1,107.3,-0.052
T2035_2,320.1,0.531
T7471_2,205.3,-0.423
T2095_2,53.9,0.002
T17502_2,206.0,-0.078
T17502_1,173.7,-0.161
T7481_1,135.9,-0.221
T7463_1,230.5,-0.441
T7466_1,169.8,-0.206
T7469_2,301.8,0.069
T16848_1,235.8,-0.083
T7445_2,163.3,-0.336
T2053_1,188.7,-0.209
T7442_1,86.8,0.049
T16844_1,230.3,-0.115
T2032_1,95.3,-0.071
T1997_2,295.0,0.129
T7481_2,282.4,0.071
T2008_1,317.9,0.123
T7444_1,293.3,0.099
T7444_2,283.2,0.054
T7449_1,287.7,0.197
T7467_1,218.3,-0.441
T7467_2,227.7,-0.622
T7477_1,355.5,0.011
T17723_1,214.0,-0.397
T2094_2,103.2,-0.003
T2017_2,325.5,0.467
T7446_2,288.7,0.236
T7446_1,317.3,0.453
T7495_2,346.8,0.062
T2008_2,333.9,0.197
T7469_1,210.5,-0.082
AC386_4,291.6,0.056
T2032_2,132.7,-0.372
T7478_2,98.4,-0.08
T1996_1,105.5,-0.07
T7442_2,198.7,-0.585
T2045_1,102.9,-0.094
T1997_1,130.7,-0.142
T2044_2,257.5,-0.163
T2034_2,215.4,-0.475
T2017_1,283.3,0.166
T7478_1,143.3,-0.41
T7477_2,319.5,0.011
T2030_1,100.0,-0.056
T2028_1,91.9,-0.002
T2018_1,300.2,0.308
T2018_2,262.5,-0.089
T2040_2,286.6,0.195
T2045_2,227.7,-0.435
AC386_3,342.0,0.165
T2052_2,269.1,-0.004
AC386_1,352.5,0.133
T2052_1,157.7,-0.103
L92_1,44.0,0.134
T2036_1,189.4,-0.688
T7454_2,172.3,-0.442
T2006_2,187.5,-0.665
T7470_2,243.8,-0.357
T7470_1,216.9,-0.598
T7475_1,322.9,0.644
T7475_2,299.9,0.382
L96_1,342.3,0.737
T2047_1,67.0,0.154
T7499_1,357.4,0.41
T7362_2,318.1,0.056
T7474_2,256.4,-0.139
T7474_1,180.6,-0.516
T2035_1,208.4,-0.509
T2024_1,308.0,0.38
T7476_2,332.8,0.479
T17720_1,358.8,0.557
T7476_1,324.7,0.177
T2024_2,282.6,0.164
T14634_2,319.2,0.284
T2042_2,304.4,0.364
T7486_2,275.2,0.028
T2030_2,126.2,-0.306
T2044_1,188.5,-0.369
T7480_2,306.5,0.456
T7486_1,245.3,-0.096
T2051_2,342.6,0.121
T7473_2,272.7,0.02
T7513_2,314.5,0.151
T16843_2,244.4,-0.11
T7462_1,308.1,0.388
T2040_1,207.4,-0.492
T2028_2,344.9,0.07
T7484_2,272.5,0.037
T7462_2,277.5,0.089
T14634_1,350.2,0.397
AC390_1,325.5,0.163
T7456_2,354.4,0.788
T7456_1,260.0,-0.053
T7436_2,326.8,0.598
T7495_1,304.0,0.007
T7448_1,349.8,0.674
T7448_2,279.1,0.103
T7491_1,314.6,0.535
T7484_1,170.6,-0.573
T7499_2,217.9,-0.325
T7480_1,183.6,-0.706
T7494_2,323.5,0.192
T7493_1,223.2,-0.338
T16843_1,252.3,-0.08
T7473_1,243.0,-0.173
T7457_1,7.7,0.025
T7457_2,215.3,-0.038
L93_1,240.9,-0.062
T7461_1,315.9,0.136
T7461_2,260.6,-0.052
T7436_1,278.7,0.102
T7494_1,167.1,-0.497
T2051_1,185.9,-0.105
T7453_2,348.1,0.777
T15278_1,24.7,0.448
T7490_2,265.7,-0.017
T15278_2,268.8,-0.013
T7496_1,303.5,0.105
T7490_1,200.6,-0.323
T7482_1,333.0,0.382
T7439_2,289.8,0.22
T7465_1,20.0,0.537
T7459_2,277.1,0.035
T7459_1,25.9,0.241
T7483_1,269.9,-0.001
T7517_2,251.3,-0.078
T15253_2,269.3,-0.007
T7472_1,315.6,0.573
T17720_2,244.0,-0.222
T7488_1,309.8,0.13
T7501_1,204.4,-0.214
AC203_1,179.1,-0.047
T7483_2,259.6,-0.133
T7468_2,291.0,0.092
T7525_2,287.2,0.063
T7501_2,247.7,-0.131
T2047_2,181.7,-0.421
T15279_2,274.6,0.049
T15279_1,67.3,0.223
T7453_1,13.2,0.578
T7439_1,348.5,0.347
T2042_1,134.3,-0.465
T7492_2,294.6,0.257
T7472_2,276.7,0.072
T2070_2,314.7,0.525
T7515_1,119.7,-0.097
L93_2,316.1,0.143
T7465_2,274.6,0.052
T7491_2,303.5,0.355
T7500_2,255.9,-0.201
T2070_1,178.1,-0.484
T7487_2,283.5,0.2
T7487_1,312.5,0.552
T7513_1,283.6,0.029
T7510_2,266.9,-0.012
T7510_1,55.9,0.102
T7502_2,285.4,0.21
T7482_2,252.8,-0.141
T16847_2,308.9,0.301
T14750_2,313.8,0.278
T7503_1,272.4,0.017
AC203_2,63.9,0.028
T7523_2,272.0,0.02
T7519_2,281.6,0.144
T7515_2,196.0,-0.254
T7498_2,266.2,-0.032
T7493_2,252.1,-0.067
O4_3,39.5,0.083
T7488_2,250.9,-0.095
AC392_2,12.4,0.28
T7479_2,274.8,0.017
T7479_1,328.3,0.134
T7538_2,264.2,-0.013
T7503_2,262.9,-0.05
T16847_1,248.6,-0.166
T7498_1,213.9,-0.276
T7500_1,245.2,-0.254
T7509_1,19.7,0.226
T7504_2,272.9,0.034
AC390_2,341.4,0.186
T7509_2,271.8,0.016
T7518_2,222.9,-0.138
T2050_2,55.7,0.134
T7464_2,22.0,0.55
T7496_2,294.4,0.042
T7504_1,223.5,-0.418
T7468_1,280.1,0.048
T7523_1,214.2,-0.246
T7517_1,199.0,-0.172
T15253_1,125.6,-0.424
T7464_1,59.6,0.167
T7519_1,256.3,-0.179
T7539_2,32.0,0.23
T7518_1,148.9,-0.179
T15280_1,343.0,0.303
T7425_1,28.4,0.528
T2058_2,347.9,0.453
T2058_1,59.4,0.128
T17719_2,264.2,-0.063
T17719_1,349.4,0.279
T7506_1,44.4,0.403
T7506_2,111.0,-0.177
T2025_1,53.2,0.304
T2025_2,358.3,0.412
T7497_1,45.4,0.197
T16845_2,299.9,0.121
T2065_1,9.5,0.916
T7512_2,255.1,-0.078
T7525_1,79.4,0.005
T7538_1,162.3,-0.235
T2066_1,29.4,0.092
T2049_1,25.1,0.232
T7536_2,218.0,-0.362
T2084_2,288.1,0.098
T15257_2,287.0,0.173
AC390_3,306.2,0.133
T17503_2,228.5,-0.077
T2073_2,295.6,0.212
T7514_1,303.1,0.258
T16845_1,29.1,0.16
T7492_1,262.2,-0.066
T2050_3,244.5,-0.153
T7533_2,156.0,-0.038
T7497_2,279.3,0.043
T15257_1,161.5,-0.736
AC392_1,20.7,0.195
T7425_2,284.2,0.048
T7514_2,262.9,-0.051
T7532_2,328.5,0.524
T7489_1,277.5,0.075
T7547_1,202.8,-0.093
T7543_2,243.1,-0.034
AC392_5,328.0,0.135
O4_4,330.2,0.073
T7533_1,84.8,0.047
T7539_1,161.5,-0.254
T15258_2,327.1,0.623
AC192_1,19.9,0.092
T15280_2,228.4,-0.256
T14633_1,88.6,0.017
T2074_2,281.2,0.159
T7507_2,4.4,0.626
T2073_1,245.4,-0.101
T17503_1,147.8,-0.338
T14633_2,297.9,0.348
T2084_1,130.2,-0.256
T7536_1,199.9,-0.396
T2074_1,210.0,-0.355
T14750_1,150.7,-0.428
T15248_2,321.5,0.596
T7489_2,250.3,-0.231
O5_4,339.1,0.063
T7502_1,271.1,0.016
O5_1,246.0,-0.306
T2062_2,344.7,0.681
T7543_1,246.3,-0.104
T7552_1,66.3,0.039
T7552_2,303.3,0.064
O4_5,166.7,-0.847
T14749_2,275.3,0.014
T7529_1,213.2,-0.009
T7511_2,282.8,0.124
T2076_2,300.8,0.233
T16842_1,313.3,0.153
T7531_2,293.9,0.345
T7531_1,316.3,0.566
T7556_2,299.3,0.17
T7532_1,223.7,-0.4
T7512_1,189.0,-0.214
T17718_2,240.7,-0.42
T17718_1,46.7,0.168
T2062_1,282.0,0.086
T7547_2,189.4,-0.053
T7505_1,322.4,0.562
AC392_3,312.1,0.12
T7546_1,102.9,-0.077
T7485_2,33.8,0.53
T2037_1,51.1,0.413
T7555_2,179.8,-0.258
AC392_4,226.3,-0.182
T7556_1,57.6,0.086
T7485_1,70.6,0.273
T2049_2,174.1,-0.22
T15252_2,285.1,0.141
T14749_1,137.2,-0.368
T2083_2,336.6,0.415
T7540_2,172.1,-0.59
T7555_1,150.4,-0.133
T7565_1,60.0,0.079
T7564_1,291.6,0.121
T7551_2,327.5,0.138
T7551_1,118.1,-0.227
T7550_1,293.0,0.276
T7524_1,298.4,0.157
T7524_2,257.8,-0.084
T2066_2,88.2,0.002
T2050_1,252.0,-0.042
T7568_2,236.1,-0.134
T15248_1,210.0,-0.47
T7534_2,298.6,0.174
T2037_2,13.6,0.605
T7527_2,23.0,0.553
AC394_1,20.2,0.214
L96_4,315.0,0.51
T7527_1,49.5,0.505
AC192_5,271.8,0.002
T7567_1,273.4,0.006
T7565_2,189.9,-0.236
T2043_1,354.6,0.727
T7571_2,231.1,-0.346
T7571_1,176.1,-0.611
T7540_1,184.6,-0.262
T2082_2,334.0,0.844
T7516_2,321.8,0.504
T7516_1,317.1,0.451
T2082_1,58.6,0.477
T7544_1,322.3,0.365
L95_2,188.9,-0.062
T2076_1,275.7,0.042
L96_3,325.0,0.191
T2087_1,20.4,0.69
AC192_4,280.4,0.151
AC192_2,127.4,-0.075
T7511_1,221.9,-0.602
T15259_2,322.3,0.489
T7559_2,269.1,-0.001
T7559_1,218.5,-0.041
T7546_2,107.1,-0.09
T7507_1,101.7,-0.138
T2068_1,336.7,0.028
T15258_1,177.1,-0.801
T7563_2,254.9,-0.1
T2041_2,316.2,0.086
T2041_1,97.2,-0.023
T2061_1,345.4,0.571
T2069_2,285.3,0.142
T7526_2,182.2,-0.676
T16842_2,272.0,0.007
T2068_2,210.2,-0.22
T7529_2,218.9,-0.153
T7574_2,147.7,-0.247
T7534_1,280.7,0.057
T17077_2,293.2,0.185
T17077_1,143.2,-0.572
T2147_2,281.1,0.034
AC192_3,151.4,-0.083
T7560_1,25.8,0.679
T7544_2,285.9,0.123
T2043_2,293.1,0.263
T2063_1,12.7,0.096
T7455_2,355.3,0.275
T7455_1,23.7,0.299
L95_1,83.5,0.068
T2093_1,236.1,-0.033
T7568_1,170.0,-0.279
T2064_1,5.8,0.448
T2067_2,354.4,0.175
T7553_2,213.1,-0.299
T2064_2,264.5,-0.054
T7505_2,294.4,0.294
T7578_2,102.7,-0.081
O4_2,335.5,0.147
T2147_1,197.9,-0.041
T2061_2,325.8,0.638
T7545_2,256.8,-0.095
T7545_1,304.6,0.307
T2078_2,301.6,0.246
L98_1,54.7,0.022
T15252_1,162.1,-0.737
O3_3,331.1,0.035
T2093_2,101.2,-0.003
T7576_1,106.4,-0.115
T2083_1,163.3,-0.56
T7541_1,317.0,0.125
T2092_1,329.7,0.065
T2060_2,289.8,0.067
T2060_1,14.0,0.127
O3_1,346.9,0.021
T7522_1,340.4,0.154
T7553_1,146.1,-0.211
T7550_2,262.3,-0.068
T7574_1,358.1,0.041
T7558_1,127.5,-0.382
T7558_2,179.4,-0.506
AC394_2,335.4,0.34
T7561_1,289.6,0.129
T7520_1,353.3,0.648
T7520_2,341.1,0.689
T7526_1,158.1,-0.7
T15259_1,169.4,-0.625
T15275_2,8.8,0.75
T15281_1,16.9,0.67
T7567_2,189.4,-0.281
T7570_1,172.8,-0.329
T7522_2,270.8,0.003
T2039_2,58.7,0.042
AC94_3,79.7,0.032
T2077_2,292.2,0.002
T2039_1,91.3,-0.002
T7541_2,236.4,-0.314
T2090_1,353.4,0.845
T7508_1,82.3,0.067
T7508_2,287.6,0.212
T7521_1,342.3,0.723
T7570_2,287.9,0.133
T2069_1,191.2,-0.76
T7587_1,153.8,-0.417
T2067_1,54.4,0.101
T7579_2,84.6,0.046
AC394_3,340.4,0.161
L96_2,151.9,-0.717
O3_2,200.5,-0.04
T2087_2,109.6,-0.18
T7521_2,291.1,0.11
T2230_1,293.0,0.015
T7572_2,76.7,0.029
T7572_1,96.4,-0.02
T7563_1,247.6,-0.13
T15281_2,217.8,-0.268
T15275_1,159.5,-0.158
T7592_2,244.0,-0.179
T2071_2,216.5,-0.608
T7606_2,315.7,0.111
T2071_1,214.7,-0.583
T2075_2,283.5,0.053
T2075_1,291.2,0.085
T2063_2,263.5,-0.042
T7548_2,227.3,-0.155
T7606_1,132.8,-0.131
T7548_1,213.4,-0.205
T7587_2,207.1,-0.231
T7560_2,90.6,-0.005
T15277_2,358.4,0.434
T7554_1,344.5,0.172
T2090_2,163.8,-0.162
T7578_1,203.3,-0.26
T7576_2,252.0,-0.08
T7593_1,349.5,0.123
T7595_1,113.4,-0.192
T15276_1,354.4,0.447
T7610_1,74.0,0.02
T7610_2,279.9,0.016
O5_3,253.2,-0.01
T7575_1,308.3,0.236
O4_1,177.6,-0.043
T2078_1,199.6,-0.461
L98_2,200.4,-0.235
T2230_2,284.2,0.013
T7575_2,287.5,0.074
T7595_2,153.3,-0.224
T2092_2,170.2,-0.209
T15274_1,333.6,0.724
T2088_1,25.5,0.06
T2088_2,299.7,0.063
T7593_2,191.8,-0.281
T7554_2,282.0,0.03
T7581_2,279.7,0.123
T7579_1,72.2,0.082
T7561_2,187.7,-0.4
T7549_2,289.6,0.253
T2077_1,190.1,-0.085
T15274_2,214.7,-0.723
AC396_2,19.5,0.199
T2059_2,279.7,0.062
T7611_2,286.4,0.035
T7602_2,315.8,0.291
T7581_1,289.9,0.15
T7608_1,225.7,-0.029
T7537_1,305.6,0.138
T7611_1,141.4,-0.164
T7604_2,226.2,-0.274
AC94_1,306.3,0.066
T15276_2,221.3,-0.404
T7566_2,284.3,0.125
T2059_1,36.3,0.081
T17498_2,242.2,-0.086
T7592_1,216.0,-0.132
T17717_1,282.2,0.093
AC95_1,302.5,0.054
L99_1,183.3,-0.027
T7549_1,178.8,-0.723
T17717_2,295.0,0.171
L106_3,35.8,0.128
T7634_1,305.7,0.078
T7597_2,266.3,-0.002
T7597_1,102.5,-0.006
T2086_2,49.2,0.341
T17724_2,320.8,0.478
T7583_2,316.0,0.601
T7577_1,92.5,-0.031
T2038_2,302.3,0.078
T2038_1,71.6,0.187
T7615_2,209.5,-0.13
T15277_1,185.9,-0.319
O5_2,151.7,-0.04
T7577_2,106.6,-0.17
T7537_2,290.4,0.091
T7562_2,206.1,-0.729
T7599_2,330.5,0.277
AC94_2,6.6,0.412
T7583_1,274.9,0.059
T2091_1,91.8,-0.026
AC396_4,303.0,0.122
T2081_1,282.9,0.051
T7586_2,252.0,-0.214
T7562_1,200.5,-0.748
T2081_2,246.3,-0.222
T2091_2,197.2,-0.703
T7580_2,222.8,-0.38
T7608_2,261.4,-0.029
T17498_1,142.4,-0.489
T7591_1,340.4,0.414
T7605_2,12.7,0.623
T7600_1,41.3,0.413
T7584_1,323.4,0.531
T7584_2,249.0,-0.131
T7600_2,165.7,-0.382
T7582_1,199.8,-0.651
T7619_1,132.3,-0.144
T2086_1,101.9,-0.06
T7602_1,274.5,0.013
T7585_2,284.8,0.184
T15266_2,295.8,0.217
O2_3,319.6,0.031
T7528_1,320.6,0.098
AC95_2,269.3,-0.006
T2103_2,5.0,0.443
T2106_2,62.3,0.361
T7542_2,252.7,-0.204
T7604_1,315.3,0.182
O2_2,114.7,-0.023
T2113_1,44.6,0.072
L100_1,60.4,0.055
T7605_1,79.7,0.123
T7585_1,272.1,0.022
T17507_2,309.9,0.251
T7619_2,225.1,-0.155
T7582_2,199.9,-0.541
T7621_2,245.9,-0.067
T7620_1,22.1,0.224
T7621_1,75.3,0.033
T7616_1,131.7,-0.131
T7616_2,150.3,-0.13
T2113_2,245.1,-0.015
L100_2,24.0,0.065
T7566_1,191.4,-0.543
T2103_1,224.9,-0.2
T7599_1,201.1,-0.304
T17724_1,158.4,-0.584
T2117_2,293.8,0.177
T2124_1,323.3,0.311
O2_1,111.7,-0.061
T2117_1,87.3,0.013
L99_2,258.9,-0.046
T7596_1,149.7,-0.227
T7627_2,209.5,-0.251
T7634_2,160.3,-0.05
T7591_2,264.8,-0.043
T7630_1,142.6,-0.409
AC396_1,32.6,0.172
T7542_1,190.7,-0.502
T7643_2,289.8,0.088
T7615_1,151.1,-0.238
T7580_1,178.1,-0.76
T7586_1,214.7,-0.607
T7589_2,293.0,0.069
AC398_2,23.9,0.487
T7630_2,152.0,-0.473
AC94_4,237.2,-0.055
T7620_2,81.6,0.034
T7590_2,348.3,0.608
T7598_1,19.7,0.576
T7609_2,301.5,0.329
T7609_1,34.8,0.437
T2096_2,278.3,0.028
T2109_2,337.6,0.7
T7651_1,87.7,0.004
T7639_1,172.0,-0.422
T14630_1,104.4,-0.167
AC398_6,292.9,0.142
T2072_1,335.1,0.132
T7589_1,357.1,0.121
T7618_2,340.2,0.298
T7651_2,254.2,-0.019
T7655_2,288.3,0.049
T2096_1,301.1,0.062
T17507_1,155.5,-0.478
T7528_2,268.0,-0.005
AC396_3,336.7,0.273
T7598_2,322.7,0.211
T7627_1,116.9,-0.11
T7596_2,124.8,-0.208
T7655_1,111.4,-0.096
T2072_2,280.6,0.033
T7613_1,61.1,0.279
T7613_2,351.8,0.516
T15273_1,1.0,0.603
T7636_2,74.9,0.016
T7601_2,317.3,0.204
T2124_2,211.4,-0.247
T15266_1,158.4,-0.492
T7631_2,287.9,0.129
T7569_2,266.8,-0.023
T7601_1,19.5,0.378
T7569_1,225.1,-0.368
T7590_1,69.3,0.249
T14630_2,295.9,0.302
T2106_1,117.8,-0.344
T7594_2,210.3,-0.627
T7594_1,197.2,-0.713
T7631_1,239.6,-0.132
T7632_2,354.0,0.274
T7629_1,324.3,0.273
T7632_1,88.5,0.014
T7647_1,342.0,0.409
T7643_1,154.0,-0.394
T7617_2,272.1,0.026
T2105_2,271.1,0.013
T2123_2,264.9,-0.027
T7654_2,303.3,0.247
T15273_2,222.8,-0.532
T7617_1,199.3,-0.259
T7653_1,141.1,-0.051
T7653_2,301.5,0.004
L101_2,68.3,0.051
T7637_2,267.0,-0.015
T7639_2,199.6,-0.584
T7633_2,258.3,-0.175
L101_1,290.4,0.019
T7636_1,32.1,0.288
T2108_1,308.9,0.424
T16846_2,291.3,0.263
T15270_2,291.4,0.267
T15270_1,182.0,-0.324
T7647_2,77.1,0.11
T7650_2,273.7,0.009
T7650_1,171.9,-0.252
T2109_1,210.5,-0.679
AC95_3,273.8,0.002
T7633_1,256.8,-0.096
T2118_2,249.0,-0.059
T2104_1,355.9,0.388
T2105_1,228.3,-0.612
T2104_2,266.1,-0.009
T7626_2,340.2,0.719
T7626_1,3.0,0.835
T7618_1,212.6,-0.096
T2111_2,303.1,0.329
T2100_1,22.4,0.72
T7629_2,282.8,0.053
T7658_2,319.6,0.257
T7612_1,333.1,0.187
T7612_2,274.0,0.031
T2108_2,244.6,-0.284
T7557_2,296.3,0.082
T7557_1,0.5,0.219
T7664_1,314.6,0.345
T7645_2,279.2,0.12
T7573_1,71.1,0.245
T2098_2,338.1,0.194
T7670_2,269.3,-0.001
T7670_1,295.1,0.039
T2101_2,314.8,0.17
AC398_3,63.3,0.089
T7624_2,230.7,-0.455
O5_5,320.0,0.055
T2100_2,263.6,-0.095
O5_7,141.8,-0.04
O1_3,312.9,0.051
T2101_1,62.0,0.071
T7603_1,3.7,0.839
T7624_1,205.2,-0.719
T7603_2,316.3,0.543
L102_1,128.2,-0.044
T2111_1,228.4,-0.478
T7672_2,83.5,0.005
O1_4,344.7,0.652
T7637_1,277.8,0.071
T2123_1,200.6,-0.204
O1_2,345.2,0.03
T7654_1,271.9,0.009
L101_3,195.3,-0.049
T15617_2,297.9,0.322
T7644_1,89.0,0.008
T7644_2,268.1,-0.006
T7665_1,315.3,0.309
T17506_2,275.1,0.033
T2118_1,184.0,-0.196
T7659_1,306.8,0.42
T2136_2,279.8,0.092
T7573_2,316.8,0.461
T15269_2,201.9,-0.437
T7588_1,45.6,0.513
T7607_2,358.8,0.628
L102_4,314.6,0.046
L102_2,272.6,0.002
T15269_1,167.7,-0.467
T2119_2,301.9,0.397
T16846_1,157.7,-0.715
T7665_2,256.5,-0.077
T2120_2,245.0,-0.308
T7623_1,145.1,-0.531
T7657_2,8.9,0.64
T7588_2,305.1,0.482
T2120_1,109.1,-0.303
T7607_1,36.3,0.219
T2119_1,172.3,-0.419
L102_3,108.9,-0.117
O5_6,274.2,0.002
T7642_2,322.2,0.413
T2080_1,41.1,0.096
T15619_1,355.8,0.865
T7623_2,10.8,0.334
T7638_1,285.4,0.193
T15614_1,324.4,0.611
T2136_1,147.2,-0.319
T7652_1,311.3,0.463
T17506_1,153.7,-0.25
T7642_1,88.6,0.005
T7645_1,274.7,0.054
T2098_1,308.9,0.079
T7664_2,235.9,-0.25
T7658_1,319.1,0.289
T2140_2,221.0,-0.312
T7659_2,275.9,0.063
T2140_1,185.5,-0.584
T7656_2,289.1,0.243
T7656_1,198.3,-0.208
T7676_2,240.9,-0.069
T2125_1,168.8,-0.387
T2125_2,279.0,0.126
O13_1,189.0,-0.027
O1_1,285.2,0.003
T7625_1,56.0,0.057
T7648_2,349.4,0.678
T7628_1,58.2,0.35
T7625_2,293.0,0.11
T7648_1,56.8,0.421
T2139_1,357.7,0.532
T2139_2,271.8,0.016
T7675_1,162.4,-0.007
T2121_1,50.2,0.463
T2121_2,304.8,0.204
T7672_1,125.0,-0.007
L106_1,52.9,0.137
T7675_2,97.0,-0.011
T7649_1,36.7,0.146
T7679_1,291.1,0.114
T2127_2,343.8,0.452
T2127_1,13.2,0.312
T15617_1,220.2,-0.614
T7657_1,114.2,-0.131
L109_3,335.6,0.159
T2135_1,160.3,-0.379
T2135_2,256.9,-0.073
T7638_2,258.5,-0.143
L103_3,284.9,0.062
L103_2,14.2,0.025
T2080_2,268.1,-0.011
T7649_2,278.9,0.039
L104_1,271.9,0.008
T7701_3,54.9,0.015
T7676_1,143.4,-0.147
T2128_2,351.6,0.224
T7689_2,335.6,0.248
L104_2,328.5,0.056
T7668_2,295.9,0.227
T15619_2,224.9,-0.537
T2128_1,328.2,0.116
T2145_2,288.7,0.128
AC398_1,356.5,0.127
T7687_1,330.3,0.214
T2134_2,275.5,0.036
T15614_2,227.6,-0.535
T2133_2,298.2,0.071
T7689_1,170.0,-0.374
T7652_2,210.0,-0.624
T17500_2,246.6,-0.147
T2229_1,95.7,-0.003
T7696_1,301.0,0.135
T7677_1,344.9,0.171
T7628_2,14.9,0.536
T7677_2,331.5,0.24
T2129_2,3.2,0.141
T7686_2,262.3,-0.01
T2079_1,71.8,0.132
T2079_2,267.8,-0.015
T2131_2,279.5,0.085
T7695_2,323.7,0.016
T17500_1,117.8,-0.291
L110_3,323.9,0.31
L105_2,,0.0
T7687_2,238.4,-0.107
T7683_1,337.1,0.254
T7683_2,317.6,0.113
T2131_1,147.8,-0.201
T2134_1,171.8,-0.579
T7646_2,314.1,0.228
T7640_1,60.7,0.357
T7674_2,21.0,0.714
T7674_1,9.7,0.665
AC96_3,49.7,0.014
T7640_2,22.1,0.606
T7686_1,166.2,-0.131
T7635_2,335.5,0.663
L104_3,202.4,-0.244
T7660_2,243.4,-0.28
T7622_2,311.4,0.467
T7622_1,318.1,0.489
T2146_1,321.4,0.305
T7673_1,38.6,0.455
T7684_2,299.6,0.206
T7684_1,2.4,0.665
AC398_4,343.4,0.255
T7614_2,310.3,0.1
T7635_1,72.3,0.196
T2143_2,281.9,0.075
L106_2,293.4,0.053
T7696_2,139.9,-0.03
L103_1,194.5,-0.167
T7679_2,245.8,-0.184
T15733_1,344.2,0.778
T15733_2,314.7,0.559
T2146_2,275.6,0.035
T7703_2,319.9,0.023
T2133_1,199.3,-0.317
T7661_2,283.8,0.072
T7661_1,28.2,0.706
T7666_2,308.3,0.547
T2229_2,274.8,0.005
T2144_2,331.4,0.27
T17465_2,274.9,0.033
T2130_2,311.8,0.102
T7662_1,346.9,0.222
AC398_5,316.2,0.149
T15272_2,16.5,0.552
T15618_2,345.5,0.75
AC247_3,76.2,0.033
T2132_2,325.7,0.196
AC96_2,357.4,0.706
AC96_1,109.4,-0.089
T2156_2,177.3,-0.05
AC247_1,248.5,-0.02
T2155_2,260.5,-0.005
T2126_2,287.9,0.028
T2126_1,62.7,0.042
T2150_2,292.3,0.297
T7685_2,292.8,0.112
T7666_1,74.5,0.185
AC400_5,332.5,0.398
T7660_1,203.1,-0.729
L107_1,311.5,0.003
T17465_1,136.6,-0.207
T7668_1,243.9,-0.324
T15267_2,299.7,0.343
T15267_1,159.2,-0.469
T2129_1,182.4,-0.188
T2145_1,193.9,-0.143
T7614_1,89.4,0.008
T7695_1,180.1,-0.034
T7673_2,39.8,0.578
T7641_2,39.9,0.48
T7685_1,187.4,-0.577
AC247_4,171.0,-0.303
T7662_2,316.6,0.218
T7692_1,331.6,0.171
AC400_2,322.6,0.191
T2112_2,227.3,-0.496
T2112_1,31.0,0.771
T7698_1,298.8,0.145
T7693_1,103.4,-0.119
T7688_1,17.5,0.607
T2141_2,1.3,0.595
L105_1,,0.0
T2141_1,32.9,0.606
T7646_1,344.0,0.403
T7701_2,339.0,0.013
AC247_2,189.2,-0.073
T7692_2,291.9,0.095
T2132_1,108.8,-0.303
T7694_1,356.5,0.3
T7694_2,3.6,0.148
T15265_2,337.7,0.622
L109_4,218.2,-0.227
T14757_2,272.5,0.019
T14757_1,128.3,-0.219
T7688_2,7.2,0.778
T2155_1,78.8,0.011
T7667_1,25.3,0.831
T7667_2,10.2,0.723
T15615_2,342.1,0.612
L108_1,339.6,0.013
T7703_1,164.3,-0.046
L109_2,291.6,0.06
T2143_1,244.4,-0.118
T2150_1,229.2,-0.434
L106_4,240.9,-0.149
T2153_1,346.5,0.866
T7714_2,340.7,0.016
T2153_2,308.7,0.459
T7641_1,93.7,-0.05
T7715_2,308.6,0.07
AC97_3,73.0,0.022
T7690_1,33.1,0.326
T7690_2,267.7,-0.018
T2144_1,177.1,-0.126
T2130_1,189.3,-0.148
T7711_1,349.2,0.2
T2175_1,158.6,-0.345
T15272_1,224.5,-0.42
T15618_1,260.8,-0.099
T7713_2,272.6,0.021
T2175_2,243.7,-0.163
T7709_1,67.6,0.151
T7709_2,182.1,-0.603
T7707_2,300.7,0.291
AC400_4,279.3,0.034
T7698_2,201.4,-0.212
T2156_1,340.9,0.043
T2142_2,341.3,0.589
T2142_1,5.1,0.656
T17497_2,26.5,0.355
T7699_2,175.0,-0.214
L107_2,233.0,-0.066
AC400_3,316.4,0.216
AC400_1,106.2,-0.262
T7699_1,109.0,-0.079
T7710_2,86.2,0.03
T7707_1,215.7,-0.174
T17501_2,340.4,0.488
T7701_1,264.4,-0.002
T2174_2,290.0,0.072
T2174_1,113.7,-0.233
T7713_1,218.3,-0.332
T7669_2,7.0,0.525
L109_1,171.0,-0.146
AC97_2,34.7,0.786
T2138_2,234.7,-0.022
T2138_1,352.3,0.076
T2162_2,276.8,0.048
T7706_2,12.6,0.691
T15265_1,200.5,-0.693
T7719_2,86.9,0.023
T7710_1,119.5,-0.408
T2162_1,155.8,-0.289
T17463_2,248.9,-0.145
T17463_1,107.5,-0.108
T15615_1,227.0,-0.419
T7727_2,278.5,0.002
L108_2,345.6,0.145
T7714_1,126.3,-0.018
T7700_2,342.2,0.252
AC98_3,297.4,0.181
T7705_1,314.2,0.116
T7682_1,302.1,0.087
AC402_3,336.8,0.226
T7682_2,321.1,0.176
T7727_1,124.8,-0.237
T7702_2,286.3,0.024
T7702_1,228.3,-0.093
AC98_4,307.4,0.403
T7671_2,354.2,0.144
T2099_2,284.4,0.043
T7715_1,138.9,-0.04
T2099_1,18.6,0.148
T2178_2,312.7,0.075
T2177_1,15.9,0.019
T7711_2,207.1,-0.066
T2158_1,359.8,0.617
T2151_1,63.5,0.091
T2151_2,288.3,0.046
T7669_1,30.0,0.496
T2137_1,341.2,0.175
T2158_2,196.6,-0.672
T2172_1,84.6,0.012
AC402_4,355.1,0.201
AC98_2,26.7,0.793
T17497_1,191.8,-0.415
T7705_2,250.7,-0.102
T7693_2,105.5,-0.136
L110_4,287.0,0.098
T2178_1,143.2,-0.083
T7706_1,154.7,-0.503
T7720_1,91.5,-0.002
T7720_2,296.2,0.044
AC404_2,321.1,0.153
T7718_2,358.1,0.193
T7717_1,91.3,-0.009
T7735_2,319.1,0.126
T7735_1,128.5,-0.038
T2137_2,318.7,0.156
T7733_2,309.9,0.028
T7717_2,179.6,-0.358
T2114_1,29.6,0.313
T2171_1,198.3,-0.101
T7737_2,294.7,0.012
T7704_1,6.5,0.419
T17501_1,205.6,-0.371
T2114_2,324.4,0.383
T2173_1,121.9,-0.215
T2173_2,295.5,0.204
T2097_1,329.1,0.187
T2159_2,333.5,0.287
T7700_1,82.4,0.053
T7671_1,310.0,0.075
L114_3,287.8,0.068
T7719_1,119.7,-0.4
T17464_2,256.4,-0.161
T17464_1,109.6,-0.151
AC404_1,55.8,0.072
T2148_2,321.4,0.607
T2122_1,61.1,0.19
T2148_1,21.1,0.624
T17512_2,10.5,0.761
T2149_2,38.2,0.426
T7745_1,310.6,0.01
T7716_2,292.9,0.298
T7691_1,54.9,0.17
T7691_2,335.1,0.391
T7716_1,189.4,-0.162
T2163_2,353.2,0.129
T7722_2,236.9,-0.161
T17499_2,300.8,0.183
T7722_1,177.4,-0.254
T7733_1,102.9,-0.012
T2149_1,64.9,0.303
T2181_1,106.4,-0.006
T2177_2,212.0,-0.023
T2122_2,247.1,-0.28
T2097_2,314.8,0.049
T2116_1,107.3,-0.249
T2116_2,323.5,0.508
AC98_1,78.7,0.013
T2181_2,294.2,0.044
T7728_2,267.0,-0.016
T7728_1,229.1,-0.046
T2172_2,159.0,-0.257
T7704_2,126.7,-0.287
L110_2,256.5,-0.027
T17511_1,358.4,0.585
T7678_2,0.7,0.665
T7678_1,16.6,0.667
AC97_1,327.5,0.046
T7734_1,69.0,0.041
T7734_2,257.1,-0.016
T2219_2,351.1,0.079
T2171_2,189.3,-0.129
T2160_1,313.8,0.333
T7724_2,255.8,-0.059
T7741_1,162.0,-0.599
T7741_2,182.3,-0.713
T7724_1,158.9,-0.103
T17499_1,149.4,-0.334
T2255_2,355.4,0.544
T17505_2,288.6,0.119
T17505_1,327.3,0.349
T17504_1,305.5,0.216
T7718_1,232.6,-0.089
L111_1,193.8,-0.009
T7726_2,216.7,-0.158
T2254_2,17.0,0.55
T7726_1,137.0,-0.314
T7750_2,280.9,0.098
T7748_1,288.6,0.138
T7737_1,150.2,-0.018
T7752_1,198.2,-0.298
T2187_1,283.8,0.002
L111_2,278.5,0.032
T2222_2,310.7,0.103
T2222_1,86.7,0.002
T2159_1,180.8,-0.362
T2161_2,350.5,0.765
T2161_1,355.6,0.824
T17509_1,342.6,0.645
T7762_2,128.3,-0.005
T2214_2,280.3,0.051
T7736_1,30.2,0.067
T17512_1,275.4,0.014
T2185_1,41.7,0.043
T2185_2,59.2,0.01
AC402_2,5.1,0.316
T7763_2,314.8,0.067
T2186_2,348.5,0.018
AC100_1,76.7,0.043
T2107_1,323.2,0.162
T2107_2,96.4,-0.017
T7745_2,167.6,-0.018
T2219_1,189.5,-0.125
L112_2,73.6,0.057
T2163_1,88.9,0.008
T7736_2,191.0,-0.054
T7721_2,308.6,0.456
L112_3,227.0,-0.254
T7721_1,308.1,0.201
T7663_1,300.9,0.34
T7708_2,353.6,0.9
T7708_1,355.4,0.845
T17510_2,351.2,0.698
T2187_2,349.7,0.041
AC100_3,269.8,-0.002
T7750_1,215.3,-0.532
AC100_2,32.9,0.664
T7723_1,292.3,0.055
T15271_2,262.3,-0.105
T15271_1,33.0,0.609
T2160_2,259.9,-0.115
T7752_2,315.1,0.13
T15980_1,26.5,0.582
T7761_1,249.4,-0.18
T2176_2,270.8,0.012
T2257_2,323.0,0.437
T7730_1,316.8,0.314
T17474_1,92.3,-0.015
T7743_2,306.7,0.32
T15980_2,286.9,0.218
AC402_1,65.7,0.303
T7723_2,248.4,-0.066
T15667_2,335.0,0.552
T7748_2,207.6,-0.602
T17511_2,275.7,0.027
T17508_2,343.7,0.671
T7747_1,352.9,0.788
T7747_2,266.0,-0.062
T2255_1,163.1,-0.166
T2115_2,334.9,0.601
T14636_1,29.5,0.477
L110_1,206.1,-0.11
T7731_1,286.6,0.231
T2166_2,281.1,0.103
L113_1,289.3,0.077
T17474_2,243.1,-0.32
T2182_2,275.7,0.057
T2214_1,131.9,-0.026
T7762_1,49.7,0.007
L114_4,250.4,-0.151
T7663_2,290.8,0.286
T2257_1,150.7,-0.245
T2227_2,294.9,0.031
T2227_1,117.2,-0.047
T7731_2,289.6,0.28
T17504_2,184.9,-0.553
T2166_1,95.1,-0.041
T14636_2,241.5,-0.275
L114_2,297.6,0.099
T7749_2,236.8,-0.331
T2254_1,172.5,-0.678
T7730_2,162.4,-0.299
T7749_1,217.1,-0.38
L115_2,280.2,0.033
T7777_1,18.7,0.038
T7743_1,202.0,-0.428
T7768_1,263.7,-0.004
T7766_2,223.5,-0.429
T7725_2,261.1,-0.099
T7725_1,305.5,0.152
T7729_1,52.1,0.195
T7768_2,16.4,0.09
T2176_1,263.7,-0.069
T7766_1,185.5,-0.457
T17509_2,226.8,-0.257
T7758_2,261.5,-0.102
T7740_1,103.4,-0.14
T2115_1,133.1,-0.509
T7769_1,247.1,-0.243
T2186_1,188.8,-0.022
T7756_1,355.1,0.814
T7732_2,266.8,-0.035
T7763_1,145.9,-0.015
T7757_1,251.0,-0.248
T7732_1,258.0,-0.102
T7755_1,353.6,0.436
T7753_1,308.7,0.196
T7742_2,300.7,0.391
T15268_2,262.9,-0.092
T7739_1,269.6,-0.005
T15268_1,44.3,0.548
T2188_2,307.3,0.535
T2189_1,327.3,0.511
L112_1,141.7,-0.578
T7757_2,247.8,-0.266
T7738_1,221.5,-0.16
T2182_1,159.6,-0.417
T2221_1,21.5,0.024
T2221_2,256.1,-0.008
T7758_1,253.8,-0.226
T7738_2,280.2,0.032
T2188_1,296.3,0.358
T17510_1,208.8,-0.529
T2184_2,308.1,0.188
T7776_2,302.4,0.325
T7755_2,269.5,-0.007
L113_2,276.1,0.005
T7761_2,224.1,-0.467
T7754_1,335.1,0.544
T2184_1,91.3,-0.005
T2199_2,326.5,0.438
T15667_1,53.2,0.335
T7765_2,285.4,0.2
T2167_2,283.6,0.138
T7759_2,273.0,0.041
T2167_1,74.0,0.159
L116_2,63.3,0.093
T7782_1,41.2,0.037
T17508_1,196.6,-0.457
T7751_2,240.3,-0.254
L116_1,266.5,-0.003
T2199_1,160.2,-0.503
L117_1,46.8,0.038
T7756_2,261.7,-0.103
T7760_2,209.6,-0.31
L116_3,276.8,0.056
T7772_1,265.5,-0.035
T14632_2,268.7,-0.011
T14632_1,73.8,0.212
T7751_1,224.3,-0.31
T2196_2,279.6,0.057
T2196_1,25.4,0.065
T7759_1,264.8,-0.07
T7760_1,147.5,-0.38
L117_2,226.7,-0.08
T7769_2,265.7,-0.047
L114_1,172.3,-0.218
T7740_2,174.8,-0.617
T7777_2,26.4,0.062
T7746_1,306.6,0.331
L115_1,295.5,0.01
T7753_2,239.3,-0.158
T7729_2,97.3,-0.033
T7739_2,244.5,-0.355
T7765_1,258.8,-0.137
T17156_1,251.8,-0.003
T7744_2,303.0,0.137
T17156_2,241.6,-0.036
T7791_2,259.1,-0.009
T7787_2,3.5,0.048
T2198_1,357.9,0.614
T16849_2,278.9,0.123
T7789_2,269.9,-0.0
T7789_1,72.8,0.047
T7788_2,350.0,0.036
T7791_1,88.8,0.014
T2198_2,295.2,0.185
T7746_2,270.2,0.003
T2203_2,299.8,0.139
L118_1,17.5,0.574
T2189_2,197.2,-0.486
T7772_2,205.9,-0.588
T2170_2,235.1,-0.322
T2170_1,18.9,0.412
T7742_1,282.1,0.127
T7770_2,14.8,0.055
AC101_2,327.5,0.049
T2203_1,241.9,-0.028
T7776_1,234.0,-0.364
T7782_2,152.9,-0.052
L118_2,349.6,0.091
T2210_2,275.7,0.004
T2210_1,94.8,-0.004
T7800_1,334.5,0.093
T2180_1,29.5,0.016
T2180_2,229.0,-0.042
T7796_1,286.4,0.019
T7754_2,255.7,-0.087
L119_1,38.6,0.142
T2211_2,285.7,0.003
L120_1,276.8,0.055
L119_2,355.8,0.004
T16849_1,142.3,-0.593
T7774_2,266.8,-0.043
T2206_2,308.7,0.019
T2169_2,272.1,0.008
T2169_1,27.7,0.381
L120_2,294.0,0.023
T2154_1,306.9,0.196
L120_3,269.5,-0.005
T7744_1,234.7,-0.093
T2183_2,307.3,0.396
T2183_1,20.8,0.389
T7770_1,107.2,-0.218
T17080_2,292.0,0.019
T7799_2,253.4,-0.208
T2195_1,343.7,0.641
T7799_1,285.0,0.116
T7796_2,255.8,-0.018
T17080_1,106.9,-0.005
T2256_2,300.0,0.208
T2256_1,119.5,-0.11
T7697_2,320.9,0.161
T7697_1,337.9,0.221
T7793_2,13.1,0.013
T7712_1,338.2,0.121
T7787_1,146.3,-0.02
T7793_1,271.7,0.001
T2206_1,115.7,-0.028
T7788_1,172.8,-0.04
L119_3,261.3,-0.042
AC101_1,100.9,-0.17
T7767_1,121.9,-0.236
T7767_2,250.7,-0.242
T7806_1,126.2,-0.186
T7806_2,308.1,0.178
T2233_1,350.2,0.051
T15282_2,285.7,0.153
T2154_2,268.8,-0.008
T15264_1,0.5,0.655
T2213_1,122.3,-0.015
T2213_2,261.9,-0.003
T2195_2,303.9,0.357
T7784_1,213.7,-0.431
T7764_1,0.3,0.383
T7784_2,271.7,0.021
AC101_3,334.8,0.451
T2232_2,359.7,0.045
T7774_1,282.1,0.171
L118_3,339.1,0.218
T7794_1,255.7,-0.102
T7775_2,75.2,0.081
T2220_2,278.9,0.005
T2220_1,99.6,-0.006
T2190_2,312.6,0.271
T2190_1,330.8,0.253
T7773_2,271.2,0.014
T7764_2,294.9,0.345
T17473_2,247.5,-0.281
T14768_1,140.5,-0.316
T2218_1,342.1,0.334
T17473_1,79.1,0.051
T7800_2,150.2,-0.009
T7805_1,249.4,-0.168
T2110_1,18.8,0.569
T7802_1,64.5,0.006
T7821_2,312.7,0.053
T7817_1,359.1,0.032
T2211_1,323.3,0.012
T7773_1,275.5,0.061
T2218_2,119.4,-0.131
T2179_1,240.2,-0.095
T7808_2,157.0,-0.206
T7712_2,318.0,0.092
T2179_2,313.4,0.009
T7808_1,138.2,-0.26
T2223_2,270.2,0.002
T2197_1,155.4,-0.596
T2194_2,303.5,0.235
T2194_1,356.5,0.247
T2197_2,213.8,-0.505
T7794_2,311.9,0.279
T7783_2,297.7,0.368
T15282_1,136.6,-0.481
T7812_1,123.8,-0.302
T14768_2,276.9,0.036
T7810_1,116.6,-0.216
T7812_2,210.2,-0.259
AC101_4,313.2,0.075
T2193_2,258.5,-0.18
T2193_1,16.3,0.097
T2223_1,103.3,-0.012
T7783_1,292.0,0.26
T7823_2,295.3,0.109
T7801_1,128.7,-0.299
T7801_2,199.7,-0.298
T15264_2,218.1,-0.536
T7775_1,70.5,0.239
T7823_1,177.8,-0.503
T7786_2,285.5,0.189
T2233_2,258.0,-0.016
L121_1,330.0,0.043
T7828_2,317.0,0.024
T7778_2,323.6,0.163
T7798_2,330.0,0.287
L121_3,267.6,-0.001
T7785_2,298.5,0.082
T7781_1,320.9,0.105
T2200_2,303.3,0.094
T2200_1,32.7,0.286
T2164_1,100.3,-0.039
T2164_2,295.9,0.098
T7795_2,53.5,0.058
T7814_2,281.3,0.116
L123_1,124.1,-0.314
T2232_1,99.0,-0.004
T7826_1,309.9,0.104
T7785_1,226.1,-0.01
T7805_2,245.5,-0.157
T7810_2,148.3,-0.453
T7829_1,110.7,-0.2
T7821_1,101.1,-0.006
T7798_1,271.4,0.004
T2226_2,280.6,0.009
T2110_2,229.3,-0.388
T2226_1,91.3,-0.002
T7778_1,45.1,0.226
T7829_2,91.1,-0.007
T7817_2,147.1,-0.007
AC102_3,288.7,0.012
T7802_2,99.7,-0.006
L122_2,24.7,0.002
L122_1,293.5,0.077
O8_3,124.8,-0.034
T17472_2,250.9,-0.151
L123_2,294.0,0.085
AC102_1,83.6,0.1
T2228_1,33.7,0.114
L128_1,126.4,-0.011
O8_2,354.4,0.303
T2165_2,297.2,0.178
T2165_1,82.0,0.027
T2234_2,251.7,-0.015
T2234_1,13.5,0.039
T2201_2,313.1,0.062
T2201_1,2.8,0.109
T7813_2,324.7,0.06
T7826_2,224.1,-0.086
T7781_2,300.2,0.168
L121_2,170.1,-0.097
T7835_2,348.7,0.078
T7814_1,241.3,-0.135
T17472_1,122.6,-0.138
T7825_1,51.3,0.224
T2157_2,358.7,0.69
T2168_1,37.2,0.486
T2168_2,231.4,-0.33
T2228_2,224.1,-0.02
T7825_2,259.5,-0.062
T7813_1,148.4,-0.368
T7827_2,257.6,-0.077
T7827_1,20.8,0.122
T7828_1,292.9,0.002
T7786_1,249.1,-0.255
O8_1,129.2,-0.41
T7795_1,112.6,-0.131
T2247_2,355.9,0.496
AC102_2,328.4,0.42
T7841_1,103.1,-0.18
T7780_2,343.1,0.404
T7836_1,16.3,0.452
T7841_2,226.0,-0.423
T17082_2,305.3,0.041
T2246_1,289.6,0.092
T14767_2,274.9,0.036
T14771_1,6.1,0.341
T16841_1,347.5,0.715
T7807_2,308.4,0.152
T7807_1,19.6,0.123
T7840_2,339.2,0.252
T7838_1,184.7,-0.39
T7838_2,278.1,0.049
T7843_1,104.5,-0.011
T7843_2,231.2,-0.03
T7822_2,232.3,-0.331
T7822_1,152.7,-0.479
T2231_2,305.2,0.073
T7780_1,4.8,0.517
T14771_2,225.9,-0.338
AC248_2,326.2,0.332
T7858_2,307.3,0.03
T7857_1,89.0,0.0
T7859_1,0.0,0.042
T7857_2,268.2,-0.025
T2241_1,305.1,0.389
T7858_1,118.6,-0.281
T7818_2,288.0,0.162
T7797_1,42.8,0.583
L123_3,253.3,-0.074
T14770_1,39.5,0.579
AC237_5,3.8,0.475
T7848_1,77.8,0.185
T7848_2,249.6,-0.19
T2157_1,112.7,-0.277
T14766_2,322.0,0.438
T7833_1,1.7,0.021
AC251_2,315.5,0.164
T7818_1,174.2,-0.709
T7833_2,197.2,-0.131
T7835_1,68.0,0.014
AC252_2,170.4,-0.146
T7836_2,330.6,0.347
T7853_2,356.5,0.076
T7797_2,30.1,0.635
T2246_2,319.2,0.216
L128_2,118.0,-0.041
T7790_2,262.2,-0.007
T7790_1,91.1,-0.015
T2280_2,274.1,0.008
T7869_1,345.3,0.038
T7840_1,204.2,-0.235
O9_1,218.6,-0.198
T7862_1,354.6,0.118
T2280_1,61.2,0.046
T7865_2,283.5,0.08
L124_2,96.9,-0.013
L124_1,44.6,0.31
T7850_1,151.6,-0.289
L125_1,47.4,0.019
T7820_2,288.2,0.115
T7820_1,309.4,0.032
T2243_2,300.7,0.087
T7842_1,25.1,0.1
L125_2,289.7,0.058
T2245_2,308.9,0.15
T2244_1,305.2,0.118
T17082_1,142.4,-0.022
T7803_1,298.4,0.159
O9_3,41.7,0.028
L124_3,249.4,-0.223
AC406_9,344.0,0.217
T7792_1,51.0,0.211
L126_2,293.4,0.081
T7851_2,97.8,-0.044
T2247_1,230.7,-0.259
T7855_1,262.1,-0.048
T7847_2,299.1,0.043
T17158_2,329.3,0.02
T17158_1,159.6,-0.021
T14767_1,148.4,-0.279
T7847_1,236.7,-0.011
T7870_1,222.1,-0.014
T7792_2,317.4,0.129
T7861_2,275.1,0.009
AC248_1,233.5,-0.404
T2215_2,283.6,0.057
T2215_1,67.3,0.044
L127_1,41.7,0.004
T7856_2,349.7,0.203
T7852_2,233.4,-0.188
T7852_1,39.1,0.095
L128_3,264.0,-0.009
T2244_2,223.2,-0.086
T7859_2,178.3,-0.044
T2241_2,119.7,-0.026
T16841_2,215.5,-0.499
T7863_1,144.7,-0.366
T7832_1,21.3,0.169
T7855_2,168.6,-0.861
T7860_2,126.8,-0.202
T7850_2,190.3,-0.487
T2231_1,119.5,-0.014
T2237_3,225.3,-0.205
T2237_2,346.5,0.171
T7853_1,184.3,-0.066
T2243_1,179.7,-0.124
T7865_1,271.7,0.008
T7824_1,16.3,0.648
O8_6,76.9,0.004
T7862_2,178.2,-0.104
T7863_2,111.1,-0.175
T7824_2,15.0,0.426
O9_2,60.2,0.006
O6_2,217.6,-0.03
T7842_2,209.2,-0.073
T7879_1,338.7,0.182
T7877_2,271.3,0.005
T14766_1,194.1,-0.396
T7874_1,5.6,0.694
T7877_1,119.4,-0.122
T2192_2,272.5,0.01
T2192_1,2.9,0.188
T7867_1,297.8,0.055
O10_2,75.1,0.091
O8_5,209.9,-0.035
T7860_1,101.8,-0.059
T7884_2,267.2,-0.014
T7881_2,208.8,-0.184
T7811_2,321.7,0.535
T7811_1,358.1,0.357
T7839_2,320.3,0.324
T2212_2,65.7,0.052
T2212_1,78.9,0.015
T17157_2,326.0,0.109
T17157_1,129.1,-0.199
O10_3,211.3,-0.177
T7881_1,196.2,-0.198
T2251_2,207.1,-0.139
T2251_1,47.0,0.04
T2225_2,359.5,0.296
T7869_2,282.7,0.008
T2191_1,299.0,0.116
T7861_1,198.9,-0.306
T2191_2,282.8,0.044
T2268_2,330.6,0.019
T2268_1,156.2,-0.017
T2265_1,357.6,0.11
T2264_2,353.2,0.122
T2245_1,209.5,-0.111
T7880_2,323.7,0.61
T7803_2,292.2,0.185
T2253_2,321.6,0.234
T2299_1,331.7,0.182
O10_1,71.0,0.051
T17171_2,236.9,-0.382
T17171_1,317.3,0.507
T7880_1,236.9,-0.163
T2271_2,270.3,0.0
T2271_1,258.0,-0.018
T2266_1,3.1,0.102
T2217_2,250.0,-0.102
T2217_1,13.0,0.317
T7839_1,213.9,-0.118
T2250_1,326.8,0.259
O6_1,205.8,-0.226
T16912_2,352.4,0.746
T2270_2,309.8,0.504
T2269_1,352.6,0.061
T14769_2,307.0,0.335
T7866_1,314.6,0.237
T2270_1,171.1,-0.401
T7876_2,174.3,-0.027
T7876_1,129.8,-0.023
T7873_2,318.2,0.243
T2204_2,267.5,-0.008
T2204_1,58.9,0.193
T7851_1,152.5,-0.104
T7900_1,91.5,-0.02
T7900_2,342.2,0.018
T7903_1,110.9,-0.014
T7903_2,268.1,-0.028
T7901_2,296.4,0.027
T2207_1,334.4,0.505
T7904_1,25.5,0.017
T7870_2,205.3,-0.058
T7849_2,335.1,0.67
T7849_1,348.7,0.752
T7804_2,311.9,0.138
L126_1,139.5,-0.099
T7804_1,42.3,0.136
T2239_2,315.4,0.094
T2207_2,285.1,0.163
T7846_2,349.4,0.724
T7846_1,34.2,0.598
T2262_1,35.8,0.681
T2262_2,222.5,-0.31
T7890_1,115.9,-0.239
T7902_1,118.8,-0.419
T7771_2,357.3,0.739
O8_4,155.8,-0.068
T15668_2,321.7,0.623
T15616_1,24.2,0.734
T2273_2,123.5,-0.088
T7837_1,337.1,0.354
T7830_2,344.6,0.454
T7902_2,270.3,0.0
T2272_1,329.1,0.048
AC406_3,33.0,0.195
T7809_1,72.0,0.246
T7809_2,46.3,0.192
AC406_10,337.5,0.191
T7901_1,273.9,0.032
T2279_2,278.7,0.013
T2279_1,100.1,-0.004
T2273_1,288.7,0.035
T7856_1,196.8,-0.347
T2267_2,354.3,0.058
T2240_1,318.6,0.187
L127_2,260.5,-0.088
T15616_2,259.9,-0.127
L128_4,273.5,0.03
T7771_1,11.5,0.542
T7873_1,269.2,-0.003
T7866_2,289.2,0.108
T7882_2,340.5,0.588
T7832_2,204.7,-0.15
T7893_2,183.3,-0.217
T7885_1,355.4,0.677
T7837_2,334.1,0.373
T7893_1,136.6,-0.326
L130_1,354.2,0.667
T7884_1,233.4,-0.037
T7874_2,205.0,-0.132
T2264_1,322.7,0.022
T2237_1,225.0,-0.122
L129_2,338.9,0.033
T2240_2,241.0,-0.064
T15668_1,84.7,0.076
L130_2,160.1,-0.075
T7889_2,348.1,0.505
O9_4,206.6,-0.021
T7867_2,203.6,-0.232
T17154_2,69.1,0.005
T2299_2,235.4,-0.132
T2225_1,205.0,-0.12
L129_3,307.9,0.193
T17154_1,141.6,-0.037
T2250_2,213.1,-0.344
T7879_2,258.9,-0.027
T2265_2,186.4,-0.056
T7830_1,343.0,0.57
T2253_1,154.8,-0.264
T7895_2,141.9,-0.086
T7895_1,323.2,0.047
T7905_2,196.8,-0.454
T7905_1,168.1,-0.784
T7890_2,158.8,-0.343
T7872_2,349.8,0.664
T7872_1,359.5,0.518
AC252_3,234.7,-0.25
T7897_2,263.6,-0.048
T2267_1,186.6,-0.249
T2248_2,72.0,0.241
T2248_1,46.0,0.651
L129_1,57.8,0.032
T7897_1,216.2,-0.205
T7882_1,296.6,0.118
T2249_1,105.3,-0.189
T14769_1,146.7,-0.433
T2205_2,295.1,0.289
T2205_1,84.2,0.066
T2274_2,297.7,0.351
T2263_2,14.8,0.624
T17469_2,6.8,0.655
T2269_2,188.7,-0.05
T7844_2,316.7,0.273
T7844_1,352.2,0.499
T7918_1,6.6,0.12
T2266_2,167.0,-0.086
T7914_1,168.6,-0.078
T16912_1,208.1,-0.599
T7854_2,19.1,0.694
T16937_1,22.5,0.788
T2242_2,280.7,0.141
T7924_1,40.5,0.016
T7779_2,316.1,0.457
T7854_1,343.9,0.575
AC237_7,181.4,-0.041
T7845_1,47.8,0.285
T7896_1,87.1,0.008
T2216_2,292.5,0.147
T2216_1,336.7,0.234
T7904_2,168.0,-0.046
T7883_2,60.5,0.368
T7883_1,50.3,0.5
T7926_2,9.9,0.015
T2239_1,277.5,0.022
T7885_2,241.9,-0.079
T2272_2,188.9,-0.115
T7909_1,282.6,0.114
L130_3,240.7,-0.264
T7779_1,4.1,0.62
T2274_1,149.2,-0.502
L131_2,119.2,-0.197
T7899_2,265.6,-0.032
T2293_2,293.8,0.109
T2208_2,243.3,-0.277
T7889_1,4.8,0.406
T2208_1,294.8,0.158
T7845_2,264.6,-0.026
T7815_2,314.7,0.342
T7815_1,13.6,0.571
L131_1,153.3,-0.492
T2260_1,291.2,0.023
T7831_2,315.1,0.393
T2344_2,266.8,-0.011
T16937_2,245.9,-0.321
T7831_1,345.1,0.74
T7898_1,198.4,-0.382
T7898_2,184.1,-0.54
AC252_1,179.1,-0.218
T7896_2,145.5,-0.218
T2281_1,134.1,-0.059
T2300_1,327.0,0.438
T14642_2,249.8,-0.182
T7906_1,317.9,0.449
T7864_1,94.8,-0.054
T2263_1,205.1,-0.383
L131_3,207.7,-0.653
T2281_2,196.3,-0.07
T7918_2,199.4,-0.088
T2288_1,351.8,0.662
T7819_2,271.0,0.011
T7819_1,13.2,0.123
L132_1,53.5,0.013
T2344_1,135.0,-0.157
T7864_2,206.4,-0.545
T7892_1,44.0,0.148
T2259_1,275.2,0.005
T2301_2,328.8,0.058
T2318_2,343.0,0.375
T7892_2,262.7,-0.082
T2249_2,206.8,-0.526
T14642_1,28.5,0.489
T2242_1,226.3,-0.509
T7868_2,0.4,0.452
T7868_1,356.9,0.534
T7909_2,272.1,0.029
T17470_1,12.2,0.322
T7899_1,230.8,-0.171
T2342_2,267.4,-0.014
T2342_1,118.9,-0.202
T2289_2,301.1,0.266
T7932_2,54.3,0.386
T2290_2,259.2,-0.094
T17469_1,233.3,-0.115
T2290_1,66.0,0.219
T2321_1,339.9,0.466
T7939_1,167.3,-0.621
T7937_2,198.0,-0.585
T17468_2,281.1,0.036
T7937_1,148.5,-0.319
T7914_2,52.4,0.013
T7924_2,181.9,-0.069
T2275_1,19.1,0.547
T7939_2,222.7,-0.418
T2275_2,297.7,0.284
AC251_3,253.7,-0.074
T7908_1,350.4,0.393
T7919_1,9.2,0.664
T7908_2,333.1,0.494
AC237_8,195.1,-0.127
T7942_1,104.6,-0.075
T7942_2,240.9,-0.413
T7926_1,149.2,-0.014
L132_2,330.5,0.671
T17468_1,166.7,-0.211
T2306_2,337.9,0.044
T2202_2,314.4,0.08
T2202_1,66.9,0.108
T7921_2,223.9,-0.087
T7934_2,231.6,-0.33
T2288_2,222.7,-0.559
T7962_2,264.0,-0.006
T7962_1,114.6,-0.01
T7878_1,204.2,-0.128
T7878_2,218.2,-0.312
T2306_1,135.3,-0.009
T2293_1,266.2,-0.009
T7952_2,147.3,-0.036
T7906_2,293.9,0.245
T2298_2,334.8,0.632
T2319_1,18.8,0.41
T7929_2,317.5,0.218
T2292_1,22.8,0.62
T7929_1,57.2,0.167
T7960_1,325.2,0.03
T7931_2,267.9,-0.006
T7910_1,341.8,0.686
T7834_2,325.2,0.497
T7834_1,2.8,0.628
T7931_1,231.2,-0.05
T2320_2,350.9,0.623
T2319_2,284.6,0.178
T7920_1,120.1,-0.116
T7910_2,323.0,0.655
T2301_1,146.8,-0.026
T7938_2,180.3,-0.511
T7922_1,318.2,0.148
T7961_2,299.9,0.008
T2278_2,14.8,0.142
T7948_2,257.2,-0.115
T2317_2,349.3,0.657
T2152_2,347.4,0.164
T2302_2,343.4,0.381
L133_2,278.3,0.058
T2300_2,212.3,-0.12
T2152_1,241.5,-0.124
T2316_2,307.5,0.437
T2304_1,27.0,0.236
T7912_1,359.8,0.73
T2278_1,88.8,0.004
T7957_1,100.3,-0.072
T7920_2,103.7,-0.045
T7957_2,261.5,-0.06
T7912_2,303.9,0.332
T7952_1,218.5,-0.039
T17470_2,239.2,-0.085
T7921_1,178.7,-0.431
T7930_2,247.6,-0.029
T7956_1,132.9,-0.377
T2302_1,160.0,-0.249
T2311_2,236.9,-0.306
T2236_1,91.4,-0.002
L134_2,279.3,0.014
T7932_1,136.0,-0.278
T7959_2,257.0,-0.074
T7930_1,91.8,-0.011
T2318_1,185.5,-0.21
T7934_1,177.3,-0.711
T17477_2,238.7,-0.14
T7938_1,229.0,-0.187
T7981_2,268.4,-0.002
T7919_2,318.5,0.296
T7981_1,89.2,0.001
T7974_1,343.6,0.027
T7956_2,219.1,-0.337
T2303_2,270.8,0.006
T7916_2,334.6,0.538
T7916_1,345.1,0.713
T17477_1,137.5,-0.201
T7959_1,169.7,-0.429
T2315_2,339.6,0.524
T2321_2,243.4,-0.071
T17159_1,221.9,-0.025
T2298_1,248.2,-0.035
T2289_1,178.5,-0.453
T16919_1,113.7,-0.286
T2235_1,16.9,0.213
T7944_1,163.6,-0.387
T7948_1,144.1,-0.306
L133_1,121.7,-0.005
T17153_2,270.7,0.0
T2303_1,290.6,0.044
T7940_2,240.3,-0.339
T7940_1,117.3,-0.337
L135_1,79.6,0.009
T17079_2,289.3,0.038
T7967_1,248.5,-0.111
T7944_2,175.5,-0.749
T2236_2,137.6,-0.022
T17159_2,85.5,0.014
T16919_2,264.4,-0.057
AC251_1,124.5,-0.367
T17079_1,110.0,-0.008
T7968_2,50.2,0.291
L134_1,91.1,-0.001
T7894_2,275.4,0.066
T7949_2,304.4,0.35
T7913_1,34.7,0.55
T7915_2,7.9,0.77
T7943_2,263.6,-0.09
T7894_1,115.5,-0.289
T17475_2,299.6,0.155
T2259_2,211.2,-0.089
T7960_2,339.0,0.004
T2292_2,118.3,-0.101
T7977_1,314.0,0.205
T7954_1,147.4,-0.529
T2320_1,174.5,-0.412
T2316_1,200.1,-0.433
T7915_1,40.8,0.534
L136_2,297.3,0.03
T7995_2,325.6,0.078
L134_3,305.2,0.213
T7995_1,30.6,0.135
T7922_2,233.0,-0.128
O7_3,205.1,-0.022
AC237_9,157.6,-0.053
T7961_1,144.1,-0.008
T7946_2,53.2,0.166
T7927_1,84.4,0.034
T7946_1,19.2,0.108
T2317_1,194.0,-0.415
T17475_1,124.6,-0.174
T7979_1,243.2,-0.147
T2308_2,275.6,0.071
T7941_1,166.2,-0.143
T7954_2,193.8,-0.352
L136_1,130.6,-0.291
T2252_1,299.5,0.154
T7967_2,230.6,-0.122
T2304_2,131.0,-0.05
T14764_2,292.0,0.189
T7941_2,254.7,-0.018
L136_3,253.5,-0.151
T2311_1,257.7,-0.108
T7913_2,249.6,-0.066
T7983_2,306.7,0.349
T7945_2,8.9,0.371
T7887_1,32.9,0.446
T7888_2,336.3,0.401
T7888_1,340.1,0.553
T7972_2,237.6,-0.337
T7945_1,42.7,0.325
T7975_1,356.6,0.583
T16939_2,285.1,0.198
T7911_1,31.8,0.18
L135_2,295.2,0.19
T17471_2,289.7,0.029
T17471_1,42.4,0.213
T14764_1,130.6,-0.431
T7911_2,326.1,0.589
O11_2,285.1,0.02
T2373_1,341.8,0.123
T2305_2,351.4,0.133
T7983_1,100.1,-0.107
T2296_2,3.3,0.65
T2296_1,77.0,0.169
O7_2,254.3,-0.004
T2328_2,253.5,-0.029
T2308_1,121.0,-0.238
T7982_1,126.3,-0.147
T7955_1,30.8,0.366
T7974_2,187.7,-0.181
T2315_1,204.7,-0.351
O7_1,152.3,-0.095
T17193_2,116.0,-0.012
T7980_1,269.2,-0.005
T16936_1,30.7,0.65
T7925_2,2.8,0.773
T7925_1,40.8,0.656
T7996_2,239.5,-0.028
T17476_1,330.1,0.245
T7978_2,221.2,-0.308
O12_2,195.7,-0.02
T16938_2,315.7,0.583
T7935_1,351.4,0.81
T2277_1,324.3,0.462
O11_1,347.1,0.092
L137_2,42.7,0.054
T2235_2,132.1,-0.149
O12_3,18.1,0.053
T7982_2,177.9,-0.22
T17467_2,254.7,-0.119
T7987_1,290.5,0.196
T2277_2,242.3,-0.275
T2291_1,359.2,0.455
T7976_1,347.2,0.661
T7887_2,1.6,0.29
T7935_2,290.0,0.042
T2314_2,332.0,0.605
T7976_2,293.2,0.239
T17153_1,232.3,-0.003
T2328_1,202.3,-0.082
T7943_1,242.5,-0.341
T2252_2,280.7,0.083
T7991_2,194.7,-0.189
O12_1,208.0,-0.832
T7991_1,113.9,-0.143
T8013_1,99.0,-0.109
T8013_2,158.3,-0.372
T8005_2,97.3,-0.053
T8007_2,71.4,0.083
T7977_2,290.4,0.041
T7987_2,246.2,-0.168
T7968_1,141.4,-0.247
T8018_2,324.1,0.022
T7963_1,42.8,0.016
T17467_1,136.3,-0.337
T7978_1,131.0,-0.286
T7975_2,326.9,0.392
T2307_2,256.8,-0.171
T17172_1,27.9,0.557
T15625_2,270.3,0.003
T15625_1,57.3,0.41
T7989_2,335.3,0.376
T7958_2,311.9,0.278
T7949_1,269.3,-0.005
T7958_1,357.7,0.122
T7971_1,130.5,-0.144
T7927_2,281.3,0.054
T8020_2,327.2,0.069
T8020_1,176.1,-0.031
T7950_1,61.7,0.405
T8023_2,272.1,0.001
T8023_1,57.6,0.018
T8021_2,348.8,0.05
T2291_2,247.9,-0.081
T8026_2,263.8,-0.001
T8026_1,103.2,-0.01
T8025_1,114.8,-0.022
T8024_1,40.5,0.027
T7972_1,152.5,-0.568
T7971_2,199.1,-0.311
T8032_2,345.2,0.074
T2422_2,219.1,-0.24
T2422_1,132.4,-0.162
T2373_2,202.6,-0.283
T7936_2,347.7,0.558
T7979_2,194.4,-0.369
T2305_1,116.3,-0.029
O11_3,182.1,-0.252
T8002_1,253.3,-0.064
T2276_2,294.6,0.161
T7973_1,31.3,0.638
T7970_2,280.5,0.145
T7965_2,342.2,0.425
T7917_1,16.9,0.385
T17193_1,336.8,0.025
T16939_1,145.7,-0.511
T8029_1,92.0,-0.002
L137_1,180.4,-0.356
T8029_2,91.7,-0.001
T7970_1,229.1,-0.382
T8014_1,157.2,-0.067
T8014_2,212.6,-0.024
T2377_2,330.9,0.125
T7973_2,296.8,0.261
T16936_2,245.4,-0.357
T7965_1,354.9,0.375
T2313_2,327.5,0.508
T8030_1,357.5,0.048
T2307_1,225.6,-0.437
T17081_1,93.3,-0.002
T17081_2,280.9,0.019
T7993_1,89.8,0.001
T16938_1,156.7,-0.652
T2284_2,2.3,0.04
T7990_1,334.7,0.492
T7950_2,198.9,-0.76
T2282_1,78.0,0.015
T2282_2,318.6,0.025
T2310_2,247.1,-0.263
T17466_2,284.6,0.143
T2409_2,335.0,0.566
T7955_2,300.5,0.028
T17172_2,239.3,-0.402
T7989_1,210.3,-0.36
T8006_2,178.9,-0.544
T8005_1,117.1,-0.288
T2286_1,314.6,0.371
T2343_2,301.0,0.124
T2314_1,147.8,-0.247
T8006_1,156.4,-0.253
T7964_2,323.4,0.296
T7984_1,45.5,0.442
T2285_2,357.6,0.047
T7964_1,76.7,0.057
T7990_2,293.6,0.142
T7947_2,353.9,0.495
T2261_2,279.5,0.047
T7947_1,19.7,0.466
AC406_2,26.7,0.18
T17466_1,144.9,-0.479
T7996_1,298.6,0.027
T8039_2,84.4,0.002
T7980_2,193.6,-0.2
T8016_1,101.2,-0.065
T8009_1,17.2,0.208
L140_1,66.2,0.338
T17476_2,165.0,-0.355
T2313_1,141.6,-0.232
L138_1,120.6,-0.057
T8003_1,82.7,0.002
T8025_2,156.5,-0.141
T7999_2,280.0,0.104
T7963_2,200.6,-0.111
T8003_2,256.0,-0.013
T8018_1,120.8,-0.105
T8019_2,282.5,0.082
T8010_1,343.1,0.308
L139_2,353.2,0.059
T8015_2,313.5,0.282
T8015_1,90.3,-0.001
T8016_2,188.1,-0.384
T7871_1,32.9,0.187
AC406_7,323.8,0.226
T8002_2,229.4,-0.112
T8027_1,300.4,0.271
T8032_1,175.9,-0.212
T8007_1,125.4,-0.207
T7933_1,37.8,0.478
T7933_2,273.7,0.023
L140_2,116.8,-0.011
L139_3,288.9,0.199
T8022_1,117.8,-0.106
T8024_2,171.8,-0.21
T8021_1,169.5,-0.189
T8004_1,214.1,-0.054
T2377_1,141.2,-0.161
T7993_2,190.1,-0.607
T7871_2,288.7,0.088
L139_1,146.6,-0.348
L141_3,297.2,0.331
T8028_1,163.9,-0.315
T8028_2,223.6,-0.226
T16935_1,39.6,0.7
T7951_2,24.2,0.677
T7985_2,315.0,0.52
T7985_1,324.4,0.576
T8004_2,115.5,-0.021
O13_4,278.7,0.017
T8053_2,256.3,-0.006
T8033_1,66.1,0.153
T7997_2,339.5,0.845
T7998_2,313.3,0.466
T8001_1,153.6,-0.24
L141_2,306.5,0.18
T2343_1,153.6,-0.185
T8001_2,221.1,-0.251
O13_2,226.5,-0.086
T8019_1,118.0,-0.305
T2372_2,229.0,-0.124
T2372_1,152.9,-0.256
T7917_2,16.5,0.287
T8053_1,82.5,0.007
T2284_1,5.3,0.113
T7951_1,43.0,0.628
T7936_1,178.9,-0.678
T8052_2,236.7,-0.194
T8052_1,92.2,-0.003
T2261_1,63.2,0.305
T2310_1,248.1,-0.256
T2276_1,209.9,-0.29
T8034_2,182.3,-0.324
T8034_1,177.9,-0.152
T16935_2,238.0,-0.449
T7984_2,351.3,0.007
T8045_1,156.5,-0.222
T17462_2,275.3,0.065
L138_2,196.0,-0.097
T17462_1,142.9,-0.415
T8045_2,221.7,-0.064
T8074_2,315.4,0.2
T8011_1,108.9,-0.076
T8011_2,194.8,-0.343
T8042_2,194.1,-0.446
T8012_2,248.7,-0.175
T8076_2,267.1,-0.009
T8030_2,210.3,-0.075
T8010_2,254.2,-0.025
T8012_1,171.0,-0.59
AC406_1,43.3,0.131
T2409_1,176.2,-0.451
L140_3,299.2,0.302
T2285_1,13.8,0.018
T8042_1,161.0,-0.5
T8027_2,227.7,-0.15
T8039_1,126.5,-0.056
T8031_2,347.3,0.355
T7966_1,31.5,0.274
T7966_2,354.8,0.386
T7999_1,267.5,-0.025
T8074_1,194.6,-0.326
T8037_1,157.5,-0.456
T8022_2,133.7,-0.181
T8037_2,266.4,-0.02
T8067_2,213.7,-0.327
T8067_1,48.2,0.129
AC406_6,5.9,0.315
T7986_2,277.7,0.052
L142_2,269.9,-0.0
T8061_2,275.8,0.06
T8061_1,121.4,-0.298
O13_3,164.6,-0.042
L142_1,45.5,0.268
L143_1,333.2,0.265
T14762_1,121.5,-0.189
T14762_2,300.9,0.158
T8094_2,314.2,0.182
T8093_1,341.4,0.281
T8057_1,99.1,-0.063
T8033_2,158.8,-0.418
T7992_2,190.9,-0.377
T8035_2,324.3,0.114
T8062_2,123.5,-0.166
L141_1,302.2,0.219
L143_2,152.8,-0.039
T8063_2,278.2,0.089
T8086_2,292.4,0.019
T8086_1,184.7,-0.047
T7997_1,243.9,-0.321
T7988_2,277.3,0.095
T7994_2,314.0,0.431
T15624_1,38.2,0.488
T7998_1,272.5,0.031
T7994_1,49.5,0.546
T8043_2,183.7,-0.305
T7988_1,209.5,-0.52
T8040_2,256.3,-0.078
L142_3,273.3,0.033
T8063_1,129.4,-0.139
T7992_1,164.5,-0.298
T8048_1,351.8,0.057
T8048_2,266.7,-0.019
T8093_2,201.6,-0.397
T7928_2,343.7,0.284
T7969_1,358.2,0.259
T2295_1,289.8,0.048
L144_1,118.9,-0.351
T8040_1,218.9,-0.29
T8059_2,157.2,-0.193
T8050_1,324.1,0.225
L144_2,320.3,0.075
T8071_1,285.0,0.162
T8031_1,41.7,0.265
T8083_2,254.9,-0.111
T7928_1,21.6,0.309
T2294_1,17.6,0.211
L145_3,342.3,0.411
T17483_1,28.6,0.734
T8075_2,308.1,0.505
T8077_2,287.5,0.078
T17483_2,186.8,-0.318
T8062_1,124.8,-0.114
T8057_2,140.1,-0.309
T8094_1,175.0,-0.313
T2408_2,322.9,0.464
T8043_1,179.2,-0.481
T8038_1,345.8,0.27
T8050_2,250.9,-0.083
T8087_1,206.3,-0.597
T8087_2,188.0,-0.323
T8103_2,294.7,0.142
T8076_1,225.8,-0.056
T8083_1,141.1,-0.39
T8084_1,358.9,0.188
T8090_1,318.5,0.074
T8035_1,238.2,-0.108
L145_2,107.3,-0.016
T7986_1,270.1,0.001
L146_1,216.2,-0.079
L144_3,256.0,-0.062
T8060_1,101.1,-0.079
T8044_1,323.4,0.204
T8000_1,334.8,0.333
T8049_2,328.4,0.302
T8008_1,29.1,0.261
AC237_1,85.0,0.053
T8059_1,191.2,-0.164
T2294_2,292.5,0.062
T8044_2,35.5,0.119
T8036_2,357.4,0.827
T7953_1,21.6,0.635
L147_2,86.0,0.005
T8036_1,23.4,0.611
T8080_1,344.2,0.487
T8056_2,297.8,0.167
T8079_2,178.7,-0.237
T8079_1,156.4,-0.082
T8056_1,4.4,0.359
T8092_1,110.7,-0.214
T8084_2,253.5,-0.128
L147_1,340.9,0.008
T8060_2,146.3,-0.262
T8065_1,328.6,0.202
T2309_1,61.9,0.087
T8070_2,303.0,0.228
T7969_2,325.6,0.199
T8038_2,245.8,-0.101
L148_1,170.4,-0.117
AC253_2,39.0,0.287
T8080_2,236.0,-0.451
T8049_1,55.4,0.071
T8072_1,6.1,0.229
T8089_2,288.5,0.053
L143_3,291.7,0.115
T2309_2,248.1,-0.058
T8008_2,312.2,0.251
T15624_2,249.9,-0.281
T17481_1,67.6,0.236
T7923_2,240.2,-0.396
T8041_1,269.8,-0.003
T8070_1,152.6,-0.148
T7923_1,347.0,0.528
L148_2,223.9,-0.066
T8064_2,21.8,0.124
T8123_2,164.0,-0.033
T8071_2,247.9,-0.246
T8077_1,200.9,-0.232
T8064_1,43.1,0.119
L149_2,288.4,0.011
T8075_1,212.4,-0.629
T17078_2,318.6,0.325
T8097_2,92.8,-0.012
T8125_2,315.2,0.013
T8065_2,265.3,-0.017
T17078_1,171.9,-0.118
L149_3,285.0,0.162
T15626_1,24.1,0.777
T8098_1,157.8,-0.229
T2295_2,187.6,-0.104
T8098_2,134.5,-0.285
T2324_2,302.0,0.434
T14763_2,287.0,0.132
T8081_2,234.9,-0.187
T8081_1,277.8,0.02
L150_1,299.6,0.016
T8055_1,284.0,0.127
T2408_1,159.8,-0.548
T8101_2,274.6,0.054
T8103_1,156.2,-0.128
T2334_1,175.3,-0.287
T8114_2,218.0,-0.314
T2334_2,311.0,0.178
T8089_1,284.3,0.051
T16916_1,96.8,-0.095
T16916_2,241.0,-0.3
T8132_2,333.7,0.019
T8132_1,143.4,-0.039
T8069_2,45.4,0.469
T8114_1,190.4,-0.552
AC408_1,55.9,0.161
T8058_1,279.2,0.123
T8054_2,267.1,-0.04
T8054_1,47.4,0.493
T2407_2,307.9,0.384
T8104_1,304.3,0.214
T2326_2,87.4,0.03
T17481_2,221.4,-0.502
T8090_2,189.0,-0.23
T8088_2,273.6,0.016
T2365_2,347.7,0.322
L145_1,176.7,-0.413
T8088_1,187.4,-0.084
L146_2,60.6,0.067
T8000_2,246.0,-0.018
L151_3,315.4,0.183
T8092_2,165.2,-0.347
T8102_2,308.8,0.103
T2324_1,267.2,-0.03
L151_2,96.2,-0.005
AC237_4,203.1,-0.119
AC253_4,265.6,-0.014
T15626_2,240.1,-0.361
T8108_2,230.8,-0.131
T7953_2,354.6,0.453
AC408_2,356.6,0.225
T14763_1,120.4,-0.303
T2327_2,284.6,0.046
T2327_1,159.6,-0.186
AC226_4,241.2,-0.036
T8085_2,263.2,-0.077
T8085_1,350.8,0.235
T8101_1,256.1,-0.051
T8041_2,257.3,-0.193
AC253_3,349.5,0.572
T8017_1,278.7,0.072
T8105_2,291.5,0.148
AC253_1,242.0,-0.467
L149_1,153.6,-0.404
T8017_2,256.2,-0.133
T8128_2,261.7,-0.093
T2329_1,356.0,0.23
T8128_1,238.0,-0.3
T2329_2,203.5,-0.392
T8122_1,102.5,-0.079
T8072_2,1.1,0.26
T8104_2,252.1,-0.055
T8097_1,129.1,-0.391
T8073_1,329.9,0.181
AC406_5,336.6,0.263
T8120_2,46.1,0.378
T2407_1,149.6,-0.565
T8047_2,317.6,0.493
T8047_1,51.9,0.159
T2341_2,283.9,0.058
T8125_1,126.6,-0.127
T2333_1,4.3,0.295
T16918_1,144.3,-0.468
T8153_2,263.5,-0.011
T8120_1,77.8,0.091
T8113_1,104.7,-0.097
T8123_1,70.2,0.018
T2322_1,56.4,0.515
T8108_1,216.9,-0.261
L151_1,161.0,-0.337
AC406_4,343.0,0.18
T16918_2,255.7,-0.212
T8111_1,356.0,0.025
T8115_2,171.8,-0.155
T8058_2,273.9,0.057
T2406_2,311.6,0.396
T8145_1,37.1,0.305
AC237_6,251.8,-0.021
AC237_2,159.8,-0.092
T8153_1,139.2,-0.03
T8113_2,247.9,-0.071
T8051_1,39.0,0.241
T8055_2,234.3,-0.462
T8100_2,45.4,0.26
T8100_1,92.3,-0.017
T2326_1,94.9,-0.063
T8138_1,118.8,-0.203
T8115_1,152.3,-0.132
L150_2,276.5,0.045
T8069_1,100.7,-0.147
T8102_1,231.6,-0.131
T8105_1,259.3,-0.072
T2341_1,133.1,-0.154
T8143_1,79.7,0.12
T8096_1,95.9,-0.088
T8136_1,120.7,-0.178
T8139_1,79.0,0.078
T2597_2,254.4,-0.1
T8144_1,70.1,0.178
T2365_1,178.0,-0.556
T8078_1,33.9,0.071
T8078_2,301.0,0.028
T8170_2,1.3,0.066
T8144_2,138.0,-0.488
T2406_1,139.1,-0.626
T8147_1,172.8,-0.063
T8139_2,241.7,-0.079
T8143_2,148.4,-0.593
T2322_2,289.4,0.213
L152_2,71.4,0.039
T8073_2,222.6,-0.373
T8096_2,116.7,-0.278
T8147_2,245.7,-0.202
T8116_1,4.2,0.27
T8119_2,297.9,0.106
T14772_2,264.3,-0.035
AC406_8,238.8,-0.257
T8068_1,23.9,0.668
T16934_2,258.2,-0.164
T8129_2,311.6,0.151
AC237_3,235.9,-0.052
T8117_2,38.9,0.254
T2339_2,295.4,0.125
T8152_1,291.0,0.159
T8145_2,168.3,-0.217
T8122_2,132.2,-0.198
T8138_2,235.3,-0.06
T2338_1,351.3,0.357
T2340_1,127.9,-0.173
T8151_1,317.7,0.519
T2340_2,284.1,0.108
T8150_1,83.6,0.051
T8099_1,312.1,0.076
T8051_2,255.3,-0.053
T7891_1,22.3,0.208
T2346_2,281.7,0.061
T8159_1,88.4,0.018
T8119_1,154.5,-0.094
T8116_2,291.8,0.164
T14772_1,113.8,-0.204
T2312_2,338.4,0.17
T14641_2,322.2,0.346
L153_1,186.6,-0.087
T7907_1,315.5,0.44
T2224_1,82.6,0.095
T16934_1,47.1,0.533
T2224_2,301.0,0.396
T2336_2,39.8,0.557
T2376_2,303.6,0.036
T8133_1,81.4,0.009
T8133_2,188.1,-0.078
T8126_2,260.5,-0.071
T8174_2,271.1,0.002
T8174_1,102.7,-0.009
T8124_2,293.4,0.055
L155_2,339.4,0.522
L154_2,356.2,0.029
T8151_2,237.9,-0.301
T7907_2,311.0,0.411
AC195_1,25.2,0.816
T8156_2,307.4,0.125
T2333_2,181.9,-0.31
T2339_1,144.6,-0.23
T8068_2,264.3,-0.07
T2287_1,294.5,0.012
T2351_2,352.8,0.221
T8165_2,14.3,0.593
T2332_1,50.0,0.409
T2287_2,38.1,0.013
AC215_3,291.5,0.027
T8173_2,271.5,0.026
T8171_2,237.4,-0.059
T8111_2,243.8,-0.034
T8167_2,321.0,0.472
T8091_2,323.5,0.258
T8091_1,338.3,0.281
T2363_2,359.2,0.294
L155_3,340.1,0.019
T8107_1,349.9,0.368
T8159_2,161.3,-0.593
T2364_2,300.9,0.215
T2350_2,287.3,0.104
T2350_1,141.8,-0.097
T7891_2,263.1,-0.019
T8117_1,29.6,0.186
T8136_2,165.5,-0.289
T8183_1,107.2,-0.064
T2297_1,29.9,0.566
T8124_1,163.9,-0.095
T8167_1,136.3,-0.331
T8099_2,267.9,-0.009
T8150_2,103.1,-0.14
T2361_2,343.1,0.142
T2376_1,125.2,-0.084
T2597_1,212.3,-0.176
T8106_2,43.0,0.031
T8158_2,343.3,0.522
T8165_1,151.3,-0.542
T8129_1,161.9,-0.215
T2337_2,316.6,0.37
T2325_1,2.2,0.315
T8106_1,306.3,0.031
T2363_1,172.8,-0.37
T8156_1,233.3,-0.06
T2332_2,264.8,-0.032
T14641_1,10.0,0.443
T8164_1,243.8,-0.044
T2349_1,304.0,0.235
T8163_2,278.0,0.057
T8170_1,163.0,-0.062
T8172_2,196.4,-0.431
T8107_2,300.0,0.19
T2346_1,211.7,-0.378
T2337_1,74.1,0.2
T14760_1,92.6,-0.03
T8126_1,275.2,0.031
T8175_1,155.2,-0.579
T8175_2,183.3,-0.432
T8164_2,241.1,-0.033
T8095_2,281.6,0.044
T2353_2,265.8,-0.008
T2353_1,108.8,-0.009
L152_1,4.9,0.125
T14760_2,261.8,-0.068
T2351_1,206.4,-0.197
T2338_2,223.7,-0.259
T8118_1,358.9,0.188
T8142_1,32.0,0.096
T8142_2,284.5,0.035
T2336_1,93.6,-0.052
T8152_2,251.1,-0.16
T8205_2,329.6,0.044
T8121_1,348.1,0.028
T2361_1,119.2,-0.263
T8155_2,223.9,-0.394
T2375_2,54.1,0.004
T8121_2,311.7,0.032
T8180_2,217.8,-0.46
T2375_1,149.2,-0.191
T8180_1,118.8,-0.225
T2348_1,82.4,0.017
AC195_4,323.4,0.214
T8192_1,138.5,-0.167
T2297_2,232.6,-0.086
T2325_2,295.0,0.033
T8155_1,118.6,-0.229
T8192_2,191.9,-0.128
T2335_2,240.9,-0.064
T2335_1,356.1,0.075
T8171_1,130.6,-0.268
AC226_1,230.5,-0.042
T2360_2,304.5,0.292
T8131_2,240.3,-0.118
T8131_1,342.3,0.46
T14761_1,104.5,-0.186
T14761_2,283.2,0.082
T8197_1,136.3,-0.107
T8173_1,255.2,-0.036
T8163_1,115.3,-0.024
AC194_5,338.5,0.091
T2312_1,244.2,-0.096
T2362_1,352.2,0.552
L153_2,195.7,-0.337
T8095_1,21.7,0.112
T8207_1,262.0,-0.002
T8148_1,348.7,0.164
T8148_2,287.7,0.101
T2360_1,168.0,-0.478
L156_1,359.9,0.042
T17194_2,177.0,-0.018
T8176_1,15.4,0.379
T8082_2,331.6,0.174
L154_1,11.6,0.399
T8189_2,318.5,0.195
L156_2,292.3,0.041
T17194_1,153.0,-0.073
T8166_2,308.8,0.549
T8166_1,304.1,0.431
L157_1,28.5,0.077
T8082_1,21.1,0.164
L155_1,176.6,-0.526
T2359_2,326.6,0.438
T2357_2,271.2,0.013
T2358_2,314.5,0.279
T2357_1,205.7,-0.289
L158_2,344.8,0.633
T8183_2,106.0,-0.073
T8157_2,356.3,0.326
T8161_1,11.4,0.481
T2364_1,137.4,-0.417
T8176_2,218.0,-0.18
T2374_2,174.4,-0.088
AC194_2,341.9,0.148
T8201_1,106.4,-0.185
T8201_2,250.9,-0.244
T15821_2,237.4,-0.088
T2352_1,352.0,0.025
T8118_2,256.3,-0.096
T8207_2,180.0,-0.279
T8199_1,272.4,0.022
T8066_1,28.0,0.143
T8066_2,331.7,0.128
T8112_2,18.8,0.061
T8161_2,323.8,0.167
T16933_1,35.4,0.554
T8130_2,38.0,0.506
T8200_2,313.8,0.249
T8197_2,125.1,-0.214
T15480_1,15.5,0.733
T8158_1,203.8,-0.536
T2331_2,263.6,-0.041
T2356_2,299.8,0.363
L158_1,342.4,0.02
T2414_2,327.7,0.147
T14759_2,291.5,0.116
T14759_1,117.4,-0.31
T8172_1,156.5,-0.366
T2374_1,151.8,-0.203
T2349_2,274.0,0.026
AC226_2,186.0,-0.128
T2368_2,310.1,0.242
L163_3,224.9,-0.45
T8182_2,154.8,-0.185
T2362_2,192.5,-0.486
T2331_1,73.4,0.083
T8184_1,113.1,-0.154
T8184_2,285.5,0.081
T8205_1,165.9,-0.06
T2371_2,215.0,-0.355
T16933_2,261.3,-0.111
T8178_2,118.2,-0.04
T15821_1,160.4,-0.083
T8182_1,116.9,-0.132
T2347_1,174.4,-0.297
T2595_2,312.1,0.066
T2595_1,198.4,-0.134
T8212_1,299.8,0.257
T8178_1,123.2,-0.351
T8208_1,166.4,-0.106
T8208_2,285.2,0.034
T8203_2,285.0,0.118
T8203_1,105.1,-0.178
T8189_1,226.4,-0.146
T2348_2,241.6,-0.055
T8191_1,83.4,0.052
T8191_2,104.1,-0.078
T8169_1,299.6,0.359
T2371_1,141.1,-0.266
T2370_2,312.2,0.356
T2370_1,152.6,-0.278
T8130_1,96.0,-0.069
T8112_1,128.9,-0.061
T8202_1,21.1,0.062
T8212_2,323.7,0.318
T17479_2,268.5,-0.019
T17479_1,115.1,-0.19
T8157_1,337.4,0.143
T8196_2,179.4,-0.349
T15480_2,299.3,0.277
T8226_2,301.3,0.362
T8214_2,60.5,0.11
T2359_1,199.6,-0.317
T2596_2,9.0,0.029
T8127_2,104.8,-0.045
AC412_1,62.0,0.177
T8210_2,307.8,0.521
T8234_1,109.7,-0.033
T8196_1,187.6,-0.39
T8127_1,83.4,0.003
T8181_1,294.7,0.285
T8134_1,54.8,0.261
T8202_2,168.8,-0.209
T8209_2,152.9,-0.164
T8209_1,70.7,0.14
L159_2,222.1,-0.021
L160_1,4.8,0.085
T8240_1,329.1,0.173
T8188_2,305.9,0.097
L159_3,283.2,0.05
T8218_1,174.8,-0.346
T8218_2,319.7,0.239
T8224_2,219.3,-0.129
T8224_1,177.1,-0.496
AC412_3,13.4,0.226
T2358_1,170.2,-0.368
L158_3,209.0,-0.533
T8181_2,282.8,0.101
T8109_1,359.5,0.035
T8109_2,340.3,0.094
T8246_2,335.3,0.053
AC226_3,239.7,-0.125
T2369_2,331.7,0.284
T8242_2,342.6,0.052
T8233_2,345.4,0.652
T8188_1,284.2,0.044
T2330_2,294.1,0.112
T2330_1,21.0,0.279
L157_2,112.7,-0.06
T8219_2,65.9,0.097
T8230_1,75.3,0.044
T8199_2,235.9,-0.127
T2596_1,156.5,-0.163
T8169_2,275.0,0.058
T8177_2,313.3,0.514
T8177_1,326.7,0.644
T8231_2,224.6,-0.399
T8185_1,344.3,0.785
T8225_1,349.3,0.237
L168_2,341.1,0.595
T2414_1,191.3,-0.194
T2352_2,185.2,-0.107
AC414_3,269.5,-0.003
L161_1,186.3,-0.05
T2442_2,266.4,-0.007
T8226_1,283.3,0.124
T2356_1,297.7,0.17
T8251_2,177.3,-0.039
AC416_3,310.2,0.205
T2347_2,306.0,0.152
T8251_1,242.5,-0.037
T8253_1,118.8,-0.022
T8206_2,300.2,0.225
T8200_1,229.5,-0.139
T8186_2,307.9,0.483
T8235_1,87.6,0.019
T2415_2,308.5,0.153
T8211_1,277.1,0.051
L159_1,319.5,0.146
T8230_2,182.8,-0.34
T16932_2,278.5,0.111
T16932_1,84.2,0.079
T8215_2,1.8,0.136
T8222_2,273.1,0.007
T8110_1,328.3,0.317
T8225_2,232.2,-0.17
T2368_1,232.7,-0.103
L162_1,19.4,0.035
T2405_2,325.3,0.482
T8149_1,290.0,0.226
T8240_2,262.1,-0.033
T8222_1,269.3,-0.001
L163_2,89.4,0.001
T8217_2,250.2,-0.039
T8246_1,135.6,-0.031
T8216_1,154.3,-0.555
T8216_2,254.9,-0.174
T16006_2,186.6,-0.053
L164_2,55.7,0.017
T2415_1,146.2,-0.197
L164_3,222.8,-0.224
T8233_1,313.4,0.236
AC414_2,342.6,0.172
T15990_2,25.2,0.691
T8193_1,189.3,-0.049
T8193_2,282.8,0.014
T8231_1,175.8,-0.376
AC412_2,177.5,-0.148
T8214_1,164.8,-0.216
T8234_2,105.7,-0.019
T8162_1,336.2,0.146
T14758_2,300.9,0.165
T8134_2,94.1,-0.034
T8210_1,304.3,0.281
T8235_2,182.7,-0.257
T8229_2,272.1,0.016
T8140_1,35.7,0.16
T15820_2,252.2,-0.03
L160_2,310.4,0.151
T2441_2,286.5,0.09
T2367_1,82.3,0.095
AC414_1,93.6,-0.02
T8261_2,113.7,-0.022
T8261_1,111.2,-0.019
T8262_1,89.2,0.001
T8149_2,247.8,-0.282
T8262_2,177.5,-0.05
T8263_1,338.2,0.083
T8204_2,329.8,0.087
L165_3,303.1,0.124
T8237_2,310.9,0.253
T8237_1,199.1,-0.222
T8204_1,121.3,-0.023
T8215_1,222.7,-0.021
T8242_1,28.0,0.092
AC226_5,209.6,-0.086
T2369_1,153.9,-0.525
T8229_1,226.0,-0.351
T2442_1,71.1,0.006
AC196_4,27.0,0.72
T8179_2,328.1,0.626
T8179_1,18.7,0.717
L165_2,0.4,0.064
T15986_2,46.3,0.588
T15820_1,182.3,-0.136
T8232_2,274.7,0.032
T8232_1,277.0,0.002
T8187_2,301.1,0.29
T8185_2,265.8,-0.052
T2508_1,59.4,0.03
T8256_1,313.7,0.113
T8223_1,310.3,0.144
T8219_1,99.2,-0.024
T8187_1,43.1,0.546
T15990_1,106.4,-0.197
T8223_2,272.3,0.012
AC194_4,299.4,0.246
T8190_1,325.4,0.445
T2385_1,175.5,-0.107
T8194_2,347.3,0.203
T15986_1,108.5,-0.212
T2387_1,32.1,0.161
T8198_2,308.9,0.101
T8110_2,311.7,0.403
AC196_1,49.9,0.597
T8220_1,37.6,0.642
T8220_2,254.4,-0.246
T2441_1,39.7,0.007
L161_2,178.7,-0.333
T8211_2,282.4,0.089
T2354_2,353.6,0.302
T2487_2,287.8,0.083
T8194_1,72.8,0.045
L164_1,96.2,-0.036
T2405_1,138.6,-0.288
T14758_1,144.8,-0.406
L166_1,0.5,0.335
T8195_1,18.0,0.319
T8253_2,178.0,-0.104
L166_2,145.5,-0.014
T8186_1,255.8,-0.177
T2367_2,199.7,-0.792
AC195_2,240.0,-0.238
T2387_2,207.2,-0.219
T2394_2,326.9,0.307
T2384_2,273.3,0.018
AC195_3,265.4,-0.01
T2394_1,250.4,-0.131
T8140_2,277.0,0.038
T2508_2,190.7,-0.015
T2383_2,277.8,0.08
T2366_1,286.8,0.205
L162_2,173.2,-0.101
AC215_2,244.1,-0.084
T8249_2,312.6,0.199
T8270_1,105.0,-0.048
T8206_1,208.5,-0.177
AC197_1,2.5,0.542
T2345_1,70.4,0.232
T2345_2,325.9,0.489
L163_1,133.2,-0.104
T8228_2,167.5,-0.282
T17092_2,296.4,0.155
T15819_2,182.8,-0.473
T15819_1,162.5,-0.241
T8241_2,258.6,-0.077
T8255_1,73.1,0.063
T8248_2,343.5,0.411
T2354_1,120.9,-0.138
T8250_2,283.7,0.022
T8250_1,339.4,0.113
T8221_1,332.5,0.206
T15987_2,44.0,0.514
T8137_1,34.0,0.671
T16006_1,336.7,0.168
T2366_2,287.0,0.198
T8137_2,341.6,0.642
T8254_2,308.5,0.527
T8265_1,241.4,-0.245
T8256_2,203.0,-0.075
T2385_2,329.3,0.115
T8241_1,255.7,-0.117
T2384_1,297.6,0.114
T16008_1,117.0,-0.012
T2283_1,115.9,-0.097
T8255_2,257.0,-0.035
L168_1,31.3,0.084
AC194_1,20.4,0.101
AC204_2,262.4,-0.01
T8257_2,272.5,0.004
T8228_1,93.9,-0.044
L165_1,92.9,-0.003
T8257_1,262.6,-0.029
T8263_2,168.9,-0.075
L168_5,307.4,0.442
T8273_1,27.8,0.223
T8249_1,150.8,-0.252
T8168_1,139.3,-0.274
T8198_1,86.4,0.016
T2390_2,272.7,0.02
T8162_2,275.3,0.028
T8195_2,215.1,-0.233
L167_1,264.1,-0.006
T8273_2,126.3,-0.28
T8282_1,65.8,0.031
T8282_2,126.8,-0.03
T8276_1,310.9,0.533
T8213_1,305.2,0.38
T16931_2,260.3,-0.121
L168_3,254.6,-0.008
T2487_1,183.6,-0.163
T2383_1,221.1,-0.314
T17480_2,301.1,0.363
T8267_1,348.2,0.564
T16931_1,53.7,0.495
T8190_2,260.6,-0.11
T2401_1,317.9,0.277
T8268_2,185.8,-0.209
T8258_2,221.5,-0.286
T8258_1,223.0,-0.152
T8270_2,178.7,-0.373
T2283_2,154.8,-0.17
T2393_2,288.2,0.195
T8272_2,163.2,-0.281
T2396_2,293.7,0.05
T8160_1,111.3,-0.187
T17092_1,130.0,-0.24
T15987_1,90.5,-0.006
T8272_1,123.8,-0.269
T8217_1,199.8,-0.118
T8254_1,259.9,-0.111
T8168_2,241.9,-0.014
T2389_1,307.6,0.121
T8160_2,261.3,-0.048
L166_3,243.9,-0.152
T8265_2,213.5,-0.196
T2390_1,200.9,-0.35
T8284_1,150.4,-0.044
T8284_2,267.3,-0.005
T2395_2,288.8,0.211
T8247_1,305.5,0.429
T15988_2,318.8,0.37
T15474_1,20.1,0.691
T15988_1,69.8,0.186
T8221_2,238.6,-0.232
T14747_2,289.1,0.099
T8268_1,86.8,0.009
T2393_1,172.0,-0.56
T2397_1,309.0,0.441
T8275_2,290.4,0.231
T8252_1,153.5,-0.167
T2381_2,350.6,0.27
T2381_1,22.1,0.254
AC215_1,168.2,-0.066
T8252_2,169.8,-0.347
T2391_1,158.4,-0.36
AC194_3,280.3,0.021
T8259_2,259.3,-0.053
T2401_2,202.1,-0.288
T8266_1,164.1,-0.233
T8213_2,242.4,-0.376
T17480_1,131.0,-0.235
T8248_1,280.0,0.022
T16008_2,137.0,-0.083
L168_4,266.8,-0.012
T8264_1,301.2,0.449
T8281_2,60.1,0.084
T14747_1,114.4,-0.185
T8239_1,86.4,0.053
T2392_1,74.6,0.052
T2392_2,320.2,0.309
T8267_2,302.9,0.072
T2395_1,183.4,-0.615
T8275_1,157.5,-0.431
T8239_2,227.1,-0.624
T8266_2,286.9,0.079
T8227_2,16.4,0.624
T8227_1,50.3,0.536
T16930_1,39.6,0.488
T2413_2,279.6,0.056
T2507_1,119.4,-0.127
T2507_2,210.6,-0.118
T8276_2,169.3,-0.165
T8264_2,299.3,0.397
T8260_1,75.0,0.008
L167_2,284.0,0.131
T15818_2,177.9,-0.504
T2391_2,218.1,-0.126
T2396_1,190.2,-0.138
T2388_2,277.7,0.036
T8247_2,249.9,-0.269
T2388_1,81.7,0.033
T2397_2,239.8,-0.398
T2413_1,99.2,-0.042
T15818_1,180.0,-0.588
T8277_2,295.3,0.086
T8281_1,98.7,-0.084
T2475_2,288.6,0.209
T8290_1,309.4,0.554
T15474_2,289.9,0.209
T8277_1,128.5,-0.206
T2389_2,311.1,0.029
T8259_1,243.2,-0.331
T8287_2,354.5,0.189
T2402_2,258.6,-0.102
T2410_1,165.2,-0.125
T2410_2,251.6,-0.038
T2421_2,229.3,-0.175
T2421_1,152.2,-0.287
T2416_2,219.3,-0.58
T16930_2,250.9,-0.266
T2412_2,245.8,-0.283
AC198_1,29.0,0.722
L169_3,345.8,0.249
T2412_1,186.5,-0.728
T2486_2,298.9,0.134
L169_2,124.4,-0.028
T2402_1,164.4,-0.487
T8287_1,63.9,0.128
T2475_1,126.7,-0.258
T8311_1,180.9,-0.208
T8311_2,298.0,0.282
T8288_2,304.1,0.25
T8288_1,19.6,0.241
T8290_2,301.0,0.384
T2416_1,169.7,-0.625
T17482_2,326.1,0.354
T8289_1,19.1,0.258
T8289_2,279.6,0.071
T17482_1,126.7,-0.231
T2418_2,349.3,0.93
AC199_3,14.0,0.889
T2418_1,359.2,0.847
T8260_2,279.8,0.012
T2423_1,120.0,-0.167
T2378_2,260.5,-0.102
T2378_1,32.7,0.67
T2423_2,251.3,-0.062
T8294_2,311.0,0.092
T15165_2,284.0,0.107
T8278_2,278.8,0.077
T2411_1,6.6,0.066
AC196_5,324.8,0.068
T8312_2,252.8,-0.042
T14774_2,283.3,0.043
T8279_1,285.8,0.124
T2400_2,325.2,0.155
T2386_2,337.0,0.208
L170_1,234.7,-0.008
T8295_1,117.3,-0.215
T8294_1,267.4,-0.007
T8292_1,186.4,-0.75
T8292_2,264.3,-0.074
T8313_2,291.5,0.195
T2411_2,203.9,-0.144
T8271_1,69.1,0.295
T8295_2,227.1,-0.146
T14774_1,117.8,-0.24
L169_1,37.8,0.187
T2486_1,289.2,0.027
T8298_2,11.1,0.245
T8298_1,44.1,0.285
T17089_2,314.1,0.315
T8315_2,350.3,0.292
T8278_1,341.4,0.131
T8333_1,309.8,0.466
T8310_2,287.6,0.108
T8333_2,295.5,0.328
AC416_4,332.3,0.013
L173_3,11.1,0.298
T8310_1,194.8,-0.024
T8286_2,209.6,-0.36
L171_1,155.4,-0.084
T2509_1,17.8,0.183
T8301_1,34.8,0.29
T8283_2,351.1,0.189
L172_3,265.7,-0.049
T8325_2,315.4,0.307
L172_2,112.8,-0.006
L170_2,304.1,0.272
T2485_1,167.7,-0.344
T2485_2,279.1,0.133
T8313_1,220.0,-0.437
T8306_1,277.3,0.04
T8306_2,281.3,0.105
T8291_2,226.1,-0.134
T8309_1,348.0,0.477
T8154_2,279.8,0.014
T8154_1,210.2,-0.071
T8286_1,208.0,-0.328
T8315_1,149.2,-0.454
L173_2,141.2,-0.018
T8304_1,309.6,0.081
T8312_1,161.1,-0.161
L173_1,142.2,-0.501
L171_2,311.7,0.303
AC196_3,286.8,0.064
T8291_1,129.7,-0.476
T8279_2,297.6,0.211
T8350_2,312.2,0.085
T8350_1,141.2,-0.115
T8345_1,340.1,0.124
T8338_2,271.9,0.02
T15823_1,133.2,-0.303
T15823_2,202.2,-0.382
T8301_2,217.8,-0.306
T16929_1,45.7,0.603
T16929_2,240.9,-0.402
T2398_2,221.3,-0.333
T2398_1,35.2,0.21
T8243_2,39.1,0.645
T16927_1,354.4,0.825
T8243_1,31.6,0.738
T8309_2,237.8,-0.185
T8340_2,292.8,0.134
T8340_1,150.5,-0.235
T2455_1,263.2,-0.01
T8353_1,199.9,-0.105
T16007_2,216.5,-0.042
T8341_2,278.2,0.006
T8341_1,131.9,-0.176
T8328_1,334.1,0.157
T15475_2,3.9,0.446
T15475_1,76.1,0.17
T8327_2,134.3,-0.241
T8327_1,178.5,-0.253
T16927_2,301.7,0.418
T8338_1,171.9,-0.476
T8304_2,203.6,-0.157
T15165_1,236.7,-0.462
T2425_2,227.4,-0.275
T8293_1,94.4,-0.061
AC197_2,310.2,0.183
T17089_1,161.8,-0.27
AC416_2,11.9,0.276
T8336_1,95.6,-0.025
L172_1,175.0,-0.291
T8316_1,47.7,0.533
T2386_1,178.7,-0.264
T2403_1,67.1,0.14
T8316_2,16.0,0.668
T2404_2,305.8,0.26
L174_2,21.5,0.04
T8336_2,198.4,-0.169
T8368_1,178.7,-0.04
T8367_1,306.4,0.124
T8349_2,319.4,0.161
T8368_2,245.2,-0.018
T2425_1,172.3,-0.385
T8271_2,99.3,-0.119
T2355_2,295.6,0.121
T2399_1,45.5,0.408
AC199_1,33.9,0.706
T8321_2,346.0,0.108
L174_3,277.3,0.081
T8344_1,16.3,0.372
T8355_2,341.5,0.489
T8346_1,52.5,0.143
T8283_1,28.5,0.085
T2427_1,27.1,0.773
T2427_2,252.9,-0.101
AC200_5,269.5,-0.006
AC198_2,306.7,0.136
T8349_1,138.4,-0.09
T8280_2,46.0,0.265
T8244_2,42.9,0.063
T8244_1,58.0,0.341
T8323_2,302.6,0.23
T2426_2,229.8,-0.335
T8323_1,0.4,0.317
L175_2,27.8,0.229
T8321_1,159.4,-0.224
T8331_1,322.1,0.167
AC416_1,39.9,0.165
T8328_2,266.8,-0.022
T8329_1,342.4,0.251
T2399_2,253.9,-0.208
T8325_1,150.0,-0.333
T14773_2,285.3,0.057
T8386_1,90.4,-0.0
T2509_2,165.8,-0.385
T8370_2,311.9,0.226
T8322_2,231.2,-0.228
L175_3,313.3,0.06
L174_1,156.3,-0.647
L173_4,198.1,-0.213
T2426_1,155.6,-0.374
T2403_2,262.8,-0.062
T8394_1,229.7,-0.315
T8394_2,263.7,-0.054
T8285_2,309.1,0.408
T16915_2,278.7,0.125
T8360_2,327.2,0.304
T8354_1,353.0,0.246
T2440_2,288.6,0.06
T2439_2,274.9,0.013
T8317_1,293.2,0.377
T8335_2,258.5,-0.05
T8335_1,312.8,0.086
T8370_1,185.1,-0.82
T2355_1,96.5,-0.06
T17478_1,101.1,-0.06
T2439_1,222.4,-0.434
T8318_1,42.7,0.402
T8318_2,348.6,0.726
T17478_2,145.1,-0.202
T8314_2,220.8,-0.207
T8342_1,241.0,-0.111
T8296_1,31.5,0.736
T8345_2,180.0,-0.122
T2400_1,220.3,-0.15
T8342_2,253.2,-0.102
T8308_2,239.9,-0.423
T2430_2,264.5,-0.069
T8299_2,320.4,0.376
T8299_1,21.2,0.368
T8303_1,27.9,0.253
T2424_1,159.1,-0.342
T2424_2,184.7,-0.387
T8332_1,252.7,-0.207
T2438_2,245.8,-0.217
T8363_2,300.1,0.274
T8353_2,196.1,-0.197
T8293_2,75.0,0.2
T8296_2,302.3,0.4
T14773_1,139.6,-0.179
T2473_2,288.8,0.196
T2473_1,114.4,-0.221
T8280_1,238.3,-0.037
T16007_1,314.3,0.065
T8367_2,133.5,-0.138
T8274_1,94.4,-0.031
T2404_1,155.1,-0.136
T8347_1,201.8,-0.148
T8383_2,305.1,0.114
T8378_2,303.0,0.162
T2440_1,110.5,-0.008
T8329_2,247.1,-0.141
T8354_2,190.8,-0.291
T8356_1,290.1,0.183
T8347_2,133.4,-0.125
T8331_2,226.5,-0.179
T16915_1,122.6,-0.442
T8346_2,149.7,-0.159
T8320_1,135.6,-0.387
T8317_2,280.3,0.153
T8355_1,119.9,-0.229
T8320_2,176.3,-0.539
L176_3,288.6,0.073
T8358_1,42.1,0.416
T8297_2,359.0,0.715
L176_2,239.7,-0.008
T8314_1,154.0,-0.264
T2438_1,208.2,-0.378
T2455_2,212.1,-0.18
T8297_1,35.9,0.533
L175_1,42.2,0.204
L177_3,244.7,-0.103
T8371_2,326.2,0.417
T8274_2,166.6,-0.188
L177_1,283.6,0.028
T8371_1,248.0,-0.093
T8419_1,191.4,-0.149
T8332_2,260.6,-0.12
T8386_2,146.7,-0.353
T8308_1,228.6,-0.569
T2444_2,276.3,0.031
T8373_1,339.0,0.343
T8360_1,251.6,-0.096
T8419_2,233.7,-0.38
T8392_2,286.4,0.134
T8344_2,196.3,-0.173
T8393_2,304.9,0.078
T8322_1,209.4,-0.147
T8378_1,265.7,-0.016
T8307_2,267.8,-0.017
T8375_1,329.6,0.186
T8389_2,289.9,0.089
T8302_1,358.6,0.627
T8377_2,318.9,0.575
T8352_1,26.4,0.331
T8352_2,323.0,0.153
T8376_2,126.4,-0.09
T8400_2,313.1,0.429
T8141_2,4.0,0.323
T8285_1,46.7,0.407
T8399_1,110.0,-0.142
T8399_2,262.8,-0.014
L176_1,174.9,-0.066
T8402_1,302.6,0.251
T8395_2,46.8,0.05
T16913_2,260.8,-0.132
T2430_1,238.0,-0.346
T8398_2,255.2,-0.12
T8398_1,105.5,-0.111
T8410_2,278.3,0.092
T8363_1,277.2,0.064
T8389_1,205.2,-0.274
T8392_1,158.1,-0.111
T8146_2,301.3,0.28
T8146_1,47.8,0.168
T8393_1,204.0,-0.202
T8400_1,151.8,-0.13
T8383_1,179.7,-0.225
T16913_1,135.3,-0.593
T8410_1,157.9,-0.474
T8303_2,292.1,0.02
T8431_2,301.6,0.173
T8431_1,141.0,-0.202
T8356_2,266.3,-0.027
T15047_2,234.8,-0.441
L178_1,80.2,0.018
T15047_1,358.8,0.716
T8401_1,175.3,-0.207
T8366_1,275.0,0.072
L179_3,289.9,0.216
T8415_1,117.0,-0.209
T8405_2,234.0,-0.211
T8376_1,76.4,0.036
T8415_2,253.2,-0.071
L178_2,210.4,-0.143
T17087_2,321.5,0.32
T2419_1,13.6,0.069
T15478_1,69.7,0.251
T8384_2,279.4,0.093
T15478_2,65.1,0.178
T8384_1,3.9,0.373
T8358_2,68.3,0.093
T8343_2,65.5,0.288
T2419_2,285.7,0.111
L177_2,14.4,0.209
T2472_2,312.2,0.364
T2444_1,144.9,-0.42
T2452_2,297.6,0.059
T2594_1,118.3,-0.137
T8364_2,273.4,0.007
T2594_2,217.7,-0.227
T8364_1,331.6,0.084
T2472_1,125.3,-0.297
T8373_2,221.8,-0.243
T8372_2,11.8,0.391
L179_2,224.9,-0.095
T8372_1,102.9,-0.088
T8365_2,0.7,0.426
T17087_1,153.8,-0.257
T8408_1,77.3,0.049
T8379_2,331.2,0.7
T2453_1,11.2,0.208
T8405_1,175.7,-0.245
T8141_1,69.4,0.116
T8408_2,153.4,-0.167
T8361_1,85.9,0.024
L180_1,45.2,0.006
T8418_1,80.0,0.022
T8319_1,107.7,-0.037
T8307_1,271.4,0.009
T8423_2,184.7,-0.152
T8379_1,22.1,0.298
T17090_2,320.3,0.245
T17095_1,44.0,0.477
T8432_2,28.3,0.152
T8407_1,351.9,0.734
T2459_1,321.9,0.388
T8375_2,211.7,-0.127
T8236_1,357.3,0.218
T14640_1,14.0,0.228
T2445_2,242.2,-0.085
T8422_2,228.6,-0.191
T8422_1,57.6,0.184
T8269_2,299.5,0.108
T8269_1,355.6,0.224
T8362_2,255.7,-0.112
T8362_1,343.7,0.38
T2474_2,304.3,0.262
T17096_1,14.2,0.068
T8324_1,354.7,0.769
T8324_2,304.5,0.406
T2437_2,267.9,-0.027
T2436_1,276.0,0.074
T17097_2,46.3,0.025
T2457_1,203.8,-0.003
T8423_1,178.8,-0.034
T17090_1,148.6,-0.302
L181_1,258.5,-0.007
T8443_2,172.4,-0.102
T8435_2,199.2,-0.07
T8236_2,34.4,0.421
T8444_2,302.9,0.101
T8334_1,2.5,0.697
T8424_1,287.8,0.107
T8443_1,112.0,-0.008
T8361_2,196.7,-0.322
T8444_1,114.5,-0.017
T8436_1,171.4,-0.55
T16923_2,290.0,0.249
AC196_2,270.0,-0.0
T8449_1,133.4,-0.073
T16923_1,192.1,-0.663
T8449_2,256.5,-0.029
T2484_2,286.0,0.186
T2443_1,350.5,0.058
T2443_2,235.0,-0.107
T2453_2,185.2,-0.332
T8406_2,18.4,0.222
T8334_2,293.8,0.223
T8391_1,156.4,-0.242
T2428_2,316.3,0.463
T8359_1,335.4,0.625
T2428_1,23.8,0.724
T2468_1,84.7,0.055
L182_2,148.8,-0.048
T8348_1,42.8,0.352
T8348_2,350.1,0.757
T8357_2,347.6,0.65
T14640_2,350.7,0.245
AC200_4,8.4,0.723
T2323_2,295.0,0.149
T2323_1,43.2,0.167
T8391_2,241.7,-0.186
T16926_1,352.4,0.483
T16921_2,287.7,0.218
T2593_2,268.4,-0.007
T8395_1,175.2,-0.089
T17095_2,175.8,-0.555
T2458_2,324.5,0.39
T8418_2,256.2,-0.044
T8357_1,266.1,-0.03
T16926_2,256.1,-0.156
T8359_2,289.1,0.232
T2447_2,262.4,-0.06
T16928_1,12.1,0.633
L180_2,267.8,-0.009
T8377_1,174.6,-0.391
T8402_2,227.9,-0.533
T2615_2,135.7,-0.07
T8424_2,242.7,-0.135
L183_2,244.1,-0.031
T8381_1,295.2,0.233
L183_1,197.6,-0.053
T2593_1,111.7,-0.195
T8428_1,90.1,-0.001
T16922_2,304.4,0.328
L184_1,210.3,-0.068
T2474_1,147.0,-0.556
T2445_1,155.3,-0.233
T17097_1,175.0,-0.143
T8426_1,131.0,-0.102
T2484_1,176.2,-0.183
T8426_2,165.1,-0.154
T2460_2,339.9,0.529
T8417_1,294.1,0.13
T2454_1,167.8,-0.247
T2454_2,228.0,-0.036
T2462_2,246.1,-0.058
T14775_2,303.6,0.436
T8339_1,29.2,0.627
T8388_1,290.5,0.16
AC418_1,352.6,0.141
T2459_2,207.5,-0.331
T8339_2,285.5,0.234
T8448_2,255.7,-0.079
T8445_2,278.0,0.03
T2452_1,212.1,-0.346
T16922_1,224.3,-0.385
T8406_1,95.5,-0.021
AC197_3,327.4,0.051
T2435_2,264.4,-0.067
T2435_1,69.6,0.147
T2429_2,292.8,0.255
T2429_1,17.1,0.55
T8417_2,266.1,-0.025
T8401_2,146.4,-0.078
T8366_2,264.8,-0.078
T8319_2,284.4,0.024
T8343_1,75.9,0.191
T2436_2,252.8,-0.2
T16921_1,244.3,-0.173
L179_1,266.4,-0.025
T14775_1,80.3,0.142
T2448_1,27.8,0.056
T16925_2,259.5,-0.089
T16925_1,11.9,0.674
T8448_1,163.2,-0.191
T8374_2,243.4,-0.095
T8436_2,186.8,-0.368
T2457_2,196.9,-0.068
T8374_1,41.2,0.056
T8413_2,290.0,0.079
T8451_2,326.9,0.248
T2482_2,308.6,0.167
T8467_2,62.5,0.077
T8433_1,283.6,0.024
T8432_1,170.3,-0.031
T8437_2,174.6,-0.243
T8409_2,291.7,0.2
T8409_1,8.4,0.472
T8429_2,282.8,0.049
T8365_1,228.7,-0.173
AC422_2,1.2,0.255
T8380_2,293.1,0.079
T2517_1,6.0,0.647
T17088_2,317.0,0.425
T17096_2,172.9,-0.258
T2462_1,210.5,-0.196
T8337_1,320.1,0.58
T15623_2,261.1,-0.105
T8380_1,295.4,0.117
T17484_1,58.7,0.149
T8407_2,193.4,-0.107
T8442_2,260.9,-0.065
T8434_1,236.9,-0.133
T2447_1,214.4,-0.472
T2437_1,235.4,-0.339
T8435_1,201.1,-0.059
T8433_2,273.8,0.014
T8437_1,93.0,-0.014
T8434_2,256.6,-0.137
T16928_2,228.5,-0.511
T8390_2,282.1,0.08
T17484_2,251.2,-0.047
T8390_1,109.4,-0.099
L181_2,224.8,-0.221
T8445_1,215.3,-0.064
T8404_2,258.2,-0.119
T8428_2,137.7,-0.091
T8351_2,340.9,0.549
T8351_1,17.3,0.834
T8429_1,163.0,-0.22
T2468_2,182.9,-0.453
T16920_1,339.6,0.387
T8414_1,136.0,-0.584
L182_1,217.3,-0.063
L184_2,206.3,-0.074
T8442_1,155.4,-0.457
T2463_1,347.8,0.302
T15623_1,57.8,0.374
T8337_2,288.5,0.244
T2458_1,217.8,-0.186
T2615_1,133.2,-0.05
T2513_1,17.5,0.717
T8381_2,215.1,-0.705
T8411_2,247.6,-0.226
T8421_1,31.4,0.152
T8421_2,325.3,0.456
T8440_2,237.4,-0.249
T8404_1,218.0,-0.551
T8135_1,343.1,0.49
T2460_1,199.0,-0.28
T2448_2,209.7,-0.138
T15052_2,295.3,0.248
T8388_2,218.4,-0.576
L186_1,59.7,0.101
T8468_2,56.4,0.246
AC200_1,48.6,0.522
T8414_2,163.7,-0.432
T8385_2,83.9,0.096
T2513_2,195.9,-0.749
T8302_2,37.1,0.341
T8411_1,235.1,-0.178
T2467_2,207.3,-0.664
T2467_1,83.2,0.055
T8450_2,279.5,0.101
T8450_1,275.4,0.03
T8468_1,161.4,-0.495
T8489_1,2.9,0.068
T8489_2,314.3,0.116
T8451_1,277.0,0.038
T2517_2,174.7,-0.716
T8458_1,312.9,0.097
T8473_2,264.6,-0.033
L185_1,155.9,-0.023
T8470_2,213.2,-0.176
T8470_1,85.0,0.013
AC204_1,237.9,-0.039
T8397_2,296.1,0.187
T8397_1,340.1,0.222
T8455_1,114.1,-0.05
T8462_2,251.1,-0.086
T8463_1,212.0,-0.14
T2482_1,224.3,-0.169
T8493_1,133.6,-0.009
T8473_1,122.6,-0.209
T8413_1,228.6,-0.115
L185_2,173.2,-0.217
T8467_1,133.2,-0.072
T8463_2,287.3,0.088
L186_4,239.0,-0.13
T2515_1,17.2,0.752
T2506_2,272.8,0.008
T8475_2,309.5,0.179
T2506_1,116.4,-0.262
T8466_1,328.0,0.108
T2463_2,214.6,-0.223
T17088_1,185.1,-0.534
T8474_2,205.5,-0.711
T8475_1,149.1,-0.256
T8457_2,319.8,0.184
T14639_1,351.3,0.31
T8464_2,191.1,-0.163
L186_3,335.3,0.101
T8462_1,299.9,0.125
T17725_2,253.5,-0.212
T2466_1,20.1,0.667
T8385_1,78.2,0.191
T8457_1,88.9,0.004
T17085_2,308.0,0.203
T8485_1,280.5,0.113
T8455_2,212.7,-0.034
T2515_2,204.8,-0.707
T8458_2,180.8,-0.253
T2466_2,213.9,-0.465
T8474_1,198.3,-0.716
T15050_1,47.0,0.574
T15050_2,266.6,-0.037
T8460_1,200.9,-0.21
T8469_2,213.0,-0.049
T8469_1,147.0,-0.129
T2471_2,300.5,0.289
T2464_2,354.0,0.503
T16920_2,223.5,-0.429
T8483_2,136.1,-0.214
T8465_2,353.3,0.747
T8465_1,2.7,0.703
T8440_1,225.9,-0.284
T8460_2,252.8,-0.092
T2470_2,357.7,0.7
T2516_1,358.5,0.79
T8488_1,36.1,0.136
T8135_2,26.4,0.29
T2514_1,8.4,0.747
T8427_2,225.0,-0.51
T8464_1,160.9,-0.112
L187_1,36.2,0.039
T2512_2,4.3,0.672
T8488_2,224.9,-0.5
T8508_1,42.2,0.041
T15049_1,24.5,0.735
T2417_2,30.7,0.69
T8479_1,88.4,0.013
T2417_1,47.2,0.537
AC199_2,310.7,0.096
T17085_1,159.0,-0.425
T2465_2,281.9,0.08
T8479_2,190.1,-0.349
L188_3,225.2,-0.138
L188_2,117.2,-0.009
T8494_1,55.3,0.163
L187_2,156.2,-0.346
T8486_2,218.3,-0.168
T8456_2,34.3,0.171
T8483_1,128.7,-0.297
T8494_2,225.8,-0.197
T8481_2,211.3,-0.179
T8471_2,236.1,-0.333
T8471_1,92.5,-0.024
AC204_4,213.2,-0.059
T17091_2,203.0,-0.492
T17091_1,46.0,0.29
T15052_1,242.9,-0.325
L189_1,99.8,-0.069
L189_3,7.6,0.055
T8497_2,254.7,-0.077
T2461_2,232.3,-0.405
T2469_2,174.7,-0.749
T2469_1,161.6,-0.506
T8427_1,202.3,-0.756
T14639_2,339.5,0.102
T8485_2,263.2,-0.04
T16924_1,358.5,0.769
T17725_1,220.7,-0.535
T16924_2,194.2,-0.669
L189_4,258.0,-0.135
T8425_2,13.6,0.645
T8425_1,15.2,0.577
T15049_2,235.5,-0.399
T2514_2,202.6,-0.582
L189_2,176.6,-0.764
T8500_2,295.4,0.173
T8412_2,19.5,0.489
T8487_1,66.5,0.104
T8481_1,223.8,-0.174
T2461_1,217.0,-0.496
T8493_2,146.8,-0.043
L190_2,254.2,-0.02
T8505_1,73.4,0.138
L186_2,157.2,-0.561
T8505_2,219.2,-0.703
T8466_2,210.1,-0.455
L190_1,316.7,0.053
T2480_2,282.1,0.097
T2470_1,188.9,-0.71
T8512_2,320.1,0.158
T2471_1,145.7,-0.482
T8486_1,132.2,-0.232
L191_1,161.2,-0.072
AC418_4,340.1,0.181
T2516_2,180.2,-0.823
L193_3,278.5,0.013
T8503_2,308.1,0.266
T8500_1,149.1,-0.495
T2511_2,309.1,0.431
AC418_2,332.0,0.24
T8512_1,183.0,-0.151
T8387_1,94.7,-0.017
T8420_2,342.6,0.298
T2382_1,18.5,0.22
T8523_1,115.9,-0.26
T8387_2,316.8,0.215
T8446_2,288.4,0.092
T8510_1,306.0,0.113
T8441_2,57.0,0.507
T2450_1,67.8,0.316
T8446_1,112.0,-0.049
T8491_1,34.1,0.585
AC422_1,160.0,-0.755
T8491_2,355.9,0.747
T8523_2,164.1,-0.606
T8514_1,89.1,0.011
T8514_2,311.9,0.205
T8369_1,354.5,0.754
T2450_2,341.5,0.673
T2483_2,301.2,0.189
T2481_1,41.4,0.201
T2481_2,291.7,0.112
L188_1,293.7,0.118
L192_1,134.1,-0.053
T2512_1,173.4,-0.653
T8487_2,184.8,-0.158
T2464_1,219.6,-0.274
T2505_2,280.3,0.104
T2505_1,99.6,-0.135
T16914_2,313.3,0.549
T8461_1,26.4,0.699
T8461_2,4.0,0.372
T2511_1,150.3,-0.422
T8472_2,359.5,0.187
T2449_1,355.2,0.095
T8498_1,297.6,0.08
T8503_1,195.1,-0.353
T8498_2,224.7,-0.176
T8508_2,181.1,-0.181
T8517_1,149.5,-0.14
T2504_2,330.2,0.776
T8517_2,250.1,-0.051
T17083_2,300.6,0.168
T8492_1,4.0,0.826
AC418_3,255.8,-0.063
T2465_1,223.6,-0.15
T2480_1,144.9,-0.123
T8550_1,87.7,0.033
T8525_1,75.3,0.027
AC198_3,296.0,0.026
AC420_1,348.1,0.203
T8456_1,101.0,-0.029
AC422_3,299.2,0.138
T2504_1,158.6,-0.834
T8516_1,292.8,0.13
T8522_2,205.0,-0.308
T8531_2,254.7,-0.108
T8554_1,121.1,-0.308
T2449_2,236.9,-0.099
T8550_2,184.4,-0.867
T8525_2,167.1,-0.192
T8497_1,191.7,-0.271
T8412_1,322.8,0.171
T8420_1,88.9,0.005
T8482_2,150.0,-0.638
T8528_2,207.1,-0.4
AC420_2,281.7,0.032
T8516_2,261.2,-0.053
T8528_1,140.8,-0.419
T16917_2,358.8,0.708
T2382_2,257.6,-0.104
T8522_1,176.8,-0.401
T15477_1,54.2,0.39
T8439_2,352.5,0.682
T8531_1,160.0,-0.366
T15051_1,10.5,0.636
T17094_1,9.2,0.277
T8510_2,221.3,-0.185
AC422_4,214.3,-0.146
T8530_2,294.6,0.166
T15051_2,250.0,-0.172
T8535_2,97.1,-0.041
T8441_1,57.7,0.476
T8495_1,326.3,0.365
T15477_2,15.0,0.257
T8300_1,57.2,0.335
T8300_2,334.5,0.443
T8477_2,264.2,-0.074
T16914_1,155.7,-0.741
L191_2,177.3,-0.164
T8544_2,333.7,0.492
L193_2,277.6,0.037
T2479_2,285.1,0.043
T8554_2,130.3,-0.528
T8520_2,286.4,0.032
T15048_2,19.6,0.547
T8326_2,268.2,-0.008
AC424_3,10.3,0.244
T8326_1,34.3,0.398
T2483_1,207.5,-0.175
T8369_2,11.3,0.644
T8430_2,327.4,0.583
T8305_1,25.1,0.508
T8507_2,196.0,-0.452
T15048_1,220.8,-0.193
T8540_1,293.2,0.179
T8477_1,227.4,-0.5
T8570_2,231.6,-0.138
T8570_1,137.5,-0.035
T2535_1,175.0,-0.029
T8560_1,307.9,0.064
T2535_2,250.9,-0.07
L194_2,102.5,-0.003
T8547_1,82.8,0.065
T8305_2,325.3,0.375
AC200_2,282.2,0.074
L192_2,195.0,-0.272
T8495_2,244.6,-0.245
T8439_1,69.7,0.289
T8447_1,18.3,0.644
T8438_2,342.3,0.668
T8438_1,42.7,0.508
T8520_1,120.8,-0.127
T8472_1,295.7,0.063
T8551_1,142.5,-0.403
T8551_2,264.3,-0.038
T2479_1,168.2,-0.336
AC424_1,20.9,0.184
T8563_2,287.2,0.125
L208_8,284.0,0.105
T8527_1,78.6,0.082
T17083_1,166.9,-0.369
T8527_2,146.2,-0.163
T8534_1,145.3,-0.143
T8519_1,66.4,0.203
T8534_2,216.9,-0.167
T8492_2,306.1,0.165
T8530_1,272.8,0.012
T8519_2,260.3,-0.056
T8430_1,35.2,0.431
T8541_2,326.7,0.359
T8584_1,136.0,-0.587
T8584_2,194.0,-0.238
T8581_1,59.7,0.014
T8581_2,167.0,-0.038
T8507_1,171.7,-0.63
T8482_1,132.3,-0.603
T2488_1,20.9,0.687
T2488_2,278.2,0.116
T8557_2,171.8,-0.732
T8557_1,78.2,0.172
T8382_2,340.5,0.712
T8537_1,34.1,0.738
T8533_1,303.3,0.184
T8515_1,305.9,0.088
T8533_2,283.1,0.114
T2592_2,269.1,-0.004
T2592_1,130.3,-0.097
T16751_2,347.8,0.66
T8452_1,321.5,0.498
T17086_1,33.0,0.328
T8537_2,251.3,-0.287
T8452_2,302.7,0.456
T2478_2,252.7,-0.08
T2478_1,259.3,-0.03
T8567_2,284.2,0.055
T8582_1,297.9,0.028
T8556_2,336.6,0.299
L193_1,191.0,-0.066
T8544_1,229.3,-0.194
T8595_2,100.6,-0.113
T8502_1,155.7,-0.136
T8541_1,297.9,0.06
T8585_1,241.3,-0.035
T16917_1,194.6,-0.693
T8553_1,138.9,-0.355
T2614_2,104.8,-0.031
AC201_1,8.1,0.733
T8591_2,111.4,-0.034
T8540_2,275.2,0.04
T8539_2,318.9,0.097
T8538_2,271.4,0.004
T8539_1,199.0,-0.062
T17094_2,199.9,-0.341
AC199_4,297.1,0.022
T8535_1,115.4,-0.128
T16751_1,53.5,0.319
T8529_2,227.1,-0.221
T8547_2,185.8,-0.499
L195_2,189.9,-0.045
T15622_2,292.2,0.288
T15622_1,84.7,0.068
T14778_1,25.3,0.564
T2451_2,326.9,0.517
T8382_1,25.9,0.605
T2451_1,56.4,0.485
T8513_1,270.0,0.0
T2614_1,121.8,-0.022
T8563_1,215.5,-0.25
L196_3,330.9,0.465
L196_2,279.1,0.006
AC204_3,220.0,-0.151
T8416_1,141.8,-0.191
AC201_2,327.9,0.664
T8559_2,264.0,-0.018
T8559_1,138.0,-0.148
T8447_2,356.4,0.6
T8330_1,329.1,0.396
T8330_2,304.0,0.277
T14778_2,278.0,0.125
T8509_2,206.1,-0.085
T8543_2,272.2,0.02
T8509_1,96.0,-0.018
T8536_2,302.8,0.307
T8536_1,322.4,0.348
T8502_2,300.9,0.196
T8543_1,202.8,-0.175
T8568_2,311.5,0.381
T8553_2,181.3,-0.216
T8478_2,299.2,0.237
T8478_1,319.5,0.284
T8572_1,327.4,0.246
L208_6,256.0,-0.061
T8578_2,68.0,0.038
T8555_2,208.0,-0.42
T8560_2,205.4,-0.144
T8569_2,329.4,0.411
T8555_1,136.3,-0.178
L194_1,173.9,-0.14
T8532_1,250.6,-0.038
T8518_2,231.2,-0.365
T8612_1,110.8,-0.232
T8416_2,207.5,-0.25
L197_2,114.7,-0.007
T8578_1,67.6,0.035
T8565_1,89.2,0.003
T2489_2,306.6,0.451
T2489_1,45.9,0.359
T2522_1,133.0,-0.191
T2490_1,313.3,0.416
T2522_2,240.2,-0.156
T8613_1,103.2,-0.18
T8613_2,169.9,-0.724
T2503_2,312.5,0.095
T2503_1,152.9,-0.451
T2550_2,257.9,-0.05
T2550_1,113.0,-0.17
T8616_2,114.6,-0.245
T8593_2,205.3,-0.225
T8556_1,205.5,-0.09
T2491_2,229.6,-0.156
T2491_1,292.9,0.036
T8595_1,137.2,-0.627
T8504_2,6.4,0.635
T8529_1,157.0,-0.504
T14779_1,33.7,0.666
T8538_1,191.5,-0.358
T8619_2,96.8,-0.061
T2456_1,121.0,-0.275
T2456_2,196.0,-0.202
T8496_1,1.9,0.261
T8496_2,301.7,0.298
T14779_2,343.4,0.507
T17086_2,221.7,-0.307
L208_7,217.3,-0.493
T8593_1,212.7,-0.242
T8518_1,234.3,-0.304
T8565_2,199.8,-0.157
T8566_1,93.7,-0.025
T8552_2,56.6,0.27
T2523_2,281.4,0.1
T8582_2,290.3,0.033
T8532_2,198.9,-0.24
T2493_1,183.7,-0.609
T2523_1,141.3,-0.386
T8572_2,296.1,0.148
T8567_1,145.6,-0.137
T8484_1,11.8,0.522
T2493_2,223.1,-0.386
T2490_2,180.1,-0.144
T8515_2,219.1,-0.211
T8568_1,314.1,0.377
T8569_1,304.8,0.22
T8574_2,275.3,0.023
T8546_1,41.7,0.481
T8587_2,252.7,-0.079
T2495_2,224.4,-0.545
T8504_1,70.7,0.297
T8590_1,127.6,-0.002
T8590_2,129.3,-0.236
T8566_2,95.4,-0.006
T8476_1,20.3,0.478
T8513_2,245.6,-0.34
T8585_2,177.1,-0.048
T8499_2,45.5,0.439
T8476_2,349.1,0.385
AC424_2,293.0,0.156
T8576_2,227.2,-0.145
T8591_1,147.5,-0.168
T8612_2,148.2,-0.578
T8545_1,21.9,0.741
T8545_2,357.5,0.792
L195_1,158.1,-0.272
T8576_1,125.3,-0.266
AC424_4,299.6,0.1
T2497_1,109.1,-0.212
T8587_1,133.2,-0.249
T8549_2,42.2,0.529
T8575_1,312.7,0.187
L198_3,289.9,0.157
T17093_2,299.9,0.067
T8577_1,312.2,0.153
T8484_2,335.0,0.345
T8552_1,95.6,-0.039
L196_1,215.0,-0.4
L198_2,202.6,-0.036
T8577_2,246.1,-0.145
T2549_1,110.0,-0.099
T2549_2,237.9,-0.167
T2520_1,49.5,0.303
T2520_2,254.5,-0.044
T2431_1,65.3,0.251
T8521_2,9.2,0.792
T2431_2,332.9,0.624
T2536_1,96.9,-0.006
T2536_2,220.3,-0.051
T8611_2,284.4,0.076
T8574_1,203.6,-0.288
T8618_2,211.8,-0.136
T8596_1,17.0,0.678
T15476_1,60.6,0.393
T15476_2,335.4,0.695
L198_1,52.1,0.157
T2524_1,115.5,-0.187
T8546_2,319.1,0.311
T2591_2,288.7,0.082
T2591_1,127.8,-0.127
T2494_2,56.3,0.432
L198_4,270.4,0.002
T8575_2,316.4,0.183
T8583_1,77.9,0.056
T2497_2,202.8,-0.48
L197_1,26.1,0.069
T8615_1,253.5,-0.12
T8598_2,292.0,0.128
T8630_2,306.6,0.245
T8609_1,125.5,-0.07
T8499_1,71.9,0.227
T8609_2,265.7,-0.007
T2495_1,220.1,-0.631
AC201_4,38.4,0.402
T8627_2,212.4,-0.284
T8524_2,289.8,0.18
T8611_1,152.5,-0.411
T8627_1,140.6,-0.178
T8618_1,127.6,-0.091
T8616_1,125.4,-0.254
T8564_2,213.0,-0.508
T8622_1,51.4,0.313
T2496_1,141.1,-0.44
T2498_1,47.8,0.555
T8501_2,354.8,0.675
T8619_1,97.7,-0.046
T8521_1,24.1,0.704
T8599_1,147.3,-0.192
T17093_1,129.2,-0.151
T8599_2,288.2,0.1
T2519_1,287.0,0.037
L208_5,212.9,-0.614
T8645_2,206.7,-0.047
T8638_1,0.7,0.357
T8645_1,233.9,-0.08
L199_2,304.9,0.086
T8625_2,311.9,0.326
L199_1,44.4,0.159
T8583_2,174.4,-0.683
L199_3,239.9,-0.203
T2379_2,318.8,0.385
T2496_2,157.2,-0.482
T8605_1,33.4,0.327
T17098_2,290.5,0.147
T17084_1,11.5,0.377
T2379_1,20.8,0.176
T8564_1,205.0,-0.7
T2501_1,118.0,-0.326
T2526_1,54.2,0.303
T2526_2,264.1,-0.072
T2498_2,311.1,0.273
T8598_1,231.8,-0.108
T8617_1,294.5,0.059
T2510_1,102.7,-0.085
T8501_1,30.9,0.467
T2510_2,276.7,0.067
T8549_1,53.9,0.453
T8623_2,269.8,-0.002
T8621_2,246.9,-0.065
AC426_4,267.3,-0.007
T2492_2,242.3,-0.051
T8634_2,292.5,0.13
T8623_1,260.5,-0.051
T8594_2,39.1,0.344
T8596_2,26.8,0.48
AC426_1,306.5,0.141
T2521_2,251.5,-0.112
T8573_2,186.6,-0.748
T8614_2,206.6,-0.251
T8614_1,135.4,-0.174
T2527_1,29.7,0.331
T8630_1,186.6,-0.23
T8617_2,284.0,0.022
T17084_2,225.8,-0.256
T17098_1,146.4,-0.404
T8573_1,158.6,-0.689
T2494_1,60.8,0.37
T8625_1,45.6,0.093
T8594_1,107.0,-0.051
T8605_2,310.1,0.156
T2524_2,170.0,-0.455
AC193_3,252.4,-0.03
T8621_1,150.0,-0.222
T8651_2,155.1,-0.256
T2502_2,9.0,0.718
T2502_1,40.6,0.599
T2501_2,163.8,-0.652
L208_4,23.3,0.869
T8658_1,133.0,-0.52
T2492_1,254.6,-0.052
T8624_1,256.5,-0.083
T8615_2,210.6,-0.274
T8646_2,281.1,0.102
L201_1,6.7,0.194
T8524_1,243.6,-0.256
T8571_1,11.1,0.77
T8571_2,4.4,0.737
T8586_2,2.6,0.767
T8622_2,123.3,-0.397
T8653_2,157.5,-0.333
L200_1,234.9,-0.005
T8670_1,135.8,-0.603
T8670_2,145.7,-0.602
T8604_2,213.6,-0.693
AC200_3,291.6,0.019
T8646_1,163.1,-0.225
L201_2,266.7,-0.005
T14777_1,33.8,0.482
T8562_2,344.6,0.514
AC426_3,295.2,0.141
T8675_2,139.6,-0.578
T2519_2,208.5,-0.148
T8656_2,161.0,-0.165
T14777_2,319.5,0.502
T8629_1,87.2,0.019
T8562_1,63.9,0.392
T8643_2,182.4,-0.175
T8643_1,121.7,-0.174
T8624_2,204.0,-0.284
T8629_2,227.2,-0.123
T8657_1,35.4,0.38
T8586_1,10.3,0.729
T8638_2,221.5,-0.095
AC427_1,301.9,0.12
T2518_2,214.8,-0.322
T2532_2,248.6,-0.245
T8653_1,140.1,-0.38
T8651_1,143.7,-0.36
T2531_1,339.7,0.798
T2521_1,132.8,-0.369
T8633_1,138.1,-0.213
T8511_1,56.7,0.311
T8542_2,17.9,0.606
T8604_1,203.1,-0.729
T2531_2,180.7,-0.839
T8511_2,345.5,0.471
T8656_1,145.0,-0.269
T2534_1,56.9,0.012
T8658_2,142.0,-0.523
AC426_2,304.6,0.098
T8647_2,311.9,0.143
T8633_2,119.7,-0.214
T8634_1,157.5,-0.162
T16755_1,28.0,0.462
T8459_2,358.3,0.483
T2530_1,1.3,0.289
T8628_1,285.7,0.068
T8459_1,45.9,0.272
T8600_1,6.2,0.607
T8649_1,105.2,-0.036
T8637_2,54.4,0.162
T2527_2,182.8,-0.367
T8600_2,321.6,0.552
T8652_1,302.5,0.106
T2532_1,128.4,-0.233
T2534_2,211.5,-0.051
T8642_2,302.9,0.113
T16755_2,318.0,0.523
T8677_2,272.6,0.03
L203_3,333.0,0.271
T8542_1,63.4,0.283
T8683_2,39.0,0.416
L206_1,15.4,0.517
T8649_2,101.6,-0.058
T8647_1,169.4,-0.135
L202_2,89.2,0.003
T2551_2,220.5,-0.227
T8683_1,180.3,-0.37
L203_2,86.4,0.006
T8640_1,259.6,-0.039
T2533_1,332.7,0.147
T8665_2,277.2,0.04
T8665_1,170.8,-0.152
T8663_2,303.8,0.147
T8663_1,341.6,0.123
T2551_1,114.9,-0.279
T8606_1,345.5,0.627
T8692_1,264.7,-0.013
L201_3,179.0,-0.24
T8640_2,227.2,-0.194
T8642_1,123.6,-0.133
T2552_2,234.3,-0.154
T8652_2,170.3,-0.128
T2528_1,331.2,0.701
T2525_2,314.0,0.445
T2525_1,8.2,0.516
T2530_2,202.7,-0.656
T2541_1,275.0,0.006
L200_2,257.4,-0.046
T8626_2,297.2,0.283
T8657_2,171.9,-0.567
T8607_1,17.8,0.288
T2541_2,230.5,-0.204
T2477_1,350.2,0.11
T8603_1,261.6,-0.01
T8675_1,143.5,-0.673
T2543_2,278.0,0.018
L205_2,314.4,0.153
T2539_2,338.2,0.237
T8706_2,271.8,0.001
T8684_2,210.0,-0.462
T2540_1,274.6,0.006
T8684_1,108.6,-0.209
T15479_1,54.1,0.429
T15479_2,342.6,0.492
T8678_1,142.4,-0.506
T8678_2,137.5,-0.418
L204_1,36.1,0.041
T15621_1,19.7,0.49
T16308_1,257.3,-0.123
T8654_1,290.6,0.076
T8628_2,259.9,-0.051
T8626_1,38.5,0.171
T8685_2,243.2,-0.106
T2518_1,219.5,-0.286
T8592_2,348.2,0.629
T8636_1,11.2,0.579
T8636_2,357.9,0.503
T8710_1,338.2,0.087
L205_1,280.1,0.017
T8685_1,207.9,-0.18
T16308_2,221.4,-0.407
T8717_1,344.7,0.237
T8717_2,311.3,0.124
T2476_2,322.3,0.418
T8667_1,103.4,-0.04
T8718_2,300.2,0.413
T8716_2,313.1,0.079
L202_1,19.3,0.152
T2528_2,297.1,0.248
T8641_2,152.5,-0.025
T8718_1,128.3,-0.415
T2477_2,221.4,-0.092
T8608_1,6.2,0.305
T8607_2,280.7,0.111
T2533_2,175.5,-0.531
T8661_1,126.2,-0.167
T8677_1,214.0,-0.156
T8661_2,178.6,-0.129
T8597_2,306.8,0.266
T8548_1,343.0,0.454
T8667_2,188.7,-0.279
T2552_1,181.4,-0.538
T8690_2,122.0,-0.112
T2546_2,242.3,-0.309
T2546_1,108.3,-0.134
T8669_1,132.0,-0.2
T8700_2,352.0,0.486
T2540_2,203.6,-0.158
T8597_1,8.8,0.437
T8679_1,68.6,0.073
T8700_1,36.9,0.263
T8606_2,285.8,0.227
T8694_2,276.3,0.025
T8608_2,280.6,0.077
T8637_1,113.5,-0.095
T2545_2,333.3,0.453
T8706_1,129.6,-0.026
T8713_2,295.1,0.145
T2544_2,293.7,0.187
T8698_1,74.5,0.043
T8669_2,307.5,0.04
T2547_2,286.4,0.147
T8690_1,72.3,0.084
T2542_2,327.5,0.068
L206_4,308.9,0.426
T8668_2,257.3,-0.114
T8712_2,292.0,0.188
T8712_1,201.9,-0.14
T15621_2,285.0,0.145
T8701_2,47.8,0.348
T8668_1,121.2,-0.158
L204_2,286.2,0.196
T8603_2,238.8,-0.077
T8713_1,237.1,-0.233
T8561_1,260.5,-0.049
L206_3,322.7,0.009
T8729_1,87.0,0.019
T8729_2,213.6,-0.619
L203_1,176.0,-0.277
T8561_2,336.2,0.256
T8687_2,246.4,-0.235
T8725_2,306.1,0.265
T8725_1,246.1,-0.049
T8692_2,232.9,-0.213
T8641_1,63.7,0.034
T8696_2,210.9,-0.516
T8659_1,197.7,-0.318
T2544_1,134.5,-0.243
AC429_1,283.5,0.043
T2558_2,219.7,-0.172
T8734_1,267.9,-0.003
T2558_1,70.8,0.062
T8696_1,143.1,-0.516
T2547_1,141.6,-0.444
T8736_2,310.3,0.095
T8659_2,217.3,-0.191
T16311_1,342.5,0.126
T8715_1,219.8,-0.069
T8679_2,140.1,-0.082
T2539_1,225.9,-0.271
T8592_1,8.8,0.648
T2543_1,227.1,-0.093
T8490_1,6.3,0.585
T14776_2,332.0,0.555
T8688_1,181.0,-0.334
T8688_2,236.1,-0.229
T2557_1,161.9,-0.291
T8654_2,215.7,-0.055
L205_3,188.3,-0.272
T14776_1,56.1,0.432
T8632_2,273.0,0.022
T8635_2,318.7,0.242
T8632_1,337.7,0.323
L207_1,242.0,-0.029
T8680_1,109.5,-0.037
T8680_2,279.5,0.039
T8710_2,250.6,-0.053
L208_2,233.3,-0.036
T8526_1,336.0,0.591
T16754_2,325.1,0.453
L209_3,306.6,0.259
T16754_1,40.7,0.386
T8742_2,146.3,-0.016
T2476_1,201.4,-0.472
T8589_2,308.5,0.271
T8589_1,359.7,0.278
T16311_2,248.7,-0.051
T8548_2,316.0,0.253
T8526_2,290.9,0.281
T8490_2,279.8,0.145
L209_2,224.5,-0.01
T2545_1,195.7,-0.328
T8674_2,314.5,0.332
L211_3,305.3,0.496
T8674_1,89.9,0.0
T8724_2,346.7,0.306
L208_1,43.3,0.457
T8716_1,252.7,-0.034
T14638_2,344.3,0.146
T14638_1,6.2,0.157
T8454_1,26.1,0.188
T8454_2,6.2,0.226
T8715_2,252.7,-0.077
T8588_1,325.2,0.338
T16753_1,342.9,0.503
T2548_2,297.8,0.336
T14647_1,18.8,0.428
T8639_1,313.6,0.098
T8639_2,270.6,0.002
L210_2,260.6,-0.017
L211_2,20.2,0.02
T8694_1,139.6,-0.245
T8671_1,140.2,-0.555
T8480_2,1.8,0.228
T2548_1,146.7,-0.09
L210_3,295.6,0.018
T2563_2,236.1,-0.071
T8693_1,318.3,0.116
T16309_1,250.0,-0.048
T8722_1,296.4,0.043
T8722_2,272.7,0.04
T8761_2,156.8,-0.585
T8648_2,289.2,0.091
T8705_1,299.0,0.122
T8763_2,146.8,-0.508
T8707_1,94.3,-0.018
T8648_1,254.3,-0.09
T8707_2,346.6,0.248
T2560_2,293.7,0.218
T2560_1,132.9,-0.302
T8644_1,91.3,-0.006
T8644_2,45.4,0.141
T16310_2,337.3,0.149
T8737_2,261.1,-0.077
T8708_2,314.3,0.146
AC427_2,334.5,0.266
T8705_2,294.3,0.147
T2542_1,198.9,-0.225
T2568_2,283.6,0.004
T2568_1,53.8,0.066
AC193_4,246.1,-0.035
T8760_1,132.2,-0.095
L207_2,285.8,0.118
T8698_2,128.1,-0.208
T8635_1,263.5,-0.049
T8695_2,260.5,-0.039
T8767_2,118.6,-0.311
AC427_3,304.5,0.128
T8701_1,116.1,-0.232
L206_2,122.7,-0.025
T8687_1,182.7,-0.781
T8046_1,16.2,0.206
T8046_2,5.1,0.292
AC429_4,317.6,0.426
T8733_2,346.5,0.517
T14647_2,130.9,-0.126
T8774_1,137.2,-0.11
T8703_2,349.4,0.266
T8662_2,321.1,0.34
T16309_2,194.7,-0.562
T8754_2,287.6,0.167
T8579_1,64.7,0.305
T8579_2,10.1,0.56
T8620_2,23.9,0.561
T16005_2,166.8,-0.074
T16005_1,199.4,-0.062
T8753_2,293.1,0.193
L212_2,37.5,0.024
T8403_1,5.9,0.628
AC246_1,11.1,0.903
T8735_2,221.3,-0.138
L212_1,155.7,-0.272
L212_3,288.8,0.203
T8695_1,292.3,0.099
T8724_1,221.6,-0.518
AC246_2,279.2,0.027
T8588_2,282.5,0.117
T8759_2,196.4,-0.312
T8736_1,153.6,-0.445
L209_1,259.1,-0.055
T8734_2,217.4,-0.165
T8750_2,191.6,-0.241
T8767_1,111.2,-0.145
L214_3,327.5,0.01
T8506_2,332.8,0.172
T8750_1,114.9,-0.205
T8693_2,226.4,-0.043
T8761_1,166.8,-0.333
T8754_1,120.8,-0.188
T8708_1,282.0,0.024
T2557_2,237.9,-0.135
L210_1,99.3,-0.003
T8723_2,293.1,0.139
T8662_1,256.8,-0.046
T8480_1,48.1,0.113
T8709_2,327.4,0.317
T8709_1,4.6,0.427
T8723_1,321.8,0.32
T2432_1,31.7,0.457
T8686_2,294.7,0.185
T8676_2,0.3,0.434
T8739_1,260.9,-0.106
T8730_1,336.8,0.332
T8741_2,347.8,0.19
T8753_1,184.4,-0.562
L213_1,104.3,-0.008
T8686_1,355.4,0.377
T8742_1,158.7,-0.023
L208_3,211.4,-0.646
T17103_2,287.5,0.113
T8762_1,122.0,-0.366
T8682_2,270.7,0.006
T8682_1,346.7,0.498
T17102_1,302.2,0.373
T8697_2,262.1,-0.083
T8697_1,288.0,0.102
T17099_1,335.9,0.466
T8731_1,322.8,0.3
T17100_1,330.7,0.343
L214_2,247.8,-0.01
T8660_2,0.7,0.503
AC205_2,28.9,0.566
T8676_1,7.4,0.582
T8741_1,109.6,-0.049
L215_3,283.6,0.164
T8671_2,148.7,-0.607
T8758_2,324.7,0.415
T8774_2,158.8,-0.15
T8735_1,125.5,-0.131
L211_1,310.7,0.184
T8782_1,116.8,-0.117
T16310_1,163.9,-0.316
L215_2,269.2,-0.0
T8762_2,161.6,-0.531
T8760_2,94.2,-0.007
T2563_1,169.2,-0.157
T8737_1,100.2,-0.055
T8558_2,322.3,0.346
AC205_1,89.5,0.008
T8738_2,298.1,0.161
T8763_1,159.0,-0.26
T8720_2,327.2,0.357
L216_1,0.4,0.017
T8752_2,16.5,0.342
AC205_4,279.3,0.038
T8703_1,282.6,0.03
T8602_2,314.7,0.285
T8689_2,324.0,0.249
T8602_1,336.4,0.323
T8689_1,45.7,0.15
T17103_1,130.0,-0.143
T8768_2,281.1,0.159
T8768_1,7.2,0.349
T8751_1,22.1,0.306
T8727_2,232.5,-0.137
T8727_1,48.9,0.201
T8764_2,327.9,0.155
T2380_2,298.0,0.065
T8769_1,58.6,0.155
T2380_1,356.9,0.177
T8789_1,234.0,-0.005
T8789_2,270.6,0.01
T8720_1,336.5,0.384
T8766_1,341.6,0.231
T8719_1,304.8,0.174
T8558_1,341.4,0.4
T8610_2,335.6,0.137
T8610_1,29.1,0.162
T2573_2,315.1,0.153
T17102_2,279.4,0.082
T2561_2,285.7,0.035
T2561_1,126.0,-0.242
T2574_2,338.0,0.183
T8620_1,84.6,0.058
T8506_1,98.8,-0.031
T2559_1,272.4,0.017
T8786_2,301.4,0.104
T8795_2,113.2,-0.048
T17099_2,244.5,-0.201
T8739_2,220.8,-0.456
T14648_2,299.7,0.124
T2575_1,4.7,0.367
T8738_1,200.1,-0.388
T2586_2,321.2,0.013
T2586_1,56.9,0.019
T8733_1,100.6,-0.088
T8745_2,286.9,0.061
T8771_2,271.6,0.005
T8771_1,88.1,0.011
T14648_1,63.8,0.107
L214_1,116.1,-0.007
L217_3,244.9,-0.042
AC246_3,169.5,-0.363
T8759_1,154.3,-0.185
T2432_2,338.9,0.512
L213_2,293.4,0.072
T8403_2,335.3,0.588
T8765_2,211.6,-0.143
T8580_2,315.4,0.324
T8580_1,42.0,0.423
T8740_1,87.7,0.011
T16752_1,27.2,0.46
T17100_2,167.9,-0.275
L217_2,39.7,0.112
T8744_1,265.3,-0.023
T8765_1,165.5,-0.254
T8719_2,265.4,-0.028
T8758_1,216.3,-0.422
T14796_2,331.1,0.455
T14796_1,35.4,0.629
T8781_1,110.9,-0.133
T8664_1,336.2,0.475
T17064_2,112.1,-0.064
T17064_1,277.1,0.013
T8744_2,235.1,-0.197
T8453_2,4.4,0.139
T8781_2,255.7,-0.082
T8793_1,116.3,-0.204
T8793_2,281.8,0.123
T2529_1,0.9,0.594
T2529_2,311.8,0.403
T8740_2,335.1,0.316
T2604_2,299.6,0.275
T8783_2,290.8,0.252
T8691_2,42.5,0.118
T2564_2,311.0,0.466
T8782_2,134.5,-0.205
T8660_1,18.3,0.48
T8730_2,306.2,0.158
AC201_6,284.6,0.072
T8743_1,323.0,0.186
T17101_2,308.9,0.208
L215_1,118.3,-0.075
T15068_1,290.8,0.142
AC193_2,231.2,-0.129
T8752_1,52.8,0.094
T8731_2,314.4,0.172
T8792_2,276.0,0.04
T8704_1,324.6,0.253
T2599_1,341.9,0.414
T15065_2,266.5,-0.017
L218_2,341.8,0.018
T8745_1,264.1,-0.012
T8770_1,39.6,0.044
T8790_2,65.7,0.117
T2566_2,344.1,0.313
T2566_1,66.9,0.201
T2590_2,249.6,-0.08
T8747_2,284.2,0.21
T8779_2,140.2,-0.258
L216_2,281.2,0.112
T16752_2,266.3,-0.028
T8747_1,231.0,-0.503
T8650_1,10.2,0.497
T8770_2,299.3,0.12
T8664_2,268.9,-0.015
T2559_2,232.2,-0.471
L219_2,328.1,0.02
T8772_2,221.1,-0.435
T8801_1,327.7,0.53
T8714_2,322.2,0.507
T14795_1,355.0,0.681
T8786_1,174.9,-0.169
T8673_2,61.3,0.41
L220_1,11.1,0.062
T8751_2,283.5,0.053
T8764_1,315.9,0.117
T2599_2,228.8,-0.192
T8769_2,74.0,0.02
T8805_2,311.3,0.457
T8778_1,7.7,0.484
T8766_2,249.1,-0.025
T8650_2,343.7,0.397
T8779_1,115.8,-0.202
T8743_2,257.3,-0.069
T2573_1,319.3,0.133
T8814_2,225.2,-0.164
T2567_1,357.3,0.85
T2567_2,306.4,0.433
T2564_1,232.5,-0.389
T2630_1,130.7,-0.408
T2630_2,286.0,0.078
T2574_1,238.8,-0.042
T8778_2,291.4,0.24
T2575_2,184.0,-0.222
T2604_1,115.5,-0.03
T14795_2,295.7,0.237
T8795_1,125.2,-0.156
T8783_1,271.2,0.001
T8714_1,60.8,0.349
T8453_1,114.2,-0.064
T8792_1,145.5,-0.369
T8691_1,92.7,-0.013
T15068_2,216.6,-0.279
AC205_3,299.3,0.025
T8673_1,78.0,0.165
T8809_2,275.1,0.013
T8704_2,227.2,-0.395
T8780_1,71.0,0.1
T8780_2,11.5,0.092
L217_1,186.7,-0.279
T2577_2,32.1,0.221
AC429_3,289.2,0.038
AC429_2,293.3,0.117
T15053_1,351.8,0.332
T2569_1,315.8,0.266
T8820_2,276.0,0.043
T15078_2,295.0,0.259
T15076_1,312.3,0.439
T8772_1,198.7,-0.581
T2565_1,84.0,0.074
T2565_2,23.5,0.547
T2569_2,256.2,-0.1
T8820_1,134.9,-0.207
T8702_1,39.7,0.498
T15287_2,17.2,0.733
T15054_1,275.1,0.022
T15054_2,247.3,-0.108
T15053_2,251.2,-0.192
T8702_2,5.5,0.588
T16762_1,35.1,0.445
T17101_1,216.0,-0.259
T8655_2,348.0,0.441
T2562_2,288.9,0.196
T2562_1,26.6,0.281
T16762_2,280.8,0.082
T15076_2,226.5,-0.431
T2583_1,338.0,0.6
T8728_2,286.6,0.079
T2590_1,175.9,-0.306
T2537_2,265.2,-0.034
T2537_1,318.1,0.256
T8790_1,102.5,-0.091
T8666_1,332.7,0.398
T15620_2,331.0,0.341
T15620_1,28.5,0.545
T8726_1,325.9,0.103
T2583_2,230.9,-0.414
T8726_2,245.3,-0.076
L226_1,53.0,0.016
T15056_2,331.5,0.156
T8797_2,252.6,-0.242
AC193_1,182.3,-0.202
T15065_1,259.7,-0.064
L218_1,169.5,-0.197
T2582_1,279.1,0.057
T2587_2,298.0,0.271
T8805_1,256.5,-0.067
T2582_2,249.7,-0.166
T8813_2,282.1,0.043
T8837_1,99.0,-0.031
T15287_1,92.2,-0.022
T8787_2,282.2,0.096
T15055_2,317.9,0.111
T8801_2,244.4,-0.163
T2602_2,266.5,-0.053
T2602_1,242.1,-0.413
T8808_2,283.4,0.151
L219_1,302.4,0.107
T8813_1,134.0,-0.041
T8804_2,232.7,-0.213
T8784_1,278.6,0.101
L220_2,288.5,0.081
T8806_1,54.8,0.05
T8806_2,300.0,0.169
T8804_1,212.0,-0.321
T8809_1,184.5,-0.393
T8791_2,341.6,0.368
T8601_1,5.0,0.617
T2577_1,117.0,-0.104
T8787_1,245.9,-0.16
T8788_2,350.6,0.521
T8796_1,33.1,0.468
T8788_1,16.0,0.526
T8814_1,161.2,-0.151
T8802_1,266.8,-0.041
T15078_1,173.3,-0.531
T2587_1,193.2,-0.611
T8784_2,269.0,-0.012
T8794_2,200.6,-0.558
T8791_1,1.1,0.437
T8808_1,260.4,-0.023
T8666_2,316.4,0.332
T2588_1,278.3,0.108
T2588_2,272.7,0.037
T8777_1,18.2,0.444
T8777_2,329.4,0.361
T2576_1,75.1,0.106
T15294_1,52.8,0.491
T2578_2,349.6,0.404
T2576_2,308.1,0.117
T8807_2,343.8,0.417
T8672_1,13.8,0.347
T8794_1,161.6,-0.455
T8655_1,71.6,0.189
T8773_2,335.8,0.619
AC246_4,98.7,-0.014
T15079_1,348.2,0.563
T2499_1,22.3,0.524
T17105_1,15.2,0.336
T8796_2,278.1,0.054
T8851_1,143.5,-0.097
T8797_1,218.2,-0.466
T2589_2,288.4,0.164
T8852_2,57.2,0.159
T8773_1,35.0,0.717
T2603_2,312.7,0.425
T8832_1,117.3,-0.198
T8800_2,270.2,0.003
T2598_2,284.7,0.123
T8832_2,143.5,-0.3
T2606_2,37.4,0.031
T2603_1,244.5,-0.049
T8816_1,295.4,0.268
T17076_2,314.1,0.425
T14794_1,62.9,0.281
T14794_2,334.3,0.501
T8756_2,328.5,0.518
T8815_2,185.0,-0.157
T8601_2,354.5,0.593
T8815_1,129.0,-0.266
T2585_1,359.5,0.537
T2598_1,179.6,-0.399
T8849_1,288.0,0.122
T17105_2,208.5,-0.409
AC201_5,316.4,0.061
T8800_1,252.7,-0.223
T2578_1,118.6,-0.177
T8826_1,4.8,0.655
T2585_2,258.4,-0.137
T8807_1,22.1,0.158
T8837_2,57.6,0.114
T8826_2,280.0,0.094
T15294_2,114.1,-0.271
T8798_2,352.0,0.367
T15634_1,19.3,0.474
T15288_2,4.8,0.428
T15634_2,337.7,0.388
T2600_1,72.1,0.174
T2600_2,271.4,0.009
T8821_2,271.4,0.019
T8821_1,37.8,0.437
T14652_1,29.5,0.216
T15079_2,250.9,-0.192
T8819_1,93.4,-0.027
T8824_2,359.8,0.269
T2434_1,41.3,0.44
L221_3,284.8,0.15
T8728_1,262.6,-0.038
L221_2,199.8,-0.004
T8842_1,157.0,-0.324
T8802_2,266.5,-0.05
T8812_2,240.5,-0.326
T8819_2,355.4,0.24
T8842_2,310.4,0.43
T2601_2,262.7,-0.081
T8756_1,59.3,0.41
T8672_2,316.8,0.183
L223_5,159.0,-0.203
T8824_1,115.1,-0.116
T8852_1,17.2,0.159
T8851_2,289.9,0.066
T2629_2,307.1,0.197
T8816_2,210.6,-0.501
T14652_2,231.0,-0.104
T8885_2,136.0,-0.257
T2589_1,233.4,-0.319
T8857_1,112.7,-0.185
T8857_2,125.1,-0.163
T8872_2,278.7,0.044
T2601_1,196.7,-0.611
T8746_2,295.0,0.154
T15288_1,45.2,0.411
T8799_2,40.8,0.15
T8799_1,22.8,0.022
T8812_1,204.9,-0.749
T2606_1,187.7,-0.12
T8699_1,38.7,0.238
L223_4,179.1,-0.422
T8811_1,317.6,0.516
T8853_2,268.9,-0.009
T8732_2,312.8,0.443
T2579_1,77.4,0.072
T2579_2,342.2,0.193
T8811_2,304.6,0.491
T8863_2,261.3,-0.043
T2613_2,267.1,-0.002
T2607_2,292.9,0.114
T8863_1,106.8,-0.063
T2434_2,304.3,0.158
T17076_1,240.0,-0.072
T17104_2,302.6,0.392
T8798_1,70.9,0.112
T8849_2,256.3,-0.156
T2629_1,146.5,-0.328
T8850_2,21.5,0.139
T8846_1,24.4,0.403
T8846_2,224.3,-0.064
T8839_2,3.6,0.484
T15062_2,277.5,0.075
T8732_1,34.5,0.449
T8631_2,281.0,0.128
T8755_1,295.7,0.282
T8631_1,323.7,0.201
T8699_2,305.6,0.206
T8855_2,323.1,0.317
T8853_1,219.5,-0.305
T2607_1,228.7,-0.265
L221_1,117.8,-0.046
T2538_1,326.9,0.311
T2538_2,281.0,0.078
T15069_2,330.5,0.478
T15064_2,235.1,-0.422
T8855_1,298.9,0.119
T15069_1,237.3,-0.196
T17104_1,145.2,-0.184
T8839_1,80.6,0.048
T8711_2,268.1,-0.001
T8901_2,263.2,-0.011
T8711_1,261.8,-0.033
T2499_2,330.8,0.22
T8746_1,334.4,0.11
T8841_1,285.7,0.099
T2613_1,135.4,-0.227
T15064_1,218.4,-0.506
T8681_1,19.9,0.569
T8681_2,4.6,0.668
T8910_2,265.7,-0.007
T8910_1,102.7,-0.02
T8757_2,155.1,-0.502
T8822_1,39.5,0.37
T8822_2,322.3,0.336
T8757_1,153.4,-0.412
T2616_2,351.9,0.275
T2605_1,304.0,0.049
T15055_1,296.3,0.047
T15056_1,236.8,-0.04
T8878_1,9.2,0.293
T8903_2,48.4,0.148
T8836_1,187.7,-0.686
T8885_1,134.6,-0.263
T8875_2,8.7,0.643
T8836_2,250.3,-0.233
T8867_2,255.8,-0.129
T8872_1,248.6,-0.071
T8854_1,349.6,0.362
T8785_2,286.9,0.21
T8854_2,340.7,0.34
T8755_2,286.6,0.187
T8866_2,252.9,-0.121
T8828_1,303.3,0.371
T8785_1,324.8,0.298
T8899_2,12.0,0.3
T8861_1,44.1,0.232
T2616_1,317.6,0.199
T8861_2,324.7,0.246
T8864_2,259.4,-0.085
T8859_1,356.9,0.223
T8876_2,323.4,0.648
T2500_1,21.3,0.467
T2433_2,311.9,0.163
T8864_1,212.4,-0.307
T8867_1,128.4,-0.421
T8899_1,140.8,-0.226
T8859_2,358.0,0.355
T8866_1,205.5,-0.352
L222_2,214.9,-0.035
T15062_1,179.0,-0.488
T2433_1,36.0,0.387
T8873_1,85.1,0.021
T8874_2,50.3,0.098
T8850_1,126.3,-0.114
T8828_2,279.2,0.128
L226_5,284.3,0.008
T8876_1,102.5,-0.167
T8775_2,185.6,-0.343
T15063_2,215.4,-0.249
T8775_1,164.3,-0.333
T8847_2,337.0,0.223
T8748_1,345.1,0.385
T8748_2,317.3,0.344
T16761_2,297.3,0.24
T8869_1,29.3,0.231
T8823_1,346.3,0.378
T8848_2,344.4,0.182
T8887_2,249.9,-0.095
T8847_1,281.6,0.082
T8887_1,294.6,0.087
T8873_2,293.6,0.058
T15063_1,213.8,-0.311
T8858_2,5.1,0.088
T8858_1,297.6,0.018
T8902_2,345.7,0.16
T8860_1,336.1,0.372
T8843_1,39.9,0.417
T8902_1,115.7,-0.125
T2605_2,273.6,0.033
T8881_1,278.4,0.065
T8803_1,4.2,0.512
T8823_2,316.2,0.197
T16760_2,328.2,0.692
L223_2,41.5,0.071
L223_3,195.1,-0.157
T16760_1,46.6,0.378
T8843_2,306.5,0.273
T8901_1,273.1,0.011
AC261_3,233.0,-0.027
T8874_1,50.7,0.172
T8841_2,234.9,-0.3
T14650_2,300.8,0.08
T15070_1,310.7,0.19
T8914_2,,0.0
T8870_2,258.2,-0.133
T8914_1,,0.0
T15070_2,284.9,0.132
T15067_2,280.9,0.101
T2610_1,306.1,0.313
T8848_1,63.3,0.101
L222_1,37.2,0.391
T8875_1,161.4,-0.402
T16761_1,66.3,0.213
T8860_2,328.8,0.319
T8881_2,238.5,-0.279
AC261_1,100.6,-0.043
T8903_1,35.0,0.4
T8878_2,158.7,-0.294
T8833_2,343.0,0.581
T8923_1,1.9,0.253
T2570_1,357.2,0.206
T2570_2,311.5,0.213
T8912_2,313.4,0.117
T8803_2,277.3,0.08
T8870_1,200.0,-0.467
T8927_1,273.7,0.022
T8898_1,74.5,0.051
T8898_2,256.5,-0.034
T8927_2,141.0,-0.28
T8922_2,306.8,0.046
T2611_1,41.1,0.211
T8868_1,282.5,0.174
T8869_2,58.6,0.085
T8916_2,75.3,0.015
T8868_2,280.8,0.117
L223_1,234.3,-0.107
T8890_2,3.4,0.395
T8931_2,43.2,0.356
T8934_1,69.7,0.129
T8810_2,355.1,0.646
T17801_1,358.6,0.665
T8776_2,322.8,0.393
T2555_1,337.4,0.432
T8921_2,127.1,-0.164
T8921_1,142.7,-0.231
T8834_2,328.6,0.513
T8834_1,1.0,0.623
T8908_1,355.2,0.048
T8856_2,301.9,0.317
T2553_1,8.8,0.506
T8882_2,285.4,0.22
T14650_1,69.0,0.103
T15067_1,232.0,-0.227
T8924_2,153.1,-0.494
T8924_1,136.5,-0.414
T8810_1,70.0,0.184
T2500_2,256.6,-0.008
T8912_1,72.2,0.065
T8923_2,337.6,0.34
T8931_1,164.5,-0.569
T8830_1,16.1,0.325
T2628_2,302.8,0.277
T8776_1,1.2,0.386
AC261_2,163.8,-0.455
T2627_2,241.0,-0.09
T17801_2,280.2,0.111
T8818_1,52.1,0.334
T8818_2,311.1,0.588
T8865_1,36.9,0.687
T8865_2,357.5,0.584
T15077_1,21.2,0.673
T8922_1,112.3,-0.074
T8894_2,285.8,0.114
T8838_2,27.8,0.53
T8934_2,257.6,-0.071
T2610_2,314.9,0.345
T2627_1,121.7,-0.204
T8833_1,46.3,0.301
T8835_1,24.0,0.752
L224_2,239.5,-0.021
T8835_2,305.6,0.345
T8882_1,260.4,-0.138
T8871_1,351.2,0.548
T8883_1,8.1,0.533
T8844_2,307.2,0.324
T8844_1,12.3,0.391
T8908_2,339.7,0.043
T8879_2,238.9,-0.397
T8879_1,358.7,0.702
T2635_1,,0.0
T8892_4,298.1,0.08
T8959_2,245.5,-0.095
T8957_1,225.8,-0.073
T8891_2,289.7,0.185
T2555_2,213.8,-0.123
T8871_2,253.8,-0.192
T2611_2,252.1,-0.032
T8904_1,28.9,0.241
T8904_2,281.8,0.034
T8941_1,85.4,0.01
T8906_2,325.9,0.195
T8892_2,16.6,0.304
T8906_1,83.9,0.016
T8961_2,211.4,-0.068
T8961_1,245.6,-0.084
T8883_2,293.7,0.264
T8892_1,2.9,0.348
T8838_1,44.3,0.42
T8962_2,246.5,-0.056
T8962_1,195.2,-0.21
T8856_1,238.4,-0.432
T15077_2,259.0,-0.112
T8959_1,69.7,0.045
T8893_2,255.9,-0.179
T8893_1,217.8,-0.603
T8916_1,168.0,-0.051
AC260_1,41.6,0.289
T2628_1,161.1,-0.382
T8890_1,11.0,0.248
T8891_1,233.6,-0.436
T8830_2,287.3,0.106
T2553_2,337.7,0.274
T8845_2,5.0,0.502
T15627_1,25.7,0.447
T15627_2,338.0,0.397
T8892_3,289.3,0.031
T8972_2,240.7,-0.046
T8932_2,1.4,0.161
T14646_2,305.9,0.203
T8884_2,28.5,0.775
T8884_1,44.3,0.558
T8894_1,266.4,-0.01
T15075_1,26.3,0.644
T8845_1,72.2,0.185
T8933_1,47.3,0.379
L224_1,321.4,0.271
T8888_1,351.0,0.679
T2625_1,321.0,0.344
T14646_1,64.8,0.089
T2620_2,300.7,0.194
T8932_1,207.8,-0.039
T8827_2,311.0,0.393
T16759_2,292.1,0.279
T16759_1,46.8,0.358
T8957_2,243.9,-0.115
T8895_2,281.0,0.162
T17809_2,342.8,0.423
T17809_1,60.4,0.245
T2625_2,310.5,0.277
T8936_2,241.7,-0.257
T8913_1,342.5,0.505
T2635_2,,0.0
T8941_2,128.3,-0.179
T8919_2,305.0,0.372
T16012_1,268.6,-0.002
T8888_2,256.3,-0.095
T8907_1,30.1,0.169
T8952_2,328.4,0.318
T8952_1,14.5,0.221
T8936_1,217.7,-0.365
T8909_1,311.4,0.127
T8909_2,281.6,0.09
L226_4,266.4,-0.004
AC206_1,346.9,0.13
T8971_2,162.5,-0.547
T8971_1,150.8,-0.464
T8896_2,16.1,0.504
T15075_2,270.2,0.002
T8949_2,211.8,-0.355
T14793_1,52.3,0.342
T14793_2,2.0,0.482
T8935_2,276.4,0.048
T8935_1,69.0,0.166
T8895_1,273.4,0.051
T8954_2,327.3,0.071
T8829_1,20.0,0.497
T8825_1,54.5,0.307
T8829_2,60.1,0.295
T8963_1,9.3,0.341
T8919_1,238.4,-0.083
T8949_1,180.3,-0.467
T8939_1,20.2,0.169
T8939_2,311.5,0.121
T8951_2,301.5,0.132
T8951_1,10.1,0.253
T8986_1,357.0,0.645
T9001_2,280.6,0.017
T8913_2,249.7,-0.067
T8978_1,318.7,0.151
T8979_2,343.1,0.109
T2620_1,105.9,-0.074
T8972_1,172.1,-0.286
T9001_1,160.5,-0.105
T8918_1,275.5,0.056
T8943_2,332.7,0.149
T2608_2,338.0,0.02
T8827_1,289.0,0.194
T8954_1,207.8,-0.057
T8973_2,285.5,0.059
T8933_2,243.3,-0.096
T2640_2,330.9,0.347
T8907_2,302.8,0.081
T8966_1,48.1,0.184
T8966_2,328.8,0.285
T8889_1,93.3,-0.05
T2623_1,323.4,0.45
T8900_2,299.0,0.336
T8900_1,23.7,0.404
T16010_1,356.7,0.052
T8889_2,342.3,0.481
T8897_1,333.8,0.265
T2608_1,292.0,0.018
T8880_2,297.3,0.4
T8930_2,302.6,0.461
T8880_1,28.4,0.498
T2612_2,245.3,-0.092
AC207_3,358.0,0.182
T2612_1,31.6,0.351
T15074_2,291.6,0.23
T15074_1,23.1,0.766
T2623_2,292.1,0.278
T8897_2,307.9,0.138
T8825_2,349.4,0.424
T8986_2,223.1,-0.264
T2626_1,100.3,-0.164
T2626_2,328.8,0.372
T8967_2,285.8,0.156
T2617_1,279.6,0.021
T2617_2,238.8,-0.122
T8862_2,315.1,0.42
T8862_1,55.0,0.246
T8886_1,89.8,0.001
T8886_2,2.0,0.16
T9019_2,289.5,0.057
T8974_2,267.4,-0.012
T8896_1,82.0,0.109
T8969_2,354.4,0.614
T8969_1,45.7,0.327
T8992_2,353.8,0.583
T2637_1,276.9,0.058
T8976_2,305.5,0.316
T8977_2,331.3,0.576
T8998_1,2.7,0.67
L225_1,143.4,-0.112
T8925_1,61.7,0.158
T8987_1,27.6,0.357
T2632_2,87.8,0.036
T8958_2,90.6,-0.01
AC207_1,48.2,0.224
T8925_2,4.0,0.349
T16012_2,319.3,0.096
T8976_1,322.9,0.511
T15948_2,261.8,-0.056
T15948_1,311.4,0.291
T8943_1,53.8,0.244
T8918_2,221.1,-0.463
T2624_2,314.7,0.351
T2640_1,99.9,-0.029
T2556_2,332.8,0.582
T8973_1,189.6,-0.189
T8987_2,90.4,-0.002
T8930_1,287.6,0.239
AC206_3,314.9,0.06
T8963_2,291.7,0.058
T8983_1,296.7,0.239
T2619_1,206.8,-0.293
T2621_2,320.3,0.226
T8981_1,15.7,0.311
T2624_1,27.5,0.419
T8974_1,203.6,-0.568
T2619_2,226.9,-0.442
T8956_1,308.3,0.491
T2581_2,345.6,0.119
T2621_1,38.1,0.173
T8956_2,311.4,0.489
L226_3,288.5,0.063
T17808_2,284.4,0.107
T16758_1,29.4,0.446
T8840_2,41.5,0.373
T8940_1,347.7,0.223
L227_1,53.4,0.104
T8840_1,46.8,0.454
T8979_1,29.5,0.103
L227_2,172.4,-0.008
T2638_2,255.4,-0.177
T2638_1,336.3,0.787
T8975_1,265.4,-0.064
T17808_1,47.1,0.237
T9044_2,193.8,-0.158
T15066_1,325.9,0.643
T15059_1,299.1,0.29
T15434_1,54.9,0.294
T2653_2,282.7,0.076
T15066_2,268.3,-0.023
L228_1,236.4,-0.01
T15434_2,101.1,-0.133
T9030_2,263.1,-0.02
T2653_1,129.3,-0.353
T8947_1,185.3,-0.416
T16010_2,195.2,-0.158
T8999_1,22.2,0.798
T8988_2,8.5,0.616
T8988_1,34.6,0.528
T8944_2,261.4,-0.105
T15945_2,274.5,0.049
T2634_1,22.7,0.57
T15394_1,291.6,0.235
T8991_2,0.2,0.446
T8991_1,92.2,-0.018
T16758_2,294.3,0.223
T9006_1,54.7,0.186
T9006_2,13.3,0.561
T8915_1,3.5,0.322
T8915_2,341.9,0.32
T8977_1,320.5,0.387
T9019_1,263.5,-0.013
T8817_2,340.7,0.494
T15060_2,303.9,0.428
AC207_2,302.5,0.351
T8967_1,206.5,-0.768
T9017_1,1.7,0.3
T15946_2,247.6,-0.227
T15946_1,342.5,0.369
T2556_1,13.7,0.066
T2643_2,317.5,0.391
L229_2,53.7,0.025
T8944_1,207.7,-0.63
T15394_2,231.6,-0.353
T8947_2,223.4,-0.508
L229_1,263.1,-0.007
T8998_2,179.7,-0.424
T8981_2,259.8,-0.03
T8992_1,179.0,-0.304
T2637_2,226.7,-0.375
L225_2,273.3,0.006
T2580_2,312.4,0.251
T14645_1,65.9,0.115
T2580_1,97.3,-0.065
T8940_2,269.2,-0.007
T2632_1,96.3,-0.098
T15057_2,336.8,0.769
T8958_1,91.2,-0.021
T15058_2,331.4,0.705
T2643_1,236.9,-0.47
T2571_2,341.8,0.257
T2572_1,11.5,0.307
T2652_1,147.4,-0.476
T2652_2,269.1,-0.009
T8953_1,21.9,0.29
T8953_2,353.9,0.315
T2641_2,327.9,0.376
T15058_1,231.2,-0.486
AC206_2,313.5,0.497
T2571_1,67.6,0.045
T9017_2,63.0,0.119
T8964_1,248.1,-0.184
T8964_2,246.5,-0.258
T8970_2,331.7,0.116
T8983_2,236.3,-0.38
T15059_2,186.8,-0.652
T15945_1,236.9,-0.256
T8938_1,31.6,0.34
T9044_1,155.5,-0.184
T9034_2,35.8,0.257
T9018_1,49.9,0.123
T8993_2,240.7,-0.252
T9025_1,35.3,0.703
T2633_1,31.0,0.443
T2633_2,286.9,0.208
T15633_2,356.7,0.479
T9030_1,200.7,-0.245
T2581_1,104.2,-0.055
T17807_2,262.2,-0.07
T17807_1,19.6,0.373
L230_1,37.7,0.626
T8990_2,288.3,0.121
T2634_2,235.2,-0.276
T9073_1,11.8,0.376
L230_2,42.4,0.047
L226_2,131.0,-0.128
T8990_1,20.6,0.234
T8975_2,227.7,-0.601
T8938_2,289.0,0.101
T9034_1,11.0,0.256
L227_3,320.9,0.141
T15061_1,346.5,0.781
T15072_2,332.7,0.708
T9018_2,359.8,0.344
T9002_1,345.4,0.796
T9003_2,219.9,-0.556
T8993_1,140.9,-0.427
T8985_2,282.5,0.071
T16011_2,201.3,-0.191
T16011_1,285.0,0.041
T17806_1,312.5,0.33
T15060_1,187.3,-0.823
T2639_1,308.6,0.52
T9002_2,266.2,-0.037
T9003_1,201.0,-0.713
T8999_2,218.1,-0.557
T2622_1,24.7,0.188
L228_2,30.2,0.175
T2642_2,335.6,0.438
T2641_1,103.0,-0.054
T16756_2,314.7,0.362
T8831_2,304.4,0.304
T2622_2,283.6,0.033
T16756_1,40.8,0.413
T14645_2,284.0,0.068
T15071_2,203.8,-0.724
T9055_1,181.9,-0.175
T17803_2,333.6,0.303
T8928_2,285.8,0.117
T8928_1,9.0,0.475
AC260_2,109.8,-0.039
T15071_1,189.2,-0.898
T9014_2,273.6,0.047
T15633_1,33.1,0.32
T2572_2,312.1,0.211
T17806_2,206.3,-0.422
T15073_2,10.6,0.706
T8982_2,15.2,0.589
T8982_1,46.1,0.47
T8917_1,33.9,0.547
T8817_1,350.7,0.354
T8989_2,131.6,-0.294
T8989_1,129.9,-0.035
T8968_2,245.5,-0.329
T14792_1,42.2,0.426
T8960_2,23.9,0.466
T14792_2,18.0,0.508
T8985_1,216.0,-0.243
T8955_2,300.3,0.27
T15057_1,204.4,-0.691
T8980_1,65.7,0.297
T8980_2,355.1,0.617
T8831_1,285.8,0.177
T8917_2,333.9,0.37
T8877_2,1.2,0.611
T17175_1,255.8,-0.022
T9055_2,278.4,0.029
T9024_2,334.5,0.311
T9042_2,336.5,0.288
T8929_1,59.9,0.117
T9042_1,355.2,0.182
T9024_1,16.3,0.397
T8997_2,261.9,-0.037
T8945_1,349.1,0.203
T9080_2,105.3,-0.137
T8946_1,48.9,0.416
T2642_1,77.9,0.079
T9000_2,6.0,0.719
T8946_2,332.4,0.606
T15396_2,329.1,0.511
T9033_2,323.2,0.417
T9033_1,19.1,0.437
T9067_1,350.0,0.721
L232_2,336.5,0.68
T9067_2,269.1,-0.012
T9023_2,194.6,-0.879
T9057_1,105.5,-0.012
T8929_2,5.2,0.154
T15061_2,178.2,-0.702
T15430_1,358.8,0.65
T9025_2,244.2,-0.168
T2671_1,137.4,-0.429
T2671_2,201.1,-0.408
L230_3,232.8,-0.504
T9014_1,234.8,-0.453
AC207_4,226.9,-0.191
T8877_1,28.6,0.438
T9000_1,59.9,0.278
T8960_1,110.3,-0.243
T8994_1,14.1,0.299
T8995_2,281.2,0.046
T8994_2,318.2,0.272
T8948_1,40.4,0.462
T15431_1,1.7,0.59
T8955_1,97.9,-0.023
T8970_1,188.4,-0.579
T8995_1,27.3,0.373
T8948_2,287.2,0.134
T8997_1,221.1,-0.236
T15426_2,327.5,0.548
T15072_1,197.6,-0.722
T9073_2,28.3,0.289
T9005_2,347.4,0.381
T9005_1,141.1,-0.312
T15431_2,211.8,-0.539
T9052_1,36.9,0.573
T9052_2,359.4,0.454
T2636_1,357.4,0.646
T2636_2,340.6,0.584
T2609_2,353.2,0.361
T17803_1,245.4,-0.132
T9069_2,40.7,0.203
T9023_1,183.8,-0.848
T17181_2,193.0,-0.172
T2675_3,164.8,-0.675
T15429_1,24.6,0.622
T9036_2,346.7,0.465
T9036_1,356.9,0.429
T9079_2,270.7,0.006
T9016_2,63.2,0.332
T15396_1,154.1,-0.355
T2639_2,237.4,-0.359
T15073_1,227.0,-0.528
T9012_1,50.8,0.159
T8968_1,241.8,-0.308
T8984_2,358.4,0.545
T9105_2,337.0,0.027
T8984_1,19.9,0.308
T9053_2,308.5,0.187
T9068_1,350.2,0.396
T9053_1,309.1,0.158
T9069_1,18.3,0.271
L231_2,327.8,0.125
T15429_2,235.5,-0.209
T9056_2,333.6,0.178
T9076_2,287.3,0.06
T9056_1,65.1,0.062
T9076_1,120.9,-0.119
T15452_2,38.1,0.547
T14791_1,81.9,0.083
T14791_2,14.5,0.541
T9082_2,307.4,0.42
T9082_1,66.5,0.367
T2679_2,277.5,0.043
T2679_1,171.2,-0.494
T9012_2,242.7,-0.086
T8945_2,304.3,0.197
T16757_2,291.6,0.231
T16757_1,30.3,0.392
T9057_2,250.6,-0.162
AC206_4,273.2,0.003
T15453_1,71.3,0.139
L232_4,311.9,0.44
T15428_1,13.2,0.699
T15454_2,78.4,0.103
T17181_1,245.7,-0.085
T2672_2,359.5,0.621
T9095_2,328.8,0.185
T17175_2,317.2,0.094
T9086_1,128.3,-0.037
T9080_1,175.6,-0.63
T9049_2,102.2,-0.201
L231_3,333.8,0.373
T2680_1,155.2,-0.743
T9013_2,332.1,0.561
T9062_1,30.7,0.316
T15395_1,40.6,0.456
T2712_1,118.2,-0.251
T2712_2,204.5,-0.389
T8911_2,348.0,0.427
T17804_1,357.4,0.374
T9089_2,293.5,0.085
L232_3,23.6,0.008
T9040_2,51.8,0.392
T2646_1,351.3,0.853
L236_3,319.0,0.238
T9071_2,242.3,-0.231
T17804_2,273.7,0.018
L231_1,81.1,0.046
T8911_1,27.4,0.396
T15427_1,35.7,0.775
T9086_2,253.3,-0.024
T2651_2,337.9,0.549
T15427_2,238.6,-0.405
T9013_1,1.1,0.371
T9079_1,199.4,-0.448
T15430_2,175.8,-0.234
T15454_1,113.1,-0.221
T8920_1,33.3,0.194
T8920_2,340.1,0.322
T8996_2,260.2,-0.114
T8996_1,275.1,0.043
T9093_1,354.6,0.365
T9062_2,327.9,0.254
T2667_1,287.5,0.197
T9035_2,341.7,0.152
T15426_1,214.1,-0.166
L233_1,107.3,-0.018
T15453_2,146.4,-0.647
T9039_1,14.8,0.628
T9004_1,51.5,0.343
T9004_2,11.4,0.43
T9048_1,162.4,-0.663
L234_1,206.4,-0.013
T9041_1,352.3,0.481
T9048_2,179.4,-0.769
T9065_2,326.8,0.408
T9065_1,52.3,0.213
T2631_1,67.5,0.214
T9041_2,219.5,-0.514
T2631_2,0.9,0.44
T9039_2,101.0,-0.121
T2609_1,35.0,0.241
T9016_1,98.2,-0.099
T8926_2,25.1,0.512
T9051_1,173.6,-0.905
T9051_2,193.3,-0.907
L233_2,259.2,-0.006
T2667_2,213.9,-0.601
T15947_1,340.5,0.371
T2646_2,327.4,0.518
T2675_1,238.1,-0.227
T2648_2,86.7,0.046
L235_3,276.7,0.029
T8926_1,40.0,0.554
L235_2,278.2,0.012
T9008_1,329.2,0.568
T17845_2,275.3,0.071
T17845_1,332.5,0.646
T14651_1,53.2,0.161
T14651_2,263.0,-0.034
T9046_2,46.9,0.145
T9040_1,123.9,-0.371
T9047_2,67.9,0.226
T15452_1,131.3,-0.499
T9058_2,195.1,-0.907
T2554_1,91.0,-0.006
T2554_2,6.2,0.426
T9058_1,172.6,-0.914
T17805_1,66.3,0.138
T9015_2,333.3,0.345
T9102_2,298.7,0.305
T9102_1,343.0,0.572
T9038_1,249.8,-0.269
L236_2,236.0,-0.004
T2670_2,296.0,0.395
T9105_1,180.0,-0.104
T9108_1,332.7,0.602
T15395_2,234.3,-0.184
T2655_2,339.8,0.796
T9120_1,314.3,0.564
T2675_2,247.6,-0.182
L232_1,148.7,-0.125
T9015_1,60.2,0.131
T2669_2,248.0,-0.173
T2669_1,8.0,0.38
T2672_1,183.5,-0.414
T9068_2,304.0,0.172
T9043_1,55.7,0.086
T9028_1,70.7,0.147
T9028_2,27.9,0.244
T9109_1,54.8,0.235
T17805_2,279.6,0.081
T9096_2,334.4,0.247
T8950_2,351.8,0.315
T8950_1,39.5,0.208
T9071_1,217.2,-0.499
T2655_1,31.5,0.616
T9074_2,277.5,0.021
T9084_1,17.0,0.389
T9074_1,344.4,0.208
T17063_2,151.3,-0.106
T9043_2,332.5,0.417
T9029_2,328.5,0.376
T9029_1,28.2,0.576
T16681_2,311.5,0.422
T8937_2,317.1,0.414
T17600_2,346.3,0.349
T2680_2,157.2,-0.801
T9095_1,319.2,0.116
T15428_2,208.0,-0.282
T16681_1,27.0,0.412
T9089_1,277.7,0.006
T15944_2,272.4,0.029
T9093_2,115.9,-0.095
T9094_1,13.0,0.205
T8905_2,328.7,0.325
T9094_2,267.1,-0.026
T2673_1,2.5,0.42
T9049_1,99.4,-0.157
T9112_2,289.5,0.295
T9112_1,299.5,0.262
T15403_2,321.5,0.451
T14781_1,97.1,-0.076
T9054_2,17.1,0.548
T17179_2,220.1,-0.359
T9061_1,211.7,-0.368
T9010_2,324.0,0.568
T9084_2,307.5,0.278
T9061_2,271.2,0.014
T2651_1,64.8,0.097
T2647_2,344.9,0.351
T2647_1,11.2,0.424
T9022_1,345.0,0.685
T9022_2,293.2,0.24
T9010_1,308.9,0.416
T14781_2,2.2,0.593
T2670_1,171.5,-0.891
T2649_2,251.1,-0.163
T9123_2,270.0,0.0
T9021_1,324.9,0.585
T9064_2,274.4,0.035
T9038_2,244.5,-0.373
T2654_2,335.5,0.544
T15638_1,17.5,0.42
T2654_1,48.2,0.277
T9059_2,222.8,-0.699
T2687_1,191.2,-0.158
T2687_2,287.2,0.017
L235_1,116.2,-0.318
T2688_2,251.9,-0.125
T9035_1,59.5,0.032
T2649_1,61.9,0.171
T17597_2,105.4,-0.021
T15943_2,283.8,0.217
T17605_2,314.6,0.124
T2668_1,346.4,0.599
T15943_1,138.1,-0.65
T9054_1,98.0,-0.071
T8905_1,10.0,0.308
T9021_2,292.4,0.246
T9046_1,107.0,-0.087
T17857_1,313.5,0.396
T9077_2,1.8,0.686
T17599_1,349.8,0.335
T9009_2,328.3,0.429
T15638_2,314.7,0.35
T17802_2,275.0,0.044
T9120_2,297.5,0.398
T9116_1,321.4,0.51
T9103_1,73.1,0.042
T9103_2,264.5,-0.017
L234_2,310.3,0.474
T8937_1,292.0,0.164
T15947_2,261.3,-0.083
T2648_1,88.3,0.025
T15944_1,206.5,-0.593
T9008_2,236.6,-0.491
T17063_1,260.1,-0.009
T9047_1,123.8,-0.305
T2688_1,119.8,-0.412
T9050_1,10.2,0.419
T9020_1,62.1,0.242
T2663_1,359.5,0.48
T9158_2,284.6,0.055
T17856_2,329.9,0.595
T9060_2,293.8,0.235
T9060_1,2.1,0.579
T9099_2,308.7,0.112
T9020_2,306.5,0.491
T17599_2,250.6,-0.003
L236_1,156.9,-0.502
T9108_2,293.5,0.146
T9050_2,84.5,0.049
T2668_2,219.0,-0.694
T17802_1,60.8,0.18
T9096_1,187.9,-0.112
T17770_2,332.1,0.585
T17770_1,67.9,0.11
T2681_2,65.5,0.2
T17598_2,324.5,0.357
T9007_1,335.6,0.207
T9007_2,275.2,0.033
T2664_2,321.0,0.723
T9113_2,325.1,0.657
T9113_1,346.9,0.553
T9098_2,105.3,-0.099
T2664_1,231.5,-0.508
T9122_1,31.8,0.451
T9109_2,107.0,-0.146
T2661_1,161.1,-0.827
T2661_2,294.6,0.388
T9130_1,330.1,0.186
T9009_1,348.7,0.362
T9077_1,60.4,0.368
T9100_2,201.7,-0.703
T17179_1,211.7,-0.397
T2662_2,315.8,0.314
T16891_1,354.7,0.779
T9111_1,349.2,0.347
T2666_2,284.9,0.178
T2665_1,332.5,0.65
T9111_2,228.5,-0.146
T9027_2,14.6,0.248
T9059_1,221.7,-0.655
T9144_2,346.7,0.565
T2663_2,256.0,-0.111
T9136_1,338.6,0.199
T17857_2,251.7,-0.206
T17856_1,277.4,0.073
T17600_1,188.0,-0.673
T9098_1,122.3,-0.346
T9075_2,33.7,0.383
T14790_1,71.3,0.217
T14790_2,22.6,0.467
T2673_2,253.5,-0.085
T9158_1,120.4,-0.166
T9173_2,317.5,0.404
T16689_1,342.7,0.504
T2644_2,303.7,0.293
T2689_2,278.7,0.088
T9153_1,122.1,-0.231
T2644_1,15.4,0.491
T9099_1,336.7,0.205
T9116_2,294.9,0.247
T9176_2,237.0,-0.038
T17598_1,247.0,-0.004
T15403_1,231.5,-0.31
T17783_1,21.9,0.534
T17783_2,265.3,-0.051
T9064_1,238.3,-0.326
T9180_2,339.3,0.727
T9171_1,345.8,0.172
T2714_1,147.5,-0.372
T9123_1,300.4,0.24
T9144_1,196.6,-0.541
T2714_2,164.0,-0.082
T9180_1,158.1,-0.345
T9100_1,208.4,-0.748
T9083_2,177.6,-0.541
T17597_1,194.4,-0.575
T9133_1,2.1,0.24
T9153_2,175.5,-0.395
T9136_2,173.2,-0.092
T14644_2,322.3,0.15
T2665_2,230.5,-0.552
L237_1,70.6,0.21
T9145_2,201.4,-0.634
T9145_1,352.1,0.48
T2676_2,314.2,0.439
T17605_1,171.2,-0.712
T9075_1,77.7,0.093
T16689_2,286.8,0.129
T9130_2,305.6,0.169
T9083_1,205.1,-0.501
T2662_1,219.3,-0.516
T2676_1,226.6,-0.225
T9150_2,27.4,0.105
T2681_1,115.3,-0.125
T14644_1,77.4,0.067
T2689_1,155.6,-0.656
L237_2,260.2,-0.009
T9173_1,242.8,-0.109
T9027_1,267.4,-0.005
T9148_2,341.3,0.758
T9167_2,353.8,0.779
T9148_1,348.9,0.706
T9122_2,69.0,0.195
T9201_1,100.9,-0.119
T9126_2,249.5,-0.016
T9190_1,133.6,-0.497
T9045_2,349.0,0.213
T9160_1,9.4,0.623
T9160_2,218.0,-0.632
T9137_2,325.4,0.579
L238_1,298.2,0.026
T9045_1,56.0,0.266
T17780_1,24.9,0.603
T17780_2,227.1,-0.515
T2666_1,206.1,-0.657
T9133_2,252.1,-0.05
T2677_2,308.4,0.393
T9174_2,315.7,0.269
T16859_1,342.0,0.707
T16891_2,230.7,-0.459
T9097_2,327.5,0.18
T9097_1,101.9,-0.033
T9124_2,219.9,-0.695
T9107_1,18.2,0.158
T17781_1,328.2,0.572
T9092_2,239.6,-0.357
T9128_2,264.0,-0.059
T2677_1,53.9,0.364
T9191_1,15.6,0.203
T9164_2,265.1,-0.008
T9164_1,350.0,0.205
T9171_2,192.3,-0.215
T9189_1,102.8,-0.14
T9189_2,290.5,0.23
T9085_1,56.8,0.286
T9128_1,194.8,-0.636
T9085_2,319.1,0.505
T9176_1,219.5,-0.072
T9124_1,189.3,-0.783
T14789_2,41.6,0.397
T2658_1,72.6,0.141
T2658_2,277.7,0.082
T9092_1,205.2,-0.668
T9183_1,76.6,0.085
T9088_1,342.4,0.536
T9088_2,321.9,0.611
T9117_2,243.8,-0.204
T9107_2,329.2,0.191
T9087_2,10.3,0.605
T2645_2,351.4,0.299
T2711_1,100.7,-0.075
T14788_2,23.7,0.57
T9115_2,248.2,-0.157
L239_2,291.1,0.08
L240_2,35.7,0.648
T9201_2,156.8,-0.538
T9126_1,115.9,-0.263
T9063_2,294.7,0.295
T9119_1,330.8,0.47
T9203_1,18.2,0.165
T9063_1,4.9,0.397
T9188_2,245.8,-0.156
T17855_2,287.8,0.209
T9078_1,330.1,0.543
T17855_1,0.3,0.523
T9186_1,292.2,0.119
T9183_2,78.2,0.054
T9125_2,284.1,0.072
T9188_1,359.3,0.337
T9190_2,136.2,-0.509
T14789_1,79.3,0.093
L237_3,264.2,-0.083
T9147_1,36.4,0.21
T9147_2,296.3,0.118
T9229_1,77.7,0.106
T9134_1,14.6,0.166
T9233_1,32.3,0.176
T15320_2,335.8,0.611
T9137_1,259.0,-0.064
T9206_2,41.5,0.277
T9182_2,6.1,0.231
T9203_2,306.1,0.064
T9129_1,123.5,-0.382
T9150_1,124.4,-0.046
T9233_2,93.9,-0.057
T9129_2,149.7,-0.728
T17596_2,290.1,0.082
T9070_2,301.5,0.1
T9070_1,128.3,-0.234
T15637_2,326.2,0.381
T9138_1,339.2,0.699
L240_4,234.8,-0.335
T9172_1,27.1,0.192
T14788_1,72.8,0.119
T9172_2,274.3,0.031
T9149_1,92.2,-0.036
T9174_1,181.0,-0.17
L238_2,303.8,0.175
T16859_2,229.6,-0.475
T9206_1,196.0,-0.522
L240_3,111.1,-0.017
T9209_2,356.0,0.102
T2660_2,326.7,0.337
T9167_1,332.5,0.438
T17069_2,304.7,0.41
T2682_1,351.7,0.558
T15637_1,84.2,0.062
T2660_1,103.0,-0.091
T17180_2,245.3,-0.212
T9138_2,311.0,0.407
T9154_1,342.0,0.319
T9154_2,322.1,0.33
T9213_2,309.5,0.421
T9205_1,4.3,0.317
T9186_2,313.3,0.144
T9149_2,96.3,-0.103
T2693_2,209.3,-0.545
T9127_2,53.3,0.182
T9127_1,123.8,-0.36
T9177_1,121.1,-0.037
T17596_1,148.2,-0.485
T9087_1,105.0,-0.19
T9191_2,154.8,-0.28
T9182_1,198.6,-0.012
T9207_2,347.6,0.55
T9199_1,160.4,-0.527
T17781_2,262.4,-0.1
T9205_2,275.0,0.036
T9177_2,210.0,-0.173
T15421_2,315.6,0.495
T9169_1,118.9,-0.323
T2710_1,49.9,0.317
T2618_1,60.4,0.219
T2684_2,84.8,0.083
T2618_2,295.9,0.023
T2710_2,220.8,-0.469
T9156_1,349.2,0.397
T15420_2,341.0,0.645
T9125_1,350.8,0.084
T9185_1,252.2,-0.093
T2659_2,284.9,0.071
T2659_1,60.5,0.074
T2684_1,88.1,0.031
T2708_2,249.6,-0.174
T9151_2,323.1,0.155
T9151_1,32.9,0.199
T2693_1,158.5,-0.534
T9156_2,302.3,0.16
T9119_2,279.3,0.109
T2674_1,20.2,0.339
T2674_2,259.7,-0.05
AC260_5,243.4,-0.064
T9200_2,281.5,0.036
T9200_1,323.4,0.197
T9114_2,222.2,-0.533
T9213_1,155.4,-0.359
T9204_2,311.8,0.128
T9204_1,92.5,-0.01
T2695_2,320.9,0.08
T9209_1,286.1,0.044
T9185_2,327.3,0.27
T15418_2,300.8,0.415
T9132_1,110.8,-0.04
T9132_2,359.6,0.189
T9114_1,202.7,-0.598
T9142_1,93.0,-0.05
T9121_2,347.9,0.506
T9121_1,59.9,0.277
T9115_1,225.2,-0.549
T9141_2,118.6,-0.261
T2682_2,274.1,0.058
T9184_2,339.9,0.315
T15418_1,126.5,-0.181
T15320_1,72.5,0.214
T2697_1,24.2,0.454
T9117_1,175.3,-0.843
T17180_1,165.5,-0.639
T9212_2,275.6,0.028
T17782_1,345.3,0.856
T17782_2,270.4,0.004
T9026_2,309.1,0.228
T9212_1,343.0,0.285
T9228_2,341.2,0.366
T9143_1,23.7,0.105
T9227_2,323.2,0.431
L241_4,347.8,0.306
T9134_2,300.0,0.05
T2691_2,273.1,0.036
T9078_2,239.3,-0.47
T9222_1,65.6,0.193
L241_1,24.4,0.61
T2711_2,164.7,-0.346
T9143_2,275.9,0.014
T14787_1,66.0,0.227
T14787_2,337.5,0.595
T9139_2,43.8,0.333
L240_1,160.2,-0.697
L241_3,6.6,0.039
T2645_1,93.7,-0.014
T17065_2,311.6,0.063
T9215_1,273.8,0.015
AC260_4,204.5,-0.202
T9184_1,272.2,0.014
L239_1,79.5,0.126
T9155_2,234.0,-0.417
T17069_1,94.4,-0.064
T17065_1,155.8,-0.1
T9169_2,144.6,-0.581
T17062_2,262.6,-0.062
T9222_2,166.4,-0.417
T17062_1,127.1,-0.171
T9229_2,105.6,-0.128
T15420_1,180.6,-0.346
T9224_2,336.0,0.291
T9199_2,170.5,-0.321
T9090_2,265.7,-0.029
T9090_1,326.8,0.157
T9118_1,288.8,0.171
T9252_1,149.8,-0.481
L242_1,271.2,0.005
T15432_2,286.3,0.129
T9208_2,348.3,0.534
T9223_1,5.9,0.163
T15432_1,44.0,0.372
T9106_2,331.0,0.449
T9031_2,359.8,0.536
T9106_1,18.5,0.596
T9163_2,263.9,-0.093
T9072_2,324.7,0.418
T9072_1,38.2,0.582
T2709_2,248.2,-0.02
T9193_2,296.4,0.156
T9243_1,26.8,0.259
T9193_1,106.2,-0.129
T9236_1,41.3,0.299
T17853_1,345.0,0.452
T9238_2,309.7,0.434
T2713_2,170.2,-0.268
T2694_2,9.6,0.42
T2691_1,249.3,-0.288
T2686_1,323.6,0.697
T9228_1,186.4,-0.443
T2709_1,51.6,0.221
T9218_1,0.6,0.319
T9218_2,322.6,0.206
T9131_1,286.5,0.008
T15425_2,327.9,0.59
T2698_2,298.8,0.34
T9259_1,140.1,-0.118
T9166_2,188.7,-0.498
T8942_2,348.0,0.56
T8942_1,8.8,0.564
T9081_1,356.5,0.524
T2695_1,199.2,-0.583
T9207_1,294.9,0.089
T15421_1,126.4,-0.303
T16013_2,270.4,0.004
T15300_2,354.2,0.801
T9187_1,350.6,0.691
T9011_1,13.3,0.105
T2708_1,258.4,-0.076
T9187_2,304.9,0.48
T9181_1,355.8,0.714
T15419_2,324.2,0.424
T9037_1,4.1,0.436
T9037_2,325.4,0.37
T9175_1,9.7,0.22
T9139_1,165.1,-0.782
T9031_1,317.1,0.414
T2696_2,0.5,0.194
T17176_1,126.4,-0.433
T17176_2,252.4,-0.235
T9166_1,101.2,-0.035
T15300_1,82.2,0.103
T2713_1,127.0,-0.367
T9142_2,79.1,0.179
T2808_1,156.2,-0.554
T2808_2,203.0,-0.496
T9217_2,300.0,0.218
T9141_1,150.0,-0.789
T9238_1,201.7,-0.253
T9175_2,304.5,0.198
T2697_2,124.8,-0.102
T9026_1,32.9,0.051
T2686_2,216.6,-0.632
T15932_2,327.7,0.258
T9196_1,344.9,0.333
T15414_2,336.9,0.697
T9217_1,43.9,0.202
T15932_1,53.5,0.369
T9110_2,318.3,0.649
T9110_1,72.1,0.129
T9227_1,296.5,0.086
T9224_1,256.3,-0.07
T9159_1,29.1,0.422
L243_2,248.4,-0.017
T9262_2,322.1,0.61
T9231_2,304.8,0.218
T9231_1,345.1,0.252
T17854_1,24.1,0.601
T9223_2,172.4,-0.158
T2683_2,34.7,0.603
T2716_2,294.0,0.214
T2683_1,59.5,0.295
T9239_2,295.3,0.216
T9215_2,256.6,-0.032
T15414_1,167.4,-0.271
T9262_1,201.4,-0.581
T9155_1,210.1,-0.653
L241_2,182.1,-0.504
T2690_2,277.8,0.086
T2690_1,189.4,-0.509
T9104_2,309.1,0.232
T9135_1,345.7,0.424
T9208_1,286.2,0.065
T9202_2,108.2,-0.105
T9202_1,120.9,-0.42
T2698_1,109.3,-0.162
T17853_2,248.5,-0.231
T9081_2,333.7,0.43
T9104_1,20.0,0.356
T17854_2,260.4,-0.093
T9165_1,65.2,0.187
T9165_2,17.1,0.792
T9159_2,87.7,0.022
T15423_1,43.7,0.314
L242_2,319.1,0.025
T15417_2,342.0,0.405
T2694_1,143.7,-0.244
T17779_1,343.1,0.61
T9118_2,241.8,-0.38
T9250_1,103.3,-0.035
T9250_2,175.2,-0.125
T9131_2,255.1,-0.007
T9252_2,157.4,-0.094
AC260_3,169.0,-0.083
T9243_2,222.1,-0.126
T9163_1,258.0,-0.187
T9259_2,152.2,-0.311
T9261_2,260.7,-0.035
T2706_1,34.2,0.189
T9181_2,329.2,0.543
T9239_1,237.4,-0.184
T15423_2,208.6,-0.28
T15425_1,147.3,-0.187
T9255_1,338.7,0.506
T9242_1,57.4,0.044
T9236_2,119.3,-0.153
T17859_1,36.5,0.613
T9162_2,49.3,0.494
T15632_2,315.9,0.34
T9197_2,282.5,0.145
T15632_1,28.6,0.427
T9261_1,27.9,0.345
T14786_1,95.4,-0.059
T14786_2,14.4,0.482
T16696_1,33.1,0.426
T16696_2,294.4,0.219
T8965_2,344.0,0.478
T9241_2,283.5,0.061
T9161_2,22.3,0.436
T9292_2,153.1,-0.241
T9292_1,152.5,-0.453
T9241_1,178.2,-0.294
T9255_2,274.7,0.032
T9162_1,50.6,0.535
T8965_1,27.8,0.437
T16013_1,162.8,-0.546
T9066_1,61.2,0.149
T9196_2,219.2,-0.451
T2657_1,78.8,0.071
T17859_2,254.6,-0.143
T2657_2,277.8,0.083
T9194_1,56.6,0.328
T9194_2,306.5,0.519
T9011_2,209.4,-0.242
T9248_1,115.3,-0.164
T14785_2,36.8,0.402
T9248_2,34.7,0.156
T9179_1,336.2,0.44
T15934_2,247.2,-0.262
T15934_1,167.2,-0.569
T2706_2,176.4,-0.227
T15419_1,159.1,-0.676
T9214_2,266.9,-0.033
T9214_1,104.6,-0.165
T9281_2,338.1,0.473
T9179_2,329.9,0.416
T2716_1,170.0,-0.597
T9281_1,232.6,-0.068
T2696_1,182.9,-0.689
T15631_1,16.1,0.707
T2685_2,36.6,0.242
T2685_1,57.1,0.348
L244_2,312.9,0.222
T9135_2,258.4,-0.14
T15416_2,309.6,0.266
T9232_1,22.7,0.144
T9232_2,293.1,0.067
T9197_1,256.4,-0.146
T9253_1,137.5,-0.389
T9249_2,191.8,-0.612
T9066_2,317.8,0.127
L243_1,143.0,-0.263
T9249_1,111.0,-0.199
T9157_2,30.0,0.242
T9253_2,135.5,-0.377
T2707_1,67.0,0.038
T15306_2,311.6,0.553
T2707_2,256.3,-0.055
T15306_1,81.0,0.122
T15413_2,304.8,0.32
T2759_2,56.4,0.134
T9275_2,283.5,0.081
T9275_1,162.5,-0.062
T9091_1,281.7,0.097
T9170_1,7.2,0.481
T9210_1,19.5,0.417
T9210_2,303.2,0.51
T14784_2,339.7,0.663
T15636_1,22.5,0.595
T9234_2,346.3,0.403
T9240_2,67.9,0.278
T15631_2,307.1,0.226
T9170_2,275.2,0.056
T9178_2,104.1,-0.119
T9178_1,116.2,-0.298
T15417_1,157.3,-0.542
T9225_2,334.0,0.374
T9101_1,345.6,0.45
T15931_1,33.9,0.352
T14839_1,115.9,-0.109
T9101_2,318.1,0.226
T17779_2,247.0,-0.255
T9220_1,348.5,0.807
T9293_2,308.7,0.448
T9293_1,5.1,0.704
T15931_2,225.4,-0.547
T9091_2,320.8,0.317
T9220_2,324.6,0.588
T15402_2,284.5,0.079
T2723_2,351.9,0.462
T15402_1,30.8,0.112
T15400_1,26.0,0.428
T15636_2,317.2,0.332
T9234_1,68.3,0.304
L244_1,83.2,0.052
T14745_1,314.2,0.59
T9280_2,337.5,0.21
T9161_1,140.5,-0.691
T9230_2,329.6,0.481
T9230_1,101.4,-0.043
T15398_1,22.3,0.673
T9287_2,321.9,0.582
T9242_2,158.8,-0.103
T9287_1,113.5,-0.062
T9280_1,298.3,0.216
T9157_1,85.6,0.02
T9264_2,293.7,0.098
T9264_1,357.9,0.218
T9286_2,106.3,-0.058
T2724_1,35.1,0.171
T2724_2,284.7,0.067
T14746_1,346.6,0.805
T9272_2,8.9,0.349
T14746_2,258.3,-0.099
L246_3,331.4,0.767
L245_2,230.7,-0.228
T9237_2,19.3,0.796
L244_3,261.1,-0.045
L245_3,287.2,0.214
T17584_2,320.9,0.118
T17584_1,108.7,-0.173
T9274_1,73.5,0.039
T9198_2,331.3,0.358
T9032_1,15.0,0.556
T14785_1,123.4,-0.497
T9272_1,269.9,-0.001
T9198_1,58.8,0.402
T9140_2,355.2,0.337
T9294_1,16.1,0.598
T9294_2,255.0,-0.074
T15412_2,325.4,0.534
T2822_2,292.2,0.274
T2715_2,314.4,0.212
T2715_1,52.7,0.274
T9303_2,325.4,0.419
T9285_2,28.4,0.156
T2704_1,50.8,0.383
T2705_2,12.4,0.419
T9285_1,111.6,-0.128
T15416_1,144.1,-0.289
T2822_1,175.9,-0.652
T9297_1,287.8,0.097
T9327_2,183.2,-0.609
T9225_1,145.6,-0.362
T9303_1,92.6,-0.015
T9140_1,6.0,0.326
T9032_2,319.6,0.387
T9219_1,147.8,-0.722
T9219_2,171.4,-0.772
T15413_1,130.9,-0.236
T16009_1,316.3,0.612
T15305_2,305.1,0.5
T9271_1,311.5,0.618
T15305_1,75.5,0.209
T9306_2,286.4,0.081
T9306_1,39.4,0.253
T9309_2,58.1,0.14
T2702_1,60.3,0.456
T9284_2,343.9,0.278
T2702_2,283.1,0.134
T9307_1,355.4,0.305
T9307_2,287.9,0.118
T9298_2,319.9,0.129
T9267_2,293.7,0.091
T9316_1,25.4,0.686
T9267_1,350.0,0.182
T9318_2,13.7,0.561
T9305_1,26.6,0.118
T9295_2,357.4,0.654
T9295_1,40.4,0.357
T2704_2,250.9,-0.093
T9316_2,223.6,-0.212
T9312_2,309.6,0.409
T9312_1,34.4,0.43
T15408_1,344.5,0.267
T15398_2,228.9,-0.414
T2759_1,167.1,-0.232
T15930_1,59.1,0.357
T15930_2,258.9,-0.116
T14784_1,108.8,-0.264
T9240_1,90.4,-0.005
T17594_2,360.0,0.727
T9237_1,80.2,0.089
T14839_2,132.5,-0.182
T2701_1,46.0,0.453
T2701_2,290.0,0.26
T2723_1,357.5,0.182
T15400_2,235.5,-0.24
T9211_2,279.3,0.074
T9211_1,2.6,0.441
T9309_1,91.7,-0.007
T9299_1,359.2,0.72
T9305_2,350.5,0.368
T9221_1,339.6,0.512
T14745_2,293.0,0.182
T2650_2,313.4,0.229
T2650_1,45.9,0.318
T9270_2,214.2,-0.563
T9270_1,156.3,-0.396
L245_1,133.4,-0.13
T9256_2,255.1,-0.122
T9308_1,343.2,0.215
T9254_2,332.2,0.35
T9254_1,24.3,0.295
T9286_1,141.1,-0.371
T9299_2,337.0,0.461
T9318_1,17.3,0.392
T15415_2,343.0,0.697
T2705_1,231.4,-0.335
T16009_2,187.6,-0.741
T17602_2,338.8,0.681
T9152_1,349.3,0.461
T9192_2,312.1,0.371
T9192_1,334.4,0.436
T17601_1,38.0,0.342
T15399_1,25.8,0.239
T9266_1,295.7,0.13
T9266_2,333.6,0.246
T9245_1,174.9,-0.708
T9334_2,67.5,0.13
T9195_1,355.1,0.397
T9274_2,115.1,-0.047
T9271_2,293.1,0.342
T9308_2,327.3,0.527
T17852_2,283.5,0.111
T17602_1,142.9,-0.151
T9245_2,145.9,-0.363
T9327_1,174.4,-0.558
T15411_2,285.5,0.12
T9302_2,328.0,0.244
T9302_1,315.0,0.198
T9298_1,21.1,0.355
L254_3,48.6,0.236
T2840_1,122.3,-0.261
T9216_1,270.9,0.002
T9216_2,22.6,0.115
T9284_1,249.0,-0.066
T9273_1,330.0,0.213
T9335_2,354.6,0.691
T9152_2,301.9,0.276
T15412_1,172.7,-0.203
T15630_1,55.4,0.351
T9269_2,334.5,0.417
T9289_1,26.8,0.115
T17604_2,341.9,0.347
T9258_2,300.9,0.167
T9258_1,0.0,0.331
T9291_2,278.4,0.046
T9263_1,353.6,0.192
T9297_2,226.3,-0.044
T15409_2,325.3,0.431
T15630_2,321.4,0.364
T9273_2,282.2,0.082
T9333_2,288.9,0.187
T9311_2,276.6,0.055
T9311_1,110.6,-0.113
T9334_1,67.8,0.187
T2719_2,251.0,-0.233
T9291_1,333.9,0.191
T2719_1,135.6,-0.586
L246_1,68.8,0.14
T17601_2,223.6,-0.262
T9269_1,74.2,0.203
T9336_1,8.4,0.127
T14783_1,88.2,0.018
T14783_2,318.9,0.641
T9332_2,298.0,0.081
T9265_2,46.3,0.321
T9276_2,310.4,0.09
T9276_1,31.8,0.191
T9288_1,42.9,0.196
T9278_1,51.1,0.168
T9195_2,268.3,-0.019
T17852_1,58.4,0.347
T2840_2,204.8,-0.41
T9288_2,199.9,-0.198
T9335_1,218.1,-0.586
T9277_1,86.4,0.034
AC259_1,190.0,-0.084
T2773_2,344.4,0.485
T9319_1,25.5,0.346
T9332_1,152.5,-0.018
T9319_2,301.6,0.25
T9340_2,312.1,0.543
T15408_2,181.9,-0.417
T9279_1,45.7,0.461
T2775_2,335.1,0.3
T2774_2,346.3,0.46
T9323_2,335.6,0.427
T9323_1,31.8,0.196
T2772_2,323.1,0.665
T9338_2,294.7,0.346
T9338_1,13.0,0.77
T17594_1,190.3,-0.337
T9221_2,246.0,-0.31
T9363_1,,0.0
T15399_2,252.7,-0.102
T9263_2,275.6,0.014
AC259_3,215.6,-0.06
T9256_1,313.9,0.18
T16904_2,2.5,0.889
T15406_1,18.3,0.578
T9314_1,48.4,0.303
T2849_2,292.0,0.009
T9354_1,291.9,0.024
AC258_3,198.4,-0.179
T15411_1,185.0,-0.336
T9333_1,233.6,-0.128
T2703_2,326.1,0.575
T9320_1,22.4,0.313
AC259_2,178.8,-0.201
T9260_1,53.6,0.535
L246_4,332.4,0.208
L246_5,306.2,0.501
T9340_1,195.7,-0.421
T15415_1,150.0,-0.405
T2807_2,212.5,-0.404
T2807_1,172.2,-0.492
T9339_1,12.8,0.225
T15628_2,326.0,0.508
T9244_1,7.4,0.427
T9364_2,176.2,-0.501
T9260_2,33.6,0.738
T9314_2,216.2,-0.095
T2770_1,338.1,0.173
T9328_1,259.5,-0.092
T2776_2,9.6,0.504
T9328_2,261.3,-0.069
T9251_2,282.9,0.105
T9251_1,332.8,0.382
T2728_2,230.5,-0.427
T9247_1,342.0,0.442
L247_1,355.5,0.208
T9244_2,253.8,-0.228
L247_2,218.2,-0.084
T9289_2,303.6,0.047
T9247_2,323.6,0.323
T9320_2,249.1,-0.124
T2703_1,125.5,-0.418
T15628_1,84.9,0.065
T9348_2,144.4,-0.21
T9348_1,97.0,-0.081
T9301_1,324.9,0.534
T9265_1,119.3,-0.39
T17604_1,171.2,-0.557
T15422_2,274.1,0.011
T2769_2,348.3,0.299
T15422_1,14.4,0.508
T15406_2,203.6,-0.329
T9301_2,259.8,-0.106
T15404_2,328.3,0.304
T15405_1,2.0,0.395
L248_2,140.8,-0.048
T9349_2,337.8,0.462
T9324_2,208.7,-0.477
T15409_1,152.4,-0.417
T15407_2,313.2,0.116
T9345_2,305.6,0.128
T15410_1,12.4,0.348
T9324_1,158.6,-0.617
T9336_2,199.5,-0.331
L250_3,321.1,0.638
T15942_1,320.6,0.72
L248_1,129.5,-0.036
T9322_2,236.6,-0.373
T9282_2,268.2,-0.013
T9282_1,5.3,0.489
T15397_2,352.7,0.401
T2848_2,275.9,0.008
T9296_2,54.1,0.511
T2848_1,89.9,0.0
T9278_2,121.2,-0.149
L249_1,64.8,0.056
L249_2,5.3,0.01
T15940_2,330.2,0.692
T9361_1,140.8,-0.29
T9339_2,222.9,-0.324
T2692_1,338.2,0.4
T16695_2,314.7,0.359
T2692_2,290.0,0.143
T9322_1,215.5,-0.584
T9354_2,308.0,0.043
T15410_2,272.7,0.021
T2772_1,168.4,-0.492
T9350_2,314.5,0.311
T2773_1,248.1,-0.045
T9279_2,160.7,-0.817
T9277_2,185.4,-0.799
T9257_1,356.6,0.455
T2774_1,191.4,-0.427
T9257_2,336.8,0.364
T2727_2,239.5,-0.504
T9344_2,31.4,0.106
T9246_2,252.7,-0.221
T9246_1,331.8,0.311
T9344_1,11.1,0.068
T2728_1,203.6,-0.644
T9342_2,294.9,0.198
T9342_1,3.9,0.504
T2770_2,202.2,-0.537
T9356_1,28.5,0.387
T9356_2,4.7,0.327
T9321_1,22.8,0.499
T2720_2,284.8,0.212
T2741_2,307.6,0.32
T2720_1,2.1,0.423
T16693_2,310.2,0.468
T9357_2,356.6,0.829
T16688_1,350.8,0.455
T9290_2,274.5,0.02
T16904_1,94.7,-0.072
T9290_1,25.8,0.337
T2775_1,210.4,-0.221
T9346_2,295.9,0.024
T9358_1,357.0,0.936
T15935_1,325.6,0.592
T9268_2,232.8,-0.076
T15942_2,210.5,-0.75
T9268_1,188.7,-0.254
T16688_2,302.2,0.212
T9363_2,,0.0
T9304_1,338.9,0.484
T9146_1,355.9,0.532
T9146_2,308.0,0.289
T2722_2,328.6,0.531
T2806_1,189.2,-0.303
T2721_1,55.4,0.28
T9382_2,177.6,-0.52
T9313_2,355.5,0.341
T2721_2,262.7,-0.073
T2771_2,302.7,0.285
T9351_1,352.7,0.372
T9380_2,171.2,-0.319
T9351_2,270.7,0.004
T9346_1,343.9,0.014
T9382_1,144.6,-0.477
T2849_1,143.0,-0.168
L246_2,168.0,-0.844
T9283_2,319.8,0.367
T9345_1,240.8,-0.024
T9359_1,2.9,0.576
T9313_1,359.0,0.196
T15405_2,224.1,-0.026
T2717_2,14.8,0.808
T9226_1,24.7,0.696
T2717_1,59.1,0.43
T15935_2,226.0,-0.578
T2741_1,198.3,-0.646
T2725_2,330.2,0.43
T9361_2,169.5,-0.309
T9296_1,163.1,-0.661
T9364_1,185.9,-0.332
T9331_1,230.4,-0.13
T9331_2,348.8,0.155
T2806_2,224.6,-0.265
T2776_1,233.0,-0.117
T9304_2,200.0,-0.646
T15424_2,337.1,0.288
L247_3,291.7,0.145
T9226_2,303.3,0.218
T2737_2,253.5,-0.162
T9283_1,280.4,0.08
T15404_1,157.2,-0.327
T2743_2,253.6,-0.01
T2743_1,78.3,0.113
AC258_2,185.1,-0.357
T2769_1,189.7,-0.651
AC258_1,148.3,-0.13
T9350_1,270.5,0.002
T2753_2,20.7,0.042
T9347_2,268.5,-0.021
T9349_1,187.8,-0.387
T17595_1,23.5,0.611
T9353_1,51.0,0.331
AC257_1,80.4,0.131
T9353_2,334.3,0.449
T2699_2,11.3,0.519
T15407_1,168.3,-0.549
T2758_1,52.1,0.207
T9362_1,2.1,0.107
L250_2,315.1,0.145
T16693_1,254.4,-0.097
T15940_1,226.7,-0.558
T15397_1,179.9,-0.274
T17177_2,290.9,0.04
T17177_1,12.2,0.081
T2734_1,,0.0
T2832_2,331.2,0.264
T9366_2,345.9,0.746
L249_3,203.3,-0.709
T9321_2,319.4,0.094
T2734_2,,0.0
T2700_2,312.3,0.449
T9317_1,318.2,0.59
T16695_1,256.0,-0.093
T9357_1,188.0,-0.382
T9317_2,307.5,0.416
T2725_1,264.8,-0.031
T9365_1,2.8,0.878
T2699_1,78.9,0.034
T2727_1,201.4,-0.768
T15936_1,244.8,-0.277
T9366_1,153.5,-0.201
T2771_1,133.7,-0.143
T15939_1,347.2,0.741
T2656_2,287.7,0.188
T15937_1,292.8,0.34
T9358_2,208.7,-0.428
L251_1,180.5,-0.001
T15941_1,318.3,0.589
T9359_2,215.0,-0.288
T2656_1,56.3,0.145
T9235_1,348.1,0.763
T9235_2,353.6,0.834
L252_3,247.2,-0.044
T2726_1,345.8,0.436
T9362_2,192.4,-0.116
T15938_2,247.0,-0.292
T2730_1,86.6,0.057
T9326_1,9.3,0.645
T2739_2,350.8,0.425
T9391_1,98.1,-0.029
T2758_2,245.3,-0.12
T2726_2,272.2,0.016
T2730_2,103.0,-0.217
L252_2,197.7,-0.047
T16692_1,350.1,0.495
T2718_2,282.3,0.091
T2718_1,12.8,0.349
T2722_1,210.4,-0.544
T2737_1,180.3,-0.564
T9380_1,169.7,-0.378
T9405_2,211.3,-0.322
T9405_1,142.8,-0.233
T14643_2,319.8,0.15
T15937_2,216.8,-0.733
T15939_2,228.6,-0.511
T9365_2,283.5,0.097
T9347_1,241.2,-0.386
T9325_1,199.1,-0.697
T9367_1,25.9,0.169
AC245_3,113.6,-0.026
T9168_2,32.8,0.674
T9379_2,239.7,-0.154
T2753_1,169.9,-0.177
T9341_2,21.9,0.635
AC244_1,330.9,0.562
T9385_2,342.6,0.238
T9372_1,255.4,-0.135
T9372_2,355.7,0.309
T15424_1,166.7,-0.389
T16692_2,250.3,-0.163
T2833_2,353.8,0.248
L252_1,205.8,-0.207
T9391_2,171.1,-0.247
T9371_1,358.4,0.34
T9371_2,310.7,0.3
T9300_2,313.5,0.605
T17071_1,50.6,0.43
T2700_1,59.6,0.271
T9389_2,350.2,0.752
T16687_1,300.0,0.192
T9325_2,239.9,-0.446
T9300_1,53.4,0.308
T9375_2,328.0,0.172
T17595_2,205.0,-0.37
T9379_1,174.3,-0.453
T9341_1,48.6,0.523
T9168_1,59.6,0.437
T9385_1,179.5,-0.31
T2892_2,167.0,-0.289
T2892_1,136.8,-0.226
T2832_1,196.2,-0.117
T9390_2,282.6,0.064
T15933_1,347.9,0.295
T15938_1,175.5,-0.637
L250_1,154.9,-0.307
T2732_2,25.8,0.745
T9330_1,23.7,0.782
T16866_1,24.8,0.682
T2742_2,17.0,0.59
T2742_1,32.1,0.538
T9393_1,5.7,0.624
T2732_1,77.0,0.2
T15941_2,205.2,-0.747
L253_2,203.8,-0.094
T9375_1,304.9,0.079
T9399_2,345.5,0.463
T9389_1,204.0,-0.486
L253_1,22.9,0.338
T2752_2,330.5,0.291
T9378_2,294.5,0.049
T9378_1,21.6,0.713
T9330_2,264.6,-0.033
T9416_1,38.9,0.267
T9397_2,330.0,0.243
T9397_1,243.7,-0.24
T9393_2,216.0,-0.446
AC245_2,198.5,-0.402
L251_2,345.0,0.077
T16866_2,244.5,-0.303
T9326_2,69.0,0.212
T2781_2,133.3,-0.308
T2739_1,178.3,-0.538
T9400_1,337.7,0.512
T17070_1,28.8,0.573
T14782_2,351.4,0.514
T9360_1,72.2,0.081
T17070_2,250.5,-0.228
T9310_2,278.6,0.056
T9310_1,42.4,0.514
T16694_1,342.1,0.411
T14643_1,92.8,-0.015
T9404_1,327.6,0.424
T9404_2,279.1,0.056
T2735_1,16.2,0.341
T9390_1,193.1,-0.126
T9416_2,151.2,-0.344
T9343_1,306.5,0.229
T2754_1,3.5,0.297
T9370_1,22.8,0.62
T9370_2,302.4,0.197
T2746_2,248.9,-0.317
T2768_2,315.7,0.356
T2755_1,345.1,0.646
T2746_1,110.4,-0.25
L253_3,222.0,-0.025
T2748_2,7.8,0.507
T9367_2,292.9,0.076
T9407_1,357.0,0.651
T9408_2,332.9,0.553
T9396_1,184.7,-0.308
T9360_2,265.3,-0.032
T2733_1,73.2,0.22
T2731_2,52.0,0.507
T9376_1,222.1,-0.373
T9383_2,223.1,-0.438
T15929_2,286.5,0.229
T16694_2,292.1,0.132
T9396_2,227.5,-0.33
T2760_2,263.4,-0.015
T17071_2,272.0,0.029
T15304_1,68.7,0.262
T15304_2,300.8,0.421
T9383_1,194.8,-0.491
T9373_1,304.5,0.517
T9400_2,228.9,-0.362
T2733_2,295.8,0.162
T2754_2,199.9,-0.619
AC257_4,269.7,-0.002
T2735_2,230.9,-0.187
T9352_2,11.7,0.83
T9329_1,6.5,0.701
T9352_1,38.3,0.502
T9413_1,271.2,0.009
T14782_1,100.0,-0.104
T9398_2,265.2,-0.081
T9398_1,113.8,-0.373
T15302_1,83.6,0.09
T9384_2,255.8,-0.192
T16687_2,248.7,-0.164
T15401_2,245.6,-0.088
T15401_1,18.3,0.231
T16865_1,15.1,0.627
T9407_2,207.6,-0.538
T2833_1,208.0,-0.035
T2744_1,305.1,0.34
T9374_2,,0.0
T16865_2,257.1,-0.129
T2752_1,185.7,-0.437
T9373_2,298.5,0.458
T2760_1,176.3,-0.294
T9406_2,264.8,-0.04
T9374_1,,0.0
T9376_2,239.5,-0.348
T9381_1,184.9,-0.686
T2738_2,268.1,-0.019
T9381_2,278.7,0.122
T16686_1,8.4,0.583
T2738_1,57.0,0.484
T2750_2,287.8,0.165
T2750_1,178.0,-0.12
T9418_1,252.5,-0.186
T2747_2,254.8,-0.199
T16686_2,270.9,0.009
T15933_2,249.0,-0.14
T15929_1,211.6,-0.629
T9409_2,286.5,0.011
T2731_1,45.1,0.578
T9368_1,48.8,0.51
T9368_2,316.3,0.526
T16895_2,23.9,0.505
T2740_1,181.6,-0.706
T9329_2,321.3,0.628
T9355_2,267.3,-0.042
T2736_1,328.6,0.403
T16690_2,254.3,-0.221
T2781_1,157.1,-0.359
T9384_1,232.8,-0.487
T2768_1,158.8,-0.133
T9343_2,283.6,0.07
T9430_2,273.0,0.01
T9399_1,179.5,-0.576
T2745_1,117.5,-0.333
T2745_2,173.7,-0.543
T9395_2,233.8,-0.48
T2891_1,77.2,0.063
T2891_2,237.4,-0.269
T9432_2,34.1,0.162
AC245_1,274.7,0.007
T16690_1,45.6,0.648
T9448_1,90.9,-0.011
T9448_2,111.0,-0.178
T15950_1,160.2,-0.622
T15950_2,255.5,-0.218
T9355_1,186.9,-0.599
T17588_2,346.1,0.145
T17589_1,327.2,0.064
T9411_2,282.2,0.191
T9411_1,132.2,-0.601
T9369_1,243.3,-0.158
T9369_2,280.2,0.061
T9430_1,187.4,-0.23
T9387_1,100.5,-0.158
T9392_2,234.4,-0.458
T9450_1,88.2,0.028
T9420_2,277.5,0.021
T9433_2,224.6,-0.17
T2740_2,224.6,-0.617
T2749_2,310.8,0.292
T2749_1,94.3,-0.002
T17589_2,205.1,-0.153
T2751_2,23.6,0.497
T2777_1,56.7,0.389
T2755_2,172.5,-0.62
T2777_2,37.7,0.347
T2779_2,346.6,0.212
T9441_2,35.3,0.282
T2748_1,198.9,-0.678
T9392_1,236.0,-0.44
T9408_1,168.6,-0.786
T9409_1,244.0,-0.053
T9418_2,184.7,-0.551
T9420_1,109.7,-0.034
T9433_1,139.3,-0.256
T2767_1,328.2,0.27
T9395_1,222.2,-0.577
T2767_2,225.8,-0.439
T9413_2,207.9,-0.416
T2736_2,276.1,0.036
T9387_2,104.6,-0.208
T9406_1,218.4,-0.306
T2744_2,211.4,-0.58
T17590_1,331.8,0.225
T16895_1,105.6,-0.211
T2751_1,215.6,-0.256
T2780_1,94.6,-0.048
T2747_1,243.4,-0.343
T14723_2,328.4,0.576
T9432_1,174.4,-0.239
T9446_2,9.6,0.095
T17590_2,172.1,-0.243
T9412_1,107.2,-0.222
T17827_1,34.4,0.48
T9412_2,132.7,-0.501
T17588_1,208.9,-0.288
T9465_1,123.4,-0.179
L254_2,288.0,0.1
T9315_2,19.9,0.379
T9315_1,315.9,0.492
L257_1,324.7,0.119
T9386_2,2.0,0.826
T17810_1,44.1,0.549
T9415_2,252.0,-0.232
T9450_2,104.2,-0.212
T9435_2,264.5,-0.085
T9459_2,233.5,-0.265
T9459_1,166.6,-0.327
T9431_2,269.1,-0.006
T17810_2,346.0,0.662
T17827_2,295.5,0.349
T17603_1,22.2,0.317
T9403_2,13.0,0.31
T9403_1,38.3,0.555
T9431_1,146.5,-0.572
T9401_2,334.7,0.345
T9441_1,145.1,-0.279
T2821_2,276.4,0.047
L254_4,272.3,0.017
T2779_1,235.2,-0.066
AC257_2,149.5,-0.19
T2810_1,55.6,0.234
T9401_1,50.4,0.23
T2839_2,210.6,-0.204
T2839_1,95.9,-0.017
T9435_1,133.7,-0.624
T17587_2,209.6,-0.284
T17587_1,46.6,0.153
T14723_1,117.9,-0.369
T2805_1,177.5,-0.193
T9461_1,345.0,0.101
T9386_1,91.6,-0.019
T2805_2,199.8,-0.217
T9439_2,206.5,-0.448
T15949_2,247.6,-0.285
T2780_2,143.5,-0.445
T2821_1,172.9,-0.407
T2789_2,233.5,-0.212
T2826_1,172.1,-0.257
T2826_2,177.2,-0.437
T9337_2,283.7,0.17
T9402_1,334.0,0.63
T9337_1,20.2,0.242
T9424_2,302.1,0.052
T9447_1,58.7,0.064
T9439_1,182.7,-0.467
T9415_1,233.1,-0.456
T2827_1,165.1,-0.144
T9446_1,157.4,-0.146
T9483_2,194.8,-0.164
T9465_2,183.4,-0.289
T9447_2,276.0,0.021
T9425_1,160.3,-0.713
T9425_2,192.5,-0.755
T2766_2,230.5,-0.439
T2766_1,201.2,-0.626
T9468_1,105.2,-0.232
T9434_2,252.3,-0.188
T9461_2,219.2,-0.06
T9468_2,113.0,-0.265
T15949_1,194.9,-0.789
T17603_2,264.9,-0.028
T9424_1,67.8,0.057
T9377_2,47.9,0.415
T17851_1,54.3,0.457
L254_1,83.8,0.037
T16864_1,38.5,0.592
T9452_2,256.2,-0.223
T9452_1,117.8,-0.415
T2761_2,237.3,-0.485
T9427_2,18.4,0.378
AC257_3,195.1,-0.368
T2761_1,195.8,-0.666
T2795_2,240.9,-0.077
T2795_1,131.8,-0.083
T2794_1,2.3,0.942
T17851_2,289.0,0.174
T9455_2,174.9,-0.949
T9455_1,120.9,-0.465
T17593_1,342.4,0.207
T9453_2,223.6,-0.253
T9427_1,77.6,0.103
T9377_1,73.8,0.228
T16864_2,256.2,-0.152
T9414_1,171.9,-0.735
T9414_2,244.5,-0.364
T9434_1,190.0,-0.665
AC440_6,297.8,0.141
T9453_1,225.6,-0.254
T9388_2,16.5,0.775
T9388_1,28.6,0.748
T15629_2,275.5,0.071
T15629_1,79.5,0.133
T2757_2,221.5,-0.395
T2757_1,147.4,-0.324
T9484_2,333.2,0.29
T9484_1,4.3,0.373
T9429_1,343.2,0.333
T2778_1,103.1,-0.028
T2785_1,41.3,0.599
T2785_2,3.1,0.641
T2784_2,272.8,0.04
T9402_2,288.2,0.221
T9421_2,15.4,0.755
T2810_2,192.5,-0.078
T2794_2,138.8,-0.332
T9423_2,309.2,0.333
T2764_1,318.2,0.218
T2789_1,219.5,-0.216
T9423_1,30.5,0.787
T2783_1,32.4,0.258
T9417_1,1.1,0.441
T9426_2,312.9,0.334
T17778_1,30.6,0.715
T2783_2,284.1,0.076
T9426_1,4.7,0.475
T9419_2,303.8,0.118
T9419_1,97.0,-0.036
T17586_2,11.3,0.208
T9464_1,255.8,-0.189
T2764_2,243.4,-0.234
T17775_1,318.1,0.395
T2827_2,191.8,-0.319
T9483_1,197.2,-0.234
T17778_2,243.2,-0.288
T9481_2,273.1,0.024
T2787_2,273.2,0.039
T14780_1,96.0,-0.059
T14780_2,323.7,0.495
T9428_2,34.2,0.367
T17593_2,206.4,-0.101
L255_1,317.5,0.139
T2831_2,242.3,-0.178
T9481_1,156.4,-0.167
T16860_1,31.5,0.638
T2786_2,34.5,0.665
T17775_2,257.8,-0.099
T17586_1,187.4,-0.193
T2787_1,190.4,-0.687
T9492_1,322.5,0.269
T16860_2,238.4,-0.265
T2831_1,221.1,-0.158
T9429_2,337.6,0.357
T9463_2,265.6,-0.06
T2786_1,92.5,-0.023
T2756_1,5.5,0.165
T9428_1,136.3,-0.425
T9493_1,354.2,0.578
T17591_2,1.9,0.182
T9421_1,79.4,0.141
T9463_1,242.5,-0.316
L256_2,339.9,0.528
T9464_2,223.5,-0.603
T9492_2,293.8,0.077
T9493_2,288.5,0.148
AC208_4,335.2,0.043
T2678_2,253.3,-0.022
T2784_1,271.3,0.018
T2778_2,128.2,-0.152
T9499_2,333.6,0.157
T9440_2,205.5,-0.668
T9499_1,166.9,-0.101
T9454_1,22.2,0.368
T9470_1,93.4,-0.029
T9454_2,250.8,-0.143
T9417_2,206.5,-0.624
T9470_2,181.9,-0.172
T9480_2,71.4,0.195
T9445_2,340.7,0.251
T9436_1,326.3,0.251
T9445_1,65.6,0.146
L255_2,197.4,-0.128
T9495_2,331.8,0.321
T9501_1,344.2,0.609
T2788_2,310.4,0.225
T9496_1,15.9,0.101
T9505_2,29.5,0.128
T9422_2,296.0,0.28
T17776_2,284.0,0.15
T9496_2,29.6,0.133
T17776_1,20.4,0.615
T9508_1,32.2,0.467
T2792_2,63.8,0.234
T16863_1,83.1,0.072
T2678_1,31.7,0.056
T9505_1,343.4,0.264
T16863_2,300.3,0.349
T2920_2,318.3,0.227
T2788_1,113.5,-0.073
T9482_2,243.3,-0.386
T9422_1,251.9,-0.25
T9472_2,310.8,0.151
T9472_1,321.1,0.189
T16861_2,280.2,0.15
T16861_1,58.4,0.476
T2790_2,279.1,0.092
T2920_1,204.7,-0.615
T9535_2,177.8,-0.429
T9535_1,165.1,-0.311
T9534_1,134.7,-0.081
T9476_2,234.8,-0.546
T9512_1,86.7,0.006
T9512_2,220.1,-0.095
L256_1,129.8,-0.007
T9476_1,173.4,-0.697
T9440_1,195.9,-0.746
T2765_2,339.7,0.301
T9438_1,259.9,-0.061
T9438_2,339.6,0.259
T9521_2,162.0,-0.517
T9443_2,251.9,-0.233
T9500_1,317.2,0.2
T9511_2,355.1,0.509
T17813_1,89.9,0.002
T9444_2,294.8,0.055
T2804_2,193.9,-0.364
T9488_2,63.7,0.313
T9469_1,40.4,0.113
T9394_2,308.5,0.205
T9506_1,345.1,0.226
T16691_1,336.6,0.316
T9394_1,38.8,0.631
T2756_2,165.6,-0.285
T2792_1,107.6,-0.223
T9436_2,303.8,0.166
T17813_2,310.5,0.474
T9444_1,57.4,0.06
T2804_1,202.3,-0.624
T9508_2,156.7,-0.301
T9500_2,291.4,0.147
T9482_1,162.7,-0.793
T17591_1,188.9,-0.209
T2790_1,262.1,-0.103
T9501_2,205.4,-0.476
T9410_1,11.7,0.34
T17850_2,299.6,0.228
T9487_2,286.6,0.037
T9479_1,20.5,0.401
T9410_2,293.7,0.17
T2800_2,342.8,0.44
T9443_1,205.9,-0.669
T9550_2,235.5,-0.16
T17850_1,70.1,0.242
T9497_1,17.3,0.613
T9497_2,4.2,0.405
T9550_1,106.6,-0.031
T9537_2,325.7,0.268
T17849_1,59.1,0.396
T9495_1,189.0,-0.186
T17849_2,302.9,0.473
T9469_2,345.6,0.063
T16691_2,274.5,0.03
L256_3,191.9,-0.603
T9530_1,33.5,0.11
T9480_1,99.1,-0.121
T9460_1,9.5,0.33
T9494_2,254.1,-0.212
T9521_1,160.1,-0.334
L257_3,300.3,0.129
T9536_1,167.9,-0.636
T9536_2,275.0,0.05
T9519_1,321.5,0.237
T9449_1,351.4,0.505
T9519_2,267.0,-0.017
T9449_2,301.0,0.214
T9532_2,350.5,0.578
T9477_1,0.7,0.347
T9515_2,331.8,0.226
T9442_2,341.0,0.39
L257_4,285.5,0.213
T9466_1,308.0,0.182
T17846_2,306.9,0.501
T17846_1,98.9,-0.119
T9532_1,22.3,0.234
T9487_1,91.7,-0.011
T9504_1,208.0,-0.637
T17777_2,289.2,0.133
T17777_1,28.6,0.529
T2763_2,230.4,-0.491
T2763_1,337.0,0.209
T9442_1,252.2,-0.113
T9533_1,75.3,0.116
T2765_1,226.4,-0.47
T9471_2,304.2,0.24
T9533_2,250.0,-0.054
T9539_2,22.3,0.585
T9489_1,159.4,-0.27
T9466_2,278.5,0.077
T9534_2,149.1,-0.16
T9478_1,76.2,0.199
T9489_2,205.5,-0.746
T2919_2,309.5,0.298
T2919_1,140.1,-0.442
T17610_2,315.0,0.19
T9488_1,89.4,0.008
T2820_1,154.3,-0.463
L258_2,44.2,0.047
T2762_1,305.5,0.175
T9479_2,198.4,-0.045
T9462_2,225.7,-0.62
T9462_1,180.5,-0.785
T2762_2,224.7,-0.475
T9477_2,350.7,0.341
T2825_1,185.4,-0.591
T2825_2,198.6,-0.528
T2820_2,282.3,0.088
T9511_1,181.1,-0.476
T9514_2,290.1,0.086
L257_2,126.4,-0.457
T2809_1,21.3,0.411
T9514_1,94.8,-0.016
T9506_2,299.5,0.085
T9504_2,240.3,-0.396
T9451_2,311.1,0.149
T9458_1,61.7,0.05
L258_1,325.6,0.249
T9526_1,126.8,-0.393
T9458_2,312.3,0.099
T9573_2,203.1,-0.411
T9570_1,183.1,-0.56
T9503_1,100.5,-0.12
T9478_2,100.9,-0.141
T9494_1,258.8,-0.143
T9503_2,220.0,-0.585
T9467_1,3.2,0.647
T2800_1,164.6,-0.354
T9526_2,149.1,-0.398
T17592_1,34.4,0.347
T17592_2,273.5,0.003
T2927_2,316.0,0.307
T9485_1,322.7,0.392
T2918_1,4.4,0.094
T9485_2,314.2,0.334
T9548_1,223.2,-0.166
T9573_1,187.3,-0.287
T9537_1,189.6,-0.302
T16684_1,345.8,0.424
T9554_2,235.5,-0.131
T9562_1,78.5,0.042
T16684_2,282.8,0.108
L259_2,318.1,0.048
T2809_2,208.1,-0.22
T17610_1,150.9,-0.346
T9539_1,32.9,0.268
T9545_2,300.0,0.104
T9530_2,185.2,-0.393
T2814_2,335.1,0.152
T9475_2,330.6,0.345
T9460_2,286.8,0.069
T9557_2,238.6,-0.152
T2841_1,151.6,-0.102
T2841_2,206.1,-0.083
T9557_1,217.4,-0.081
T9549_1,159.8,-0.356
T2838_1,300.0,0.044
T9467_2,282.9,0.082
T9555_1,181.8,-0.631
T9555_2,199.9,-0.515
L258_3,286.6,0.07
T9515_1,293.0,0.095
L259_1,339.7,0.026
T9549_2,240.6,-0.061
T9471_1,244.5,-0.333
T9562_2,159.9,-0.179
T9437_2,15.1,0.435
T14799_1,51.1,0.287
T17774_1,42.9,0.585
T17774_2,254.7,-0.159
T14799_2,324.9,0.513
T9502_2,337.4,0.429
T9575_2,163.8,-0.249
T2927_1,150.0,-0.555
AC440_5,175.2,-0.088
T9502_1,270.8,0.005
T9556_1,220.6,-0.159
T2926_2,304.9,0.291
T9475_1,247.2,-0.14
T9580_2,299.5,0.116
T9563_2,243.6,-0.297
T9580_1,95.5,-0.032
T9563_1,200.9,-0.508
T15303_1,95.5,-0.078
T15303_2,294.1,0.338
T9451_1,95.0,-0.007
T9520_2,235.5,-0.407
T9575_1,107.2,-0.04
T9520_1,195.4,-0.724
T9510_1,49.3,0.417
T17812_2,303.7,0.395
T9510_2,288.6,0.252
T2796_2,251.7,-0.228
T17178_1,341.7,0.118
T2793_1,326.3,0.244
T2793_2,273.8,0.03
T9490_1,342.5,0.408
T17772_2,284.7,0.198
T9541_2,258.3,-0.012
T2797_2,305.2,0.237
T9538_1,339.0,0.405
T17772_1,41.7,0.643
T9548_2,198.3,-0.424
T17647_1,32.5,0.147
T9546_2,248.2,-0.068
T9546_1,38.6,0.247
T9541_1,31.9,0.228
T16682_2,317.0,0.272
T9545_1,172.9,-0.162
T9490_2,257.0,-0.12
T17611_2,316.3,0.225
T2797_1,28.0,0.437
T17848_2,299.5,0.247
T17848_1,60.6,0.243
T2796_1,208.7,-0.542
T9473_1,330.4,0.222
T9570_2,188.9,-0.649
T9601_1,159.9,-0.147
T9558_1,196.4,-0.359
T17611_1,164.4,-0.148
T9602_1,207.4,-0.07
T9437_1,125.0,-0.398
T9605_2,142.2,-0.068
T9605_1,91.8,-0.022
T9604_2,229.5,-0.266
T9527_1,338.0,0.397
T9571_1,23.2,0.037
T14649_1,75.8,0.087
T14649_2,290.2,0.073
T9527_2,321.7,0.301
T9558_2,187.7,-0.74
T9473_2,274.1,0.042
T9610_2,215.9,-0.751
T9610_1,185.9,-0.727
T2918_2,218.4,-0.377
T9601_2,237.7,-0.134
T9579_2,53.7,0.096
T9581_1,322.9,0.343
T9554_1,175.3,-0.482
T9498_2,263.3,-0.047
T9498_1,11.7,0.727
T2814_1,207.2,-0.06
T17812_1,81.5,0.113
T2926_1,112.8,-0.099
T9538_2,298.5,0.184
T9540_1,91.6,-0.024
T9616_1,129.8,-0.092
T9594_2,248.5,-0.23
T17647_2,240.2,-0.059
T9517_2,258.4,-0.148
T9603_1,326.3,0.204
T9486_1,4.8,0.63
L259_3,226.3,-0.253
T16682_1,280.8,0.058
T17773_2,270.5,0.006
T17773_1,35.3,0.641
T9590_2,246.1,-0.095
T17847_2,285.1,0.177
T2799_1,297.4,0.299
T9576_1,107.5,-0.173
T9594_1,172.5,-0.74
T9531_2,255.3,-0.174
T17609_1,167.8,-0.197
T17609_2,295.2,0.17
T9509_2,229.3,-0.495
T17847_1,56.4,0.285
T9509_1,228.7,-0.52
T9565_2,247.3,-0.227
T9524_1,1.4,0.853
T9565_1,216.7,-0.389
T9574_2,320.6,0.288
T9574_1,312.6,0.218
T9556_2,213.4,-0.223
T9593_2,319.5,0.248
T2830_2,284.4,0.161
T9523_2,64.6,0.382
T16897_1,90.0,0.0
T9613_2,199.4,-0.268
T2799_2,270.8,0.007
T9507_1,76.7,0.111
T14798_1,5.9,0.437
T9507_2,316.8,0.565
T9588_1,8.6,0.291
T17178_2,242.0,-0.043
T9571_2,238.6,-0.066
T17607_2,325.9,0.245
T9524_2,281.1,0.175
T2802_1,320.5,0.718
T17608_1,320.7,0.42
T9568_2,5.2,0.239
T9568_1,70.5,0.104
T9598_2,208.5,-0.45
T9474_2,341.9,0.429
T16685_2,312.9,0.262
T9474_1,2.4,0.565
T9620_1,296.8,0.2
T9567_2,301.7,0.071
T9567_1,346.0,0.16
T9588_2,320.7,0.304
T2802_2,278.2,0.113
T9625_1,303.8,0.102
T9599_2,205.7,-0.159
T16897_2,311.7,0.441
T2824_2,227.7,-0.486
T9576_2,135.6,-0.342
T9598_1,168.8,-0.474
T17607_1,166.2,-0.256
T9613_1,133.0,-0.333
T9540_2,108.0,-0.236
T2801_2,327.8,0.438
T9525_2,333.9,0.487
T9522_1,107.7,-0.23
T9614_2,257.5,-0.036
T9552_2,341.0,0.201
T9552_1,1.7,0.383
T9611_2,5.2,0.324
T9517_1,264.5,-0.075
T2801_1,36.5,0.233
T9612_2,333.3,0.254
T2896_2,188.7,-0.291
T9578_2,240.9,-0.063
T9578_1,181.5,-0.087
T9486_2,337.8,0.456
T9621_1,143.3,-0.119
T9544_2,289.5,0.101
T9544_1,78.1,0.032
T2830_1,175.7,-0.568
T9602_2,205.6,-0.147
T17608_2,199.2,-0.21
T2847_2,228.9,-0.053
T14798_2,77.3,0.089
T9604_1,204.6,-0.334
T9589_2,332.3,0.317
L263_5,275.0,0.077
T9616_2,184.8,-0.28
T9586_1,228.8,-0.219
T9589_1,354.4,0.199
T2896_1,120.4,-0.247
T9518_1,17.6,0.644
T2811_2,276.1,0.094
T9522_2,10.2,0.394
T9518_2,256.6,-0.054
T9621_2,146.4,-0.216
T9614_1,131.8,-0.119
T9523_1,60.4,0.45
T2803_2,242.8,-0.359
T9456_2,248.4,-0.066
T2847_1,150.5,-0.182
T17612_2,332.1,0.36
T9581_2,240.8,-0.125
L263_2,358.7,0.742
T2813_2,49.2,0.395
T17174_1,51.8,0.124
T9579_1,169.5,-0.375
T17613_1,334.5,0.282
T2803_1,234.6,-0.442
T9525_1,98.4,-0.104
T16685_1,298.8,0.138
T9531_1,227.4,-0.539
T16725_1,337.1,0.644
T9542_1,24.9,0.63
T2824_1,189.2,-0.744
T9542_2,250.9,-0.205
T2811_1,249.2,-0.328
T9603_2,286.2,0.02
T9631_1,190.3,-0.676
T9641_1,154.8,-0.12
T9590_1,219.8,-0.264
T9639_2,197.7,-0.499
T9637_2,217.9,-0.487
L260_4,280.1,0.051
T16723_2,307.3,0.471
T16862_1,68.0,0.257
T9528_2,304.4,0.147
T2924_1,148.4,-0.177
T2924_2,297.4,0.212
T16862_2,253.9,-0.207
T9593_1,315.7,0.273
AC440_1,161.9,-0.097
T17858_1,61.2,0.228
T9491_2,341.0,0.325
L260_1,65.6,0.107
T9634_2,120.6,-0.126
T16730_1,318.0,0.378
T9620_2,280.4,0.045
T9625_2,345.1,0.279
T17858_2,275.3,0.065
T9586_2,230.9,-0.335
T9599_1,174.5,-0.414
T9553_1,235.8,-0.488
T2813_1,104.4,-0.179
L260_3,267.7,-0.014
T9491_1,70.2,0.242
T2791_2,236.6,-0.278
T2791_1,339.3,0.294
T2818_2,220.7,-0.451
T16725_2,190.9,-0.707
L261_3,235.5,-0.319
L261_2,245.2,-0.086
T2818_1,183.3,-0.709
T9645_2,259.1,-0.093
T9645_1,169.4,-0.252
T9543_1,334.8,0.4
T9611_1,121.1,-0.06
T9561_1,284.0,0.186
T9612_1,222.2,-0.059
AC208_1,26.2,0.02
T16723_1,160.0,-0.578
T2823_1,169.2,-0.802
T9651_1,255.7,-0.148
T16730_2,240.0,-0.208
T17174_2,241.0,-0.094
T2857_1,115.8,-0.178
T2857_2,224.7,-0.412
T9528_1,235.6,-0.195
T9513_2,233.8,-0.249
T9543_2,302.8,0.181
L262_2,271.5,0.003
T16683_2,283.1,0.098
T2819_1,332.9,0.53
T16683_1,335.8,0.214
T2829_2,254.8,-0.16
T9513_1,68.9,0.038
L263_3,352.7,0.261
T9650_1,121.0,-0.151
T17612_1,164.2,-0.235
T9457_1,86.3,0.006
T9569_2,334.1,0.109
T9569_1,68.4,0.027
T14797_1,39.5,0.364
T9551_2,12.5,0.364
T17613_2,189.4,-0.311
L263_1,99.9,-0.127
T9639_1,189.3,-0.486
L262_3,217.1,-0.462
T2816_2,299.4,0.342
T14797_2,289.1,0.284
L262_1,186.6,-0.405
T2834_1,195.6,-0.583
T9456_1,163.9,-0.121
T9631_2,198.5,-0.66
T9457_2,322.7,0.072
T2819_2,272.8,0.015
T9551_1,103.9,-0.141
T2844_1,2.8,0.265
T2844_2,260.7,-0.048
T17614_2,332.5,0.403
T2834_2,207.9,-0.529
T9641_2,230.8,-0.282
T9637_1,204.0,-0.461
T9553_2,203.3,-0.811
T2823_2,191.8,-0.848
T2816_1,188.4,-0.265
T17867_1,28.1,0.34
T17867_2,299.3,0.241
T9560_2,62.0,0.379
T9584_1,69.3,0.202
T9561_2,260.3,-0.146
T9560_1,57.7,0.389
T16729_1,23.2,0.773
T9663_2,274.1,0.055
L264_1,87.7,0.004
T2858_1,94.6,-0.029
T9624_2,338.6,0.239
T9624_1,43.1,0.281
T9659_2,281.6,0.081
T16728_1,279.6,0.067
L265_2,311.0,0.168
L261_1,148.2,-0.716
T9582_1,71.6,0.242
T9591_1,100.8,-0.159
T2828_1,358.1,0.356
T2828_2,300.8,0.346
T9634_1,156.0,-0.283
L264_2,241.5,-0.006
T17866_2,345.9,0.74
T9564_2,221.1,-0.629
L260_2,240.9,-0.106
T9659_1,289.7,0.033
L266_1,296.4,0.007
T16729_2,223.6,-0.435
T16728_2,233.0,-0.239
T2812_1,29.8,0.352
T2837_1,63.5,0.238
T2895_1,110.3,-0.216
T9577_2,238.1,-0.429
T2895_2,190.1,-0.419
T9651_2,170.3,-0.715
T14724_1,64.2,0.314
T9559_2,27.6,0.743
T9559_1,40.6,0.632
T9572_2,212.6,-0.423
T9572_1,206.3,-0.285
T9564_1,208.2,-0.743
T9632_1,125.8,-0.212
T9627_2,329.6,0.166
T9627_1,35.2,0.11
L263_4,220.0,-0.648
T17183_1,24.9,0.101
T9632_2,105.8,-0.117
T9591_2,166.0,-0.509
T9629_2,272.4,0.025
T9597_2,274.5,0.063
T2837_2,137.0,-0.491
T9650_2,145.9,-0.251
T2829_1,191.9,-0.704
T14724_2,286.7,0.21
T2815_1,336.9,0.316
T2782_2,310.0,0.561
L267_1,307.3,0.105
T9629_1,229.2,-0.164
T2817_1,288.6,0.146
T2782_1,33.7,0.566
T9657_2,187.0,-0.475
T9657_1,184.0,-0.667
T2812_2,330.1,0.621
T9672_1,127.3,-0.447
T9669_2,328.4,0.522
T9628_1,38.2,0.284
T9628_2,264.8,-0.014
T17614_1,156.1,-0.163
T9663_1,187.5,-0.763
T9577_1,202.1,-0.813
T9584_2,162.0,-0.396
T17771_1,61.2,0.408
AC244_4,161.0,-0.115
T9646_1,18.2,0.15
T9646_2,251.7,-0.195
AC243_1,10.4,0.239
T9688_1,130.6,-0.172
T9582_2,114.2,-0.314
T2815_2,207.9,-0.487
T17866_1,132.2,-0.367
T17585_1,67.9,0.073
T9566_2,8.3,0.472
T17796_1,319.4,0.553
T9566_1,18.8,0.701
T17771_2,243.4,-0.345
T9670_1,100.1,-0.08
T9597_1,211.2,-0.788
T17796_2,269.3,-0.011
T17585_2,256.5,-0.045
T2858_2,196.0,-0.447
L266_2,216.3,-0.485
T9688_2,215.9,-0.55
L265_1,67.3,0.105
T9673_2,66.8,0.158
T2851_1,287.0,0.189
T9592_1,17.2,0.852
T14741_1,43.5,0.587
T9662_2,346.0,0.245
T9676_1,330.0,0.275
T9680_2,287.4,0.062
L268_2,7.6,0.077
T9662_1,342.7,0.29
T15635_2,261.6,-0.108
T9592_2,85.0,0.077
T15635_1,65.6,0.341
T9547_1,338.9,0.414
T14741_2,289.6,0.243
T9547_2,309.6,0.295
L268_1,83.3,0.051
AC244_3,223.7,-0.425
T9600_2,196.1,-0.43
T9618_2,225.0,-0.572
T2853_1,292.0,0.29
T9672_2,149.9,-0.599
T9670_2,150.5,-0.381
T2852_2,318.8,0.246
T9669_1,234.1,-0.144
T2855_1,174.0,-0.712
T2855_2,188.6,-0.594
L267_2,198.4,-0.5
T2863_2,333.0,0.543
T2863_1,15.8,0.764
T2860_2,290.9,0.196
T2817_2,191.2,-0.573
T17183_2,243.4,-0.077
T9600_1,195.9,-0.828
T9678_1,156.2,-0.332
T9678_2,186.0,-0.309
T9681_2,281.8,0.04
T9660_2,255.6,-0.054
T9679_2,143.2,-0.063
T9679_1,127.6,-0.191
T2851_2,242.9,-0.269
T9711_2,250.9,-0.208
T9711_1,167.1,-0.638
T9712_1,98.5,-0.109
T9660_1,344.7,0.356
T9682_2,319.0,0.223
T9643_2,235.5,-0.496
T9673_1,114.1,-0.177
T9647_2,358.1,0.239
T9681_1,158.0,-0.247
T9721_2,218.9,-0.407
T14846_1,71.8,0.221
T2925_2,303.8,0.209
T2850_2,12.9,0.767
T9692_2,193.0,-0.115
L268_3,229.6,-0.522
T9698_2,245.8,-0.201
T9529_1,10.3,0.492
T9666_2,289.5,0.142
T9666_1,306.5,0.087
T9703_2,315.8,0.267
T9615_1,160.9,-0.666
T9635_1,101.6,-0.125
T9622_2,231.1,-0.355
T9712_2,171.8,-0.435
T16896_1,53.6,0.45
T9721_1,204.3,-0.459
T9615_2,175.7,-0.77
T9617_1,67.6,0.288
T9667_1,5.4,0.357
T16896_2,302.7,0.432
T9713_2,217.8,-0.502
T9698_1,183.0,-0.654
T9700_1,113.4,-0.3
T2852_1,114.7,-0.204
T9682_1,201.7,-0.403
T9680_1,170.9,-0.316
T9700_2,153.6,-0.614
T9692_1,145.1,-0.258
T9618_1,194.9,-0.792
T9676_2,329.6,0.268
T9693_1,331.4,0.485
AC244_2,133.2,-0.069
T2850_1,116.2,-0.327
T17182_1,36.6,0.094
T2860_1,198.1,-0.57
AC208_5,308.7,0.028
T9685_1,282.9,0.014
T2854_1,157.8,-0.586
T9644_1,33.1,0.286
T14739_1,60.2,0.393
T14739_2,319.6,0.526
T9644_2,38.0,0.249
T9683_2,285.2,0.069
T9595_2,38.8,0.667
T9690_2,271.1,0.004
T9654_1,279.2,0.051
T2854_2,196.5,-0.743
T9686_2,279.0,0.093
T17644_1,25.6,0.061
T15610_2,308.6,0.508
T9683_1,118.3,-0.165
T9649_2,186.7,-0.744
T14846_2,214.2,-0.545
T9585_1,338.4,0.594
T2853_2,238.1,-0.414
T14738_2,352.1,0.869
T9622_1,223.4,-0.43
T9585_2,313.5,0.579
T9686_1,26.1,0.311
T9640_1,10.7,0.418
T9640_2,337.7,0.443
T14738_1,57.0,0.46
T2925_1,139.2,-0.407
L293_10,331.9,0.284
T9636_1,165.3,-0.654
T9619_1,344.9,0.494
T9617_2,74.4,0.227
T15610_1,80.4,0.112
T2835_1,310.7,0.407
T9703_1,192.4,-0.164
T9713_1,180.1,-0.601
T17642_2,3.5,0.164
T9643_1,245.7,-0.353
AC208_3,337.6,0.271
T9690_1,133.3,-0.168
T9595_1,54.0,0.548
T2894_1,117.8,-0.35
T9701_1,341.5,0.463
L269_2,293.3,0.124
T9636_2,173.9,-0.692
T9647_1,146.4,-0.354
L270_2,338.1,0.078
T9649_1,202.1,-0.691
T9694_1,190.2,-0.492
T17606_2,322.0,0.305
T9664_2,290.7,0.047
T9664_1,250.3,-0.093
T9654_2,266.3,-0.038
T9619_2,334.0,0.383
T9694_2,175.0,-0.101
T9725_2,260.8,-0.077
T2894_2,177.2,-0.326
T9723_1,171.2,-0.623
T9723_2,189.4,-0.7
L269_1,99.6,-0.049
T9529_2,249.4,-0.106
T17182_2,280.7,0.025
T2859_2,261.2,-0.069
T16724_2,216.2,-0.43
T16724_1,17.0,0.785
T9635_2,112.0,-0.165
T9583_2,80.6,0.004
T9583_1,63.4,0.043
T9667_2,201.0,-0.502
T9756_2,183.7,-0.339
T9693_2,289.9,0.067
T9623_2,339.5,0.144
T9596_2,343.8,0.433
T9596_1,92.5,-0.032
T9708_2,229.7,-0.123
T9766_1,164.4,-0.309
T14801_1,38.2,0.306
T9766_2,191.8,-0.305
T9689_2,350.1,0.35
T9696_1,46.9,0.498
T17811_2,294.7,0.326
T9696_2,288.1,0.234
T9719_1,18.0,0.211
T9719_2,262.0,-0.025
T2835_2,254.0,-0.202
T9685_2,201.3,-0.716
T9708_1,111.5,-0.172
T9623_1,298.6,0.115
T9652_2,20.2,0.601
T14740_1,49.8,0.468
T17644_2,224.0,-0.254
T2859_1,221.0,-0.346
T17623_2,342.3,0.256
T14740_2,295.1,0.36
T2798_1,5.9,0.532
T2798_2,329.4,0.48
T9689_1,66.3,0.151
L293_12,342.0,0.092
T9748_1,88.4,0.015
T9753_2,338.2,0.371
T9699_2,330.7,0.435
T9699_1,355.7,0.386
T9737_2,301.5,0.195
T17623_1,134.8,-0.236
T9655_2,337.5,0.204
T9655_1,347.2,0.175
T9633_2,347.5,0.113
T17606_1,161.9,-0.333
T14801_2,290.8,0.269
T2878_1,40.6,0.324
T9691_1,349.7,0.187
T9652_1,64.4,0.333
T9756_1,119.2,-0.214
T9671_2,277.9,0.12
T16879_2,267.4,-0.025
L269_3,321.1,0.187
T9738_1,111.0,-0.101
T16879_1,47.9,0.493
T9653_1,300.5,0.283
T15301_2,298.1,0.372
T9638_1,20.4,0.6
AC208_2,278.0,0.015
T9738_2,286.6,0.094
T9737_1,294.6,0.152
T9668_2,238.0,-0.329
T9767_1,34.7,0.11
T17642_1,226.3,-0.327
T9751_1,336.0,0.314
T16903_1,50.3,0.494
T9648_2,53.2,0.49
T9653_2,267.8,-0.027
T9668_1,222.3,-0.44
T9725_1,51.9,0.024
L270_1,126.3,-0.303
T9701_2,212.0,-0.554
T9762_1,35.2,0.23
T9762_2,66.7,0.071
T17811_1,89.1,0.013
T16874_2,271.6,0.023
T16874_1,31.7,0.538
T2856_1,32.4,0.194
T9684_2,299.5,0.318
T9758_1,9.4,0.058
T9736_1,343.0,0.097
T9728_2,322.3,0.152
T9785_1,204.7,-0.204
T2881_1,338.6,0.407
T9765_1,48.5,0.136
T9763_2,307.2,0.136
T9638_2,312.0,0.437
T9648_1,75.7,0.215
T9677_2,331.8,0.121
T16727_2,246.2,-0.307
T16727_1,50.7,0.38
T9728_1,115.5,-0.083
T9677_1,134.4,-0.254
T9626_2,322.1,0.488
T9661_1,17.6,0.62
T15301_1,93.3,-0.045
T2856_2,273.7,0.015
T9661_2,320.4,0.535
T9765_2,185.3,-0.126
T16873_1,30.4,0.676
T9684_1,260.6,-0.104
T16873_2,235.6,-0.4
T14736_2,291.7,0.313
T9656_1,341.7,0.567
T9671_1,269.7,-0.005
T17624_2,321.4,0.256
T16903_2,274.1,0.063
T9656_2,299.4,0.434
T14736_1,53.8,0.409
T9732_1,108.7,-0.21
T9732_2,344.1,0.113
T9754_1,13.8,0.517
T9771_2,336.2,0.316
T9675_1,173.2,-0.785
T2878_2,26.8,0.299
T9675_2,193.3,-0.764
T9739_1,325.3,0.241
T9767_2,248.6,-0.035
T2865_1,334.2,0.477
T9674_2,311.3,0.385
T9674_1,328.9,0.589
T9733_2,267.2,-0.036
T9748_2,122.2,-0.309
T9626_1,59.3,0.189
T2870_1,279.8,0.095
T9753_1,334.5,0.229
T17818_1,87.0,0.038
T9780_1,95.0,-0.032
T9726_2,349.3,0.479
T2871_2,294.3,0.28
T9780_2,272.5,0.012
T17818_2,297.2,0.413
T9739_2,262.0,-0.013
T9755_1,55.2,0.188
T9705_2,340.2,0.416
T9744_1,80.5,0.033
T9778_2,102.3,-0.038
T9797_2,265.1,-0.043
T9705_1,323.7,0.441
T9691_2,330.2,0.03
T2836_1,298.8,0.411
T14656_2,322.5,0.656
T9717_1,107.3,-0.134
T9717_2,45.0,0.387
T9785_2,219.7,-0.584
T9744_2,224.9,-0.269
T9747_1,3.7,0.489
T9799_1,329.2,0.257
T9784_1,79.5,0.068
T9706_1,17.9,0.823
T9706_2,299.2,0.314
T14656_1,39.9,0.622
T9804_1,114.9,-0.152
T9771_1,133.4,-0.091
T9720_2,306.2,0.374
T9751_2,237.3,-0.078
T17631_2,329.1,0.284
T9697_2,29.4,0.609
T9658_1,28.0,0.452
T2882_1,8.7,0.346
T9695_2,307.6,0.338
T9707_1,3.8,0.504
T9804_2,168.0,-0.586
T9754_2,267.9,-0.012
T14735_2,269.0,-0.015
T14735_1,39.9,0.547
T9747_2,316.7,0.323
T9697_1,70.7,0.275
T9758_2,172.2,-0.043
T2870_2,240.5,-0.363
T2881_2,211.6,-0.214
T14800_2,5.2,0.477
T9736_2,212.4,-0.205
T17797_1,10.8,0.544
T9763_1,225.9,-0.119
T9783_1,28.5,0.205
T9783_2,328.3,0.332
T9798_2,357.7,0.272
T2874_2,358.1,0.357
T2877_2,321.9,0.184
T2877_1,35.4,0.159
T9740_2,30.5,0.712
T15311_1,64.3,0.364
T9658_2,35.9,0.402
T15311_2,317.7,0.589
T9743_2,286.0,0.186
T9633_1,217.1,-0.085
T17797_2,260.7,-0.124
T9726_1,110.1,-0.295
T9807_2,175.6,-0.36
T9807_1,85.5,0.006
T9718_1,336.3,0.205
T9718_2,314.3,0.205
T9761_2,312.0,0.313
T17624_1,163.5,-0.386
T2836_2,283.1,0.201
T2875_2,334.4,0.38
T9733_1,204.9,-0.648
T9695_1,78.4,0.098
T14734_1,7.8,0.599
T9642_2,49.3,0.588
T9642_1,54.9,0.472
T9752_1,16.1,0.118
T9752_2,281.0,0.04
T2921_2,216.2,-0.315
T2921_1,146.2,-0.387
T9772_2,280.5,0.043
T2865_2,289.7,0.182
T14800_1,74.9,0.156
T15653_2,259.7,-0.128
T15653_1,60.4,0.286
T9778_1,345.7,0.427
T2882_2,215.1,-0.328
T9715_2,310.9,0.223
T9715_1,338.0,0.093
T2875_1,165.7,-0.215
L271_2,112.2,-0.009
T2871_1,258.6,-0.095
T2873_2,236.5,-0.386
T9714_2,318.7,0.379
T14734_2,259.3,-0.161
T9755_2,103.5,-0.134
T9796_2,236.1,-0.266
T9796_1,193.7,-0.315
T16726_1,39.3,0.439
T9687_2,353.0,0.531
T9687_1,32.5,0.463
T9799_2,243.4,-0.116
T9797_1,185.0,-0.524
T9743_1,244.8,-0.284
T2864_1,283.8,0.117
T9784_2,125.2,-0.177
L271_1,280.4,0.13
T9837_1,172.7,-0.378
T9836_1,279.1,0.043
T9836_2,304.9,0.116
T9837_2,230.2,-0.222
T9740_1,70.2,0.246
T9838_1,171.9,-0.391
T9810_2,314.9,0.092
T9814_1,287.6,0.119
T9761_1,102.5,-0.065
T9782_2,288.4,0.168
T9782_1,57.6,0.253
T9720_1,60.9,0.122
T9790_2,223.7,-0.207
T9838_2,109.9,-0.11
T9793_2,345.9,0.392
T9820_1,344.1,0.403
T9793_1,106.4,-0.034
T9790_1,180.3,-0.337
T9810_1,114.4,-0.147
T17631_1,152.8,-0.388
T9803_2,240.6,-0.163
T9803_1,214.6,-0.466
T9806_2,244.6,-0.233
T9806_1,84.6,0.035
L272_2,124.1,-0.021
T2842_1,37.4,0.605
T9707_2,216.5,-0.175
AC243_4,165.7,-0.148
T9742_2,32.3,0.666
T16722_1,359.1,0.628
T9702_2,353.4,0.611
T9702_1,30.6,0.411
T9724_2,42.4,0.622
T2866_1,52.5,0.341
T9787_1,86.8,0.021
L272_1,5.5,0.367
T2876_1,246.0,-0.28
L293_7,52.3,0.171
T2874_1,136.5,-0.172
T9746_2,69.3,0.174
AC242_3,306.2,0.515
T9818_1,157.7,-0.187
T2866_2,341.2,0.326
T2842_2,352.1,0.685
T9805_2,321.1,0.136
L293_13,257.1,-0.017
T9787_2,156.9,-0.414
T9798_1,177.3,-0.461
T15651_1,53.0,0.334
T9773_1,341.1,0.583
L273_2,219.8,-0.175
T9811_1,148.0,-0.453
T9731_1,326.1,0.169
L274_3,233.1,-0.413
T9730_2,262.5,-0.04
T9811_2,195.3,-0.355
T2876_2,281.5,0.126
T9730_1,250.8,-0.096
T9817_2,194.5,-0.389
AC243_3,230.4,-0.412
T15385_2,331.7,0.605
T9829_1,168.3,-0.339
T2873_1,228.4,-0.441
T16726_2,226.6,-0.492
T9724_1,73.0,0.237
T2869_1,74.8,0.184
T9750_2,45.8,0.549
T2869_2,326.6,0.385
T9820_2,197.9,-0.653
T9805_1,161.7,-0.166
T2922_2,312.7,0.274
T9817_1,159.9,-0.542
L274_2,132.4,-0.233
T2893_2,228.0,-0.281
T2893_1,97.3,-0.071
T9772_1,84.6,0.035
L275_2,81.5,0.009
L275_3,265.6,-0.045
T9714_1,283.2,0.093
T9864_2,215.8,-0.535
T9839_2,325.3,0.331
T16722_2,209.0,-0.522
T2867_2,321.5,0.486
T9749_1,27.5,0.361
T9829_2,196.8,-0.446
T9860_2,300.8,0.361
T15385_1,93.4,-0.048
AC243_2,317.4,0.231
AC209_1,13.1,0.07
T2867_1,82.5,0.081
T9860_1,204.8,-0.327
T2922_1,172.2,-0.596
T9710_2,319.0,0.23
T17868_1,56.9,0.259
T9818_2,113.9,-0.039
T9749_2,345.2,0.321
T16878_1,42.2,0.585
T9742_1,34.4,0.498
T2729_2,303.1,0.28
T2729_1,43.5,0.457
T16721_1,30.0,0.467
T15651_2,236.2,-0.366
T9864_1,173.4,-0.446
T16878_2,250.5,-0.224
T9847_1,232.7,-0.279
T9734_2,192.5,-0.773
T9814_2,297.5,0.108
T9734_1,210.4,-0.712
T2864_2,244.6,-0.13
T9710_1,80.8,0.109
T9746_1,77.6,0.164
T2886_1,293.5,0.272
T17186_2,280.8,0.14
T9731_2,271.6,0.006
T9773_2,224.1,-0.604
T9827_1,20.0,0.124
T9821_2,294.4,0.378
T9821_1,290.2,0.293
T16721_2,246.0,-0.313
L276_2,18.1,0.005
T9878_2,273.7,0.047
T2890_1,122.4,-0.4
T9827_2,269.0,-0.005
T17868_2,276.5,0.082
T2890_2,301.3,0.194
T17622_1,348.4,0.316
T9823_2,217.4,-0.395
T9823_1,30.9,0.343
T9871_2,214.4,-0.216
T9857_1,327.5,0.332
T9750_1,88.5,0.019
T9873_2,262.9,-0.092
T9816_2,355.1,0.616
T9816_1,26.1,0.466
T14737_1,52.4,0.489
T14737_2,296.6,0.365
T9819_1,348.0,0.409
T9850_2,272.5,0.005
L275_1,260.5,-0.118
L273_1,147.4,-0.598
T17629_2,324.2,0.215
T17622_2,175.4,-0.435
T17620_2,333.1,0.139
T17621_1,15.1,0.408
T9884_1,133.9,-0.133
T9774_1,57.3,0.441
T9847_2,215.2,-0.373
T15650_1,61.6,0.306
T15384_2,15.9,0.646
T9835_2,286.6,0.063
T9835_1,333.7,0.255
T2887_1,346.6,0.258
T9760_2,15.9,0.64
T9716_1,9.8,0.483
T9857_2,165.1,-0.207
T17620_1,161.7,-0.475
T9760_1,30.5,0.385
T9709_2,316.4,0.281
T9709_1,39.2,0.429
T9776_2,354.7,0.515
T9819_2,2.0,0.595
AC209_2,319.9,0.137
T16731_1,345.6,0.314
T15650_2,270.3,0.004
L277_1,58.6,0.051
T16731_2,225.9,-0.426
L278_1,233.3,-0.012
T9777_2,319.6,0.271
T9722_2,319.4,0.313
T9722_1,13.1,0.437
T16719_2,323.6,0.504
T9741_2,329.2,0.305
T17186_1,137.2,-0.545
T9716_2,307.6,0.155
T2902_2,342.1,0.334
T9839_1,157.2,-0.261
T17621_2,207.5,-0.274
T2889_2,318.2,0.205
T2888_1,46.5,0.056
L274_1,224.0,-0.332
T9775_2,283.6,0.105
T9875_1,325.4,0.137
T9777_1,17.9,0.22
T9776_1,262.2,-0.032
T9889_2,311.0,0.141
T9873_1,179.5,-0.673
T9861_1,324.6,0.137
T9898_2,243.6,-0.028
T2888_2,323.5,0.124
T9764_2,34.2,0.538
T9779_1,28.2,0.289
T9877_2,246.8,-0.106
T9779_2,300.2,0.309
T16719_1,219.3,-0.456
L278_2,27.4,0.189
T2883_2,324.0,0.353
T14665_1,37.8,0.31
T9844_2,316.2,0.506
T9898_1,84.6,0.007
T9844_1,6.6,0.396
T2901_1,337.0,0.357
T9884_2,187.2,-0.323
T9786_2,297.2,0.021
T9786_1,45.1,0.151
T14665_2,289.9,0.228
T9881_1,253.3,-0.099
T2883_1,34.1,0.202
T2923_2,312.1,0.357
T9851_1,343.8,0.296
T2886_2,174.8,-0.683
T9741_1,64.5,0.077
T2862_1,262.3,-0.019
T9788_1,5.7,0.18
T2862_2,288.4,0.054
T9877_1,236.7,-0.123
T9876_2,0.4,0.317
T9764_1,32.3,0.516
T9878_1,260.7,-0.108
L279_2,285.5,0.01
L279_1,357.5,0.287
T9788_2,328.4,0.237
T2923_1,148.3,-0.381
T2902_1,183.7,-0.394
T9729_2,14.5,0.252
T9871_1,196.8,-0.305
T9861_2,234.9,-0.099
T9801_2,339.0,0.7
T2887_2,329.9,0.263
T9850_1,215.5,-0.116
T17629_1,160.0,-0.473
T9867_1,251.0,-0.201
T15384_1,120.9,-0.321
T9867_2,248.8,-0.195
T9774_2,104.9,-0.207
T9801_1,55.1,0.401
T9906_1,219.9,-0.077
T9794_1,12.6,0.066
T9769_1,100.7,-0.087
T9727_2,265.5,-0.009
T9851_2,211.0,-0.343
T9759_1,0.5,0.056
T9727_1,17.2,0.089
T9879_2,90.3,-0.002
L277_2,346.9,0.076
T9825_2,264.5,-0.051
T9862_1,13.5,0.629
T14663_1,44.7,0.239
T2868_2,327.1,0.228
T9876_1,139.5,-0.46
T9794_2,299.1,0.063
T9915_1,171.4,-0.63
T9926_2,259.8,-0.1
T9825_1,37.9,0.341
T9769_2,11.4,0.103
T9934_2,284.5,0.232
T2889_1,4.3,0.279
T9906_2,30.7,0.181
L284_3,334.4,0.04
T14663_2,277.1,0.088
T9775_1,217.0,-0.669
T9881_2,160.8,-0.387
T9927_1,259.9,-0.105
T9875_2,198.7,-0.098
T2868_1,93.2,-0.042
T9934_1,136.3,-0.559
T9872_2,220.6,-0.1
T9872_1,90.9,-0.011
T9863_1,322.7,0.4
T9889_1,102.0,-0.022
T9896_1,14.7,0.753
T9868_2,312.7,0.337
T9868_1,40.9,0.474
T9840_2,25.6,0.581
T2901_2,194.9,-0.305
T9893_1,303.8,0.111
L279_3,253.6,-0.107
T9808_1,171.6,-0.184
T9853_2,274.1,0.048
T2899_2,278.5,0.091
T9808_2,132.6,-0.045
T16720_1,354.3,0.438
T16720_2,220.9,-0.545
L280_2,238.7,-0.024
T9815_2,355.9,0.409
T9815_1,34.5,0.389
T9916_2,296.6,0.144
T9862_2,248.9,-0.206
T9834_1,19.3,0.084
T9916_1,138.2,-0.368
L280_3,350.4,0.225
T9789_1,8.9,0.462
T9757_2,11.7,0.439
T9900_2,258.3,-0.017
T9923_2,250.0,-0.167
T9880_2,216.5,-0.173
T9745_2,335.1,0.628
T9863_2,270.5,0.004
T2917_2,258.1,-0.13
T2947_1,329.4,0.681
L276_1,288.2,0.076
T9781_2,284.4,0.085
T16717_1,310.2,0.296
T9781_1,28.1,0.373
T9840_1,107.6,-0.215
T2898_2,296.5,0.41
T9745_1,59.7,0.339
T9759_2,240.8,-0.04
T15594_2,322.2,0.66
T9800_1,18.0,0.665
T9853_1,182.2,-0.163
T9809_1,14.2,0.338
T17865_2,322.2,0.249
T17865_1,86.1,0.042
T15594_1,14.6,0.81
T9768_1,51.5,0.441
T9768_2,344.9,0.633
T9665_2,356.3,0.502
T9896_2,210.7,-0.682
T9729_1,243.4,-0.077
T2929_2,245.4,-0.136
T9848_1,94.6,-0.056
T16877_2,261.5,-0.092
T16877_1,50.3,0.462
T9812_1,277.2,0.016
T9770_2,284.4,0.173
T9802_1,21.6,0.366
T9927_2,249.0,-0.274
T9800_2,299.3,0.364
T9915_2,189.1,-0.502
T14844_1,82.0,0.093
T9856_1,79.5,0.123
T9856_2,355.5,0.583
T2903_1,29.0,0.231
T9802_2,259.0,-0.15
T2897_1,40.9,0.093
T9770_1,20.9,0.345
T2897_2,338.6,0.374
T9789_2,237.1,-0.149
T2903_2,300.6,0.092
T15599_2,303.3,0.367
T9831_1,338.7,0.6
T15599_1,51.1,0.481
T2900_2,250.9,-0.248
T9900_1,186.4,-0.178
T9848_2,99.2,-0.079
T9890_2,318.4,0.157
T9890_1,321.8,0.059
T9826_2,254.9,-0.015
T9826_1,327.6,0.1
T9630_2,327.9,0.144
T9630_1,127.3,-0.014
T17617_2,334.5,0.233
L284_1,19.3,0.121
T9880_1,263.6,-0.043
T2915_1,328.4,0.155
T2929_1,136.2,-0.218
T9841_1,137.0,-0.549
T9841_2,9.3,0.797
T9854_1,4.4,0.496
T9919_2,257.4,-0.129
T9865_1,286.2,0.165
T9919_1,186.3,-0.709
T9940_2,297.6,0.113
T9924_1,190.3,-0.566
T14843_1,3.4,0.742
T9735_2,327.3,0.651
T9735_1,359.1,0.607
L281_4,355.7,0.311
T9913_1,325.9,0.547
T9911_1,332.5,0.791
T9888_1,357.1,0.486
T9888_2,295.7,0.164
T9923_1,150.9,-0.545
T9809_2,282.7,0.153
T9924_2,211.8,-0.473
T14841_1,42.5,0.577
T17630_1,347.2,0.22
T14842_2,7.1,0.793
T9911_2,240.2,-0.37
L281_1,10.8,0.535
T9892_2,342.2,0.642
T9907_1,38.7,0.618
T9892_1,30.2,0.595
T9930_2,356.7,0.574
T9920_2,198.6,-0.365
T14844_2,241.5,-0.373
T9926_1,218.6,-0.394
T14842_1,111.6,-0.252
T2900_1,176.7,-0.489
T17643_1,19.8,0.368
T2884_2,296.9,0.171
T9920_1,85.8,0.043
L280_1,202.4,-0.152
T9887_1,296.6,0.415
T9879_1,97.8,-0.03
T2917_1,87.5,0.015
T9899_1,222.3,-0.578
T2899_1,218.3,-0.472
T9846_2,276.3,0.072
T9846_1,23.8,0.408
T9917_2,301.1,0.208
T9905_1,310.4,0.379
T9828_1,25.1,0.339
T9905_2,269.8,-0.002
T9870_1,79.6,0.112
T9849_2,68.2,0.156
T2879_1,60.7,0.408
T2879_2,337.3,0.258
L281_2,322.6,0.019
T9845_1,358.9,0.547
T9849_1,76.1,0.133
T9951_1,91.1,-0.011
T17627_2,284.1,0.097
T17619_1,5.9,0.376
T9757_1,76.9,0.176
T14664_1,111.3,-0.239
T14664_2,287.0,0.222
T9843_2,3.8,0.27
T2898_1,188.5,-0.821
T9893_2,220.8,-0.279
T9869_1,320.2,0.524
T9899_2,232.4,-0.453
T9917_1,202.1,-0.486
T9834_2,228.4,-0.126
T2904_1,92.5,-0.036
T2904_2,354.5,0.69
T17627_1,124.8,-0.235
T9824_2,262.3,-0.046
T9824_1,32.9,0.638
T15595_1,41.6,0.659
T2934_1,324.2,0.091
T15595_2,311.2,0.559
T9951_2,91.6,-0.024
T2843_1,7.2,0.551
T16717_2,219.6,-0.443
T2935_2,307.6,0.101
T9907_2,231.2,-0.524
T9897_2,6.8,0.737
T16718_1,350.6,0.376
T9831_2,337.1,0.408
T2884_1,120.4,-0.2
T15604_2,309.8,0.519
T9885_1,300.2,0.446
T17643_2,191.3,-0.115
T9845_2,315.4,0.254
T2947_2,197.4,-0.677
T9947_2,72.4,0.121
T17625_1,88.4,0.008
T17625_2,272.0,0.006
T9843_1,106.3,-0.231
T17617_1,186.8,-0.39
T9865_2,254.1,-0.195
T9961_2,265.1,-0.069
T9961_1,258.1,-0.124
T15604_1,32.5,0.674
T9858_2,352.1,0.735
T15366_1,87.2,0.026
T9874_1,54.8,0.368
T9954_2,270.4,0.005
T9954_1,309.2,0.166
T9859_1,328.7,0.383
T9913_2,196.6,-0.543
T9949_2,290.5,0.067
T9665_1,62.5,0.21
T9931_2,241.4,-0.404
T9812_2,218.1,-0.523
T9944_2,266.2,-0.015
T9854_2,253.5,-0.038
T9922_1,16.8,0.175
L283_1,12.1,0.335
T2933_2,1.1,0.193
L282_1,83.2,0.03
AC440_2,159.9,-0.09
T17618_2,332.8,0.169
T2843_2,317.8,0.356
T16902_1,31.2,0.674
T9937_1,29.5,0.268
T9937_2,238.7,-0.099
T9822_2,29.4,0.641
T9950_2,313.6,0.187
T9795_2,38.0,0.282
T14841_2,194.2,-0.788
L282_2,61.4,0.012
T9813_2,345.0,0.31
T9813_1,23.3,0.628
T2937_1,64.3,0.022
T9922_2,197.6,-0.273
T16711_1,14.0,0.594
T17619_2,190.8,-0.439
T2909_2,316.3,0.619
T2937_2,258.0,-0.023
T9822_1,37.4,0.6
T2909_1,12.5,0.774
T2915_2,235.4,-0.169
T9792_1,3.6,0.726
T9792_2,335.3,0.716
T15310_2,324.8,0.66
T9828_2,247.7,-0.336
T9885_2,295.7,0.322
T9940_1,119.6,-0.119
T14843_2,158.2,-0.684
T16900_1,71.9,0.239
T2885_2,27.2,0.658
T9870_2,102.6,-0.129
T9858_1,85.6,0.055
T9944_1,171.9,-0.136
T9975_2,234.0,-0.2
T17630_2,189.5,-0.279
T17618_1,170.9,-0.364
T9930_1,312.3,0.161
T9887_2,282.1,0.17
AC440_3,181.6,-0.268
AC440_4,179.0,-0.146
AC209_3,244.8,-0.074
T16900_2,309.8,0.426
T15366_2,312.4,0.396
T16902_2,278.6,0.123
T14733_1,108.8,-0.254
T9894_2,313.8,0.318
T14733_2,352.2,0.787
T2935_1,176.9,-0.06
T9947_1,90.4,-0.005
L281_3,218.4,-0.101
T9859_2,305.2,0.253
T9966_2,83.5,0.025
T15642_2,251.1,-0.264
T15642_1,39.6,0.461
T2885_1,49.2,0.463
T9909_1,329.1,0.194
T9869_2,290.2,0.173
T16872_2,271.7,0.018
T16872_1,50.4,0.476
T15310_1,87.3,0.037
T9931_1,210.0,-0.529
T2934_2,203.2,-0.121
T9949_1,118.5,-0.161
T9886_2,310.0,0.19
T9912_1,14.2,0.126
T9976_1,200.6,-0.087
T9976_2,339.6,0.186
T9874_2,85.7,0.034
T9897_1,103.5,-0.139
T15649_1,21.6,0.593
T2872_2,348.1,0.743
T2872_1,114.7,-0.324
T17626_2,319.4,0.071
T17628_1,347.2,0.258
T9925_1,119.2,-0.062
T2986_2,3.2,0.116
T9938_2,281.8,0.074
T16718_2,211.9,-0.474
T9925_2,192.4,-0.144
T16711_2,214.7,-0.474
T9855_2,283.2,0.177
T9855_1,2.0,0.249
T2936_2,65.0,0.063
T9795_1,81.3,0.059
T2933_1,141.9,-0.153
T2986_1,149.6,-0.172
T9912_2,215.5,-0.093
T9894_1,232.6,-0.136
T9902_1,298.7,0.282
T9866_1,11.2,0.477
T9852_2,308.1,0.287
T9952_2,325.0,0.077
T9852_1,357.2,0.41
T9975_1,194.1,-0.441
T2932_2,273.9,0.043
T9950_1,141.9,-0.178
T9955_2,322.7,0.622
T9955_1,342.1,0.721
T17626_1,159.8,-0.341
T9866_2,282.0,0.074
L282_3,187.2,-0.152
T17817_2,300.8,0.455
T9945_2,27.0,0.518
T17817_1,102.2,-0.171
T15649_2,232.3,-0.476
T9886_1,109.2,-0.044
T9942_1,312.3,0.516
T15309_2,348.2,0.671
T16712_2,246.4,-0.198
T9942_2,342.0,0.764
T16712_1,30.9,0.576
T9965_1,129.2,-0.239
T15309_1,87.8,0.033
T17628_2,202.4,-0.345
T2948_2,260.7,-0.024
T9883_2,274.7,0.008
T9883_1,64.5,0.252
T9882_1,31.9,0.066
T9966_1,116.8,-0.154
T9882_2,273.9,0.009
T15307_1,81.0,0.133
T15307_2,348.4,0.866
T9918_2,49.5,0.576
T9933_2,303.6,0.223
T9933_1,4.4,0.402
T2936_1,119.3,-0.077
T9965_2,164.9,-0.189
T2906_1,340.2,0.07
T3038_2,237.1,-0.175
T14654_1,57.0,0.038
T9979_2,184.6,-0.195
T9909_2,240.4,-0.409
T2880_2,319.6,0.271
T17789_1,3.3,0.401
T17646_2,261.5,-0.055
T2880_1,67.1,0.349
T9928_2,350.8,0.314
T9928_1,331.7,0.226
T9936_2,263.7,-0.051
T9936_1,0.7,0.627
T9946_2,298.0,0.367
T2957_2,324.0,0.484
T2955_2,351.6,0.794
T2846_2,310.0,0.098
T9704_1,82.8,0.03
T2846_1,349.3,0.13
T3038_1,142.4,-0.315
T2958_2,338.5,0.588
T17789_2,278.2,0.076
T9967_2,346.6,0.46
T9967_1,341.3,0.365
T9901_2,57.3,0.385
T16901_1,48.8,0.448
T2916_2,251.6,-0.109
T9945_1,110.8,-0.329
T2916_1,90.9,-0.004
T9908_1,216.2,-0.493
T9902_2,268.3,-0.024
T14845_1,28.1,0.62
T17635_2,51.5,0.074
T2948_1,162.0,-0.171
T9938_1,239.3,-0.186
T2905_2,349.8,0.745
T16710_2,272.3,0.026
T16710_1,26.8,0.49
T17639_1,324.1,0.089
T9929_2,7.7,0.107
T9929_1,343.4,0.085
T9832_2,346.0,0.183
T9904_1,66.3,0.234
T9953_2,291.8,0.252
T9830_2,318.1,0.141
T9830_1,38.8,0.143
T14730_2,9.9,0.583
T9904_2,23.5,0.54
T17646_1,68.2,0.124
T9946_1,169.6,-0.854
T17636_1,57.7,0.448
T9901_1,78.8,0.14
T17636_2,230.8,-0.413
T9979_1,145.9,-0.064
T9971_1,323.8,0.675
T9833_2,311.4,0.098
T9833_1,0.3,0.233
T9952_1,189.0,-0.185
T9939_1,98.4,-0.108
T9987_2,326.5,0.089
T2946_2,246.4,-0.288
T9995_1,332.1,0.496
T2932_1,235.2,-0.388
T17638_2,206.6,-0.021
T2931_1,332.9,0.246
T16716_2,252.1,-0.169
T16716_1,15.1,0.31
T2930_2,350.8,0.196
T2943_2,289.8,0.14
T16901_2,292.5,0.25
T9932_1,217.3,-0.47
T9953_1,194.3,-0.664
T9995_2,325.6,0.382
T9908_2,236.8,-0.436
T9842_1,66.4,0.246
T9842_2,342.8,0.791
T2942_1,330.4,0.739
T9914_1,188.9,-0.76
T9914_2,225.7,-0.549
L283_2,300.1,0.13
T14731_2,23.0,0.64
T9832_1,108.1,-0.113
T2906_2,284.1,0.013
T2954_2,287.2,0.075
T2955_1,199.3,-0.488
T9918_1,70.8,0.253
T2905_1,103.0,-0.151
T15591_1,49.6,0.437
T15591_2,313.9,0.567
T14845_2,169.7,-0.633
L284_2,304.7,0.115
T9987_1,238.7,-0.057
T17639_2,246.4,-0.037
T9932_2,215.6,-0.6
T9971_2,307.9,0.461
T2952_2,289.2,0.176
T2946_1,186.3,-0.631
T9960_1,345.2,0.678
T15603_2,292.1,0.273
T9962_2,79.1,0.113
T9960_2,317.6,0.618
T16876_2,260.0,-0.103
T2952_1,163.6,-0.297
T16876_1,32.4,0.644
T2957_1,195.3,-0.317
T9704_2,316.1,0.283
T9973_2,292.4,0.108
T9973_1,35.7,0.08
T2938_1,53.1,0.366
T10010_2,312.3,0.312
T9943_1,39.4,0.439
T9985_1,260.3,-0.117
T17638_1,112.2,-0.022
T15374_1,60.5,0.254
T10019_2,271.9,0.001
T9943_2,86.2,0.036
T2958_1,210.1,-0.256
T2942_2,300.3,0.246
T9941_2,233.4,-0.346
T9972_1,145.6,-0.05
T9972_2,264.6,-0.008
L293_2,32.3,0.102
T9997_1,346.2,0.347
T17635_1,216.5,-0.052
T9939_2,134.9,-0.513
T15601_2,1.5,0.879
T9910_1,342.6,0.753
T14732_1,55.4,0.321
T14732_2,359.1,0.633
T9957_2,344.3,0.676
T14730_1,115.2,-0.355
T10016_1,86.6,0.032
T10036_1,2.7,0.481
T9969_2,325.1,0.158
T10025_1,302.7,0.049
T17616_2,324.8,0.103
T2953_2,335.9,0.189
T15374_2,272.3,0.029
T10015_2,332.9,0.615
T9910_2,318.4,0.289
T9959_2,277.2,0.071
T9959_1,51.9,0.382
T9948_1,44.1,0.575
T17799_1,42.7,0.522
T2939_2,0.1,0.817
T9969_1,122.1,-0.059
T2945_2,252.3,-0.208
T2931_2,304.2,0.088
T9948_2,329.2,0.174
T2949_2,285.3,0.134
T9941_1,225.4,-0.508
T2956_1,324.3,0.135
T10032_2,294.3,0.039
T2930_1,293.9,0.051
T14731_1,110.0,-0.219
T10027_2,283.7,0.104
T2943_1,230.6,-0.263
T9963_1,226.2,-0.491
T17799_2,327.1,0.26
T2939_1,60.7,0.265
T10021_1,93.1,-0.003
T9993_2,58.3,0.121
T9991_1,314.4,0.525
T9997_2,239.6,-0.2
T10034_2,253.5,-0.076
T9963_2,264.8,-0.058
T9977_2,45.2,0.622
T17795_1,43.6,0.596
T10016_2,143.3,-0.344
T2954_1,181.5,-0.294
L283_3,172.4,-0.258
T9968_2,263.6,-0.06
T15603_1,55.3,0.323
T15601_1,106.5,-0.251
T17795_2,272.9,0.018
T10013_2,189.5,-0.221
T10013_1,175.3,-0.166
T2949_1,155.8,-0.428
T9921_2,293.1,0.154
T9921_1,358.7,0.432
T10036_2,281.4,0.031
T9956_1,1.5,0.361
T2978_2,276.6,0.041
T2978_1,302.1,0.04
T10011_1,222.0,-0.343
T2951_1,319.2,0.504
L285_3,337.2,0.419
T10034_1,213.3,-0.264
T9968_1,242.4,-0.348
T3037_1,95.5,-0.038
T3037_2,245.2,-0.199
L284_4,307.1,0.002
T9974_2,245.3,-0.245
T17616_1,164.0,-0.221
T10020_2,259.2,-0.064
T17615_2,266.6,-0.008
T17634_1,305.9,0.021
T10041_1,273.4,0.03
T15373_1,30.4,0.562
T15373_2,275.8,0.03
T9891_1,21.0,0.329
T9935_2,4.0,0.314
T2941_1,32.6,0.408
T2941_2,321.6,0.5
T10008_1,343.4,0.301
T9983_1,28.5,0.672
T9962_1,48.3,0.257
T9956_2,311.4,0.266
T9978_2,262.9,-0.093
T9993_1,122.8,-0.178
T10010_1,249.6,-0.167
T2938_2,97.3,-0.055
T2956_2,271.7,0.023
T9891_2,256.4,-0.203
T17864_2,287.1,0.114
T17864_1,78.6,0.152
T9903_1,15.0,0.203
T9985_2,229.5,-0.335
T9935_1,8.6,0.34
T10023_1,241.0,-0.275
T10019_1,109.5,-0.016
T10011_2,141.9,-0.176
T2951_2,285.9,0.144
T2953_1,199.8,-0.206
T9957_1,107.0,-0.205
T10027_1,226.8,-0.312
T9992_1,46.1,0.466
T2945_1,229.6,-0.375
T2944_1,256.1,-0.16
T10017_2,240.1,-0.169
T10025_2,196.1,-0.153
T9983_2,117.7,-0.299
T10020_1,161.2,-0.437
T10017_1,97.9,-0.064
T10015_1,214.4,-0.357
T15371_1,65.4,0.281
T9977_1,72.9,0.219
T2910_1,301.4,0.143
T9895_1,313.7,0.134
T15371_2,287.8,0.194
T9895_2,269.7,-0.002
T10002_2,227.4,-0.518
T10039_2,219.6,-0.406
T9992_2,106.7,-0.101
T9978_1,201.9,-0.639
AC242_4,200.1,-0.094
L285_2,104.6,-0.011
T9991_2,261.3,-0.133
T10021_2,189.3,-0.02
T14654_2,21.7,0.051
AC241_3,331.4,0.408
AC242_2,190.6,-0.434
T2950_1,122.3,-0.258
T10002_1,125.3,-0.308
T15375_2,294.4,0.387
T10039_1,169.0,-0.229
T17634_2,217.6,-0.072
T10032_1,174.8,-0.557
T10008_2,256.3,-0.046
T10058_2,228.4,-0.083
T10042_1,310.2,0.023
T10042_2,324.6,0.373
T9981_2,187.7,-0.172
T9981_1,163.8,-0.233
T9990_2,270.1,0.002
T2940_1,35.0,0.468
T10060_1,333.0,0.687
AC242_1,149.4,-0.123
L286_1,124.8,-0.016
T10044_1,140.7,-0.151
T10045_2,119.1,-0.145
T15375_1,79.3,0.128
T10004_1,10.0,0.862
T10004_2,356.4,0.821
T17816_2,324.9,0.731
L293_11,233.0,-0.189
T10028_1,39.6,0.136
T9996_2,26.9,0.605
T9791_2,344.7,0.045
T9791_1,266.2,-0.005
T9982_2,285.4,0.106
T9974_1,206.3,-0.656
T9982_1,347.5,0.372
T9989_1,359.9,0.479
AC210_4,314.9,0.113
T17014_1,31.6,0.644
T9990_1,267.5,-0.026
T17615_1,170.9,-0.151
T10060_2,170.7,-0.528
T2944_2,253.6,-0.206
T9996_1,76.2,0.185
T10023_2,203.1,-0.419
T9989_2,321.8,0.324
T10041_2,261.3,-0.03
T9903_2,278.3,0.058
T15555_2,314.0,0.19
T10005_1,8.5,0.444
T17816_1,118.9,-0.431
T9986_2,330.4,0.32
T9988_1,35.6,0.384
T10028_2,242.4,-0.232
T10065_2,326.2,0.114
T9986_1,14.8,0.366
T10058_1,115.7,-0.14
T10079_2,264.6,-0.025
T2910_2,105.8,-0.009
T9994_2,212.2,-0.631
T10005_2,301.5,0.224
T10022_1,78.1,0.114
T9984_2,313.6,0.267
T10014_2,70.8,0.261
T15652_1,17.6,0.502
L293_8,253.2,-0.074
T16871_2,223.4,-0.475
T16871_1,25.1,0.635
T17014_2,277.4,0.106
L285_1,182.9,-0.37
T10037_1,356.9,0.135
T9988_2,253.6,-0.236
T2940_2,112.6,-0.193
T10037_2,355.8,0.126
T10006_1,260.4,-0.135
T2908_2,317.3,0.055
T10046_2,336.9,0.095
T15652_2,251.8,-0.193
T9984_1,76.9,0.144
T2985_2,317.2,0.118
T2985_1,125.4,-0.135
T2928_1,40.3,0.556
T2928_2,296.9,0.353
T14662_1,75.2,0.107
T10001_2,54.5,0.257
T14662_2,277.0,0.078
L286_2,104.6,-0.044
T10059_2,313.9,0.316
T10059_1,123.3,-0.156
T16870_2,333.5,0.682
T10045_1,123.9,-0.325
T2908_1,41.5,0.057
T10044_2,138.4,-0.193
L287_1,235.7,-0.194
T9958_2,354.8,0.678
T9970_1,46.8,0.341
T9970_2,23.2,0.493
T9994_1,218.5,-0.476
T10068_2,319.9,0.219
AC439_1,57.0,0.301
T10054_1,18.1,0.196
T10054_2,8.4,0.31
T10070_1,34.0,0.191
T15555_1,152.9,-0.192
T2950_2,140.2,-0.129
T10073_1,18.0,0.289
AC439_2,85.6,0.011
T10026_2,192.4,-0.126
T10026_1,186.3,-0.161
T2982_2,231.2,-0.149
T2912_2,265.3,-0.024
T2912_1,36.0,0.069
T2982_1,102.6,-0.048
T10014_1,98.6,-0.134
T10040_2,17.6,0.836
T10040_1,77.2,0.198
T10030_2,298.3,0.221
T10030_1,346.4,0.468
T9980_2,311.0,0.289
T10033_1,73.4,0.178
T9980_1,19.0,0.45
T10065_1,166.0,-0.161
T2959_1,9.0,0.513
T10077_2,329.6,0.614
T10024_2,311.0,0.108
T10024_1,44.3,0.03
T10078_1,331.0,0.333
T10081_2,350.2,0.072
T10022_2,155.9,-0.703
T10079_1,179.4,-0.203
T10090_1,304.3,0.04
T10075_2,295.2,0.176
T10092_2,3.8,0.113
T2959_2,318.1,0.097
T10092_1,121.3,-0.218
T9958_1,71.8,0.123
T10001_1,124.4,-0.43
T10068_1,143.1,-0.195
T10061_1,109.1,-0.139
T10061_2,3.2,0.344
T10006_2,217.8,-0.646
T10082_1,337.4,0.062
T10108_2,300.1,0.03
T10108_1,44.6,0.248
T10073_2,119.5,-0.105
T10090_2,231.8,-0.224
T10046_1,218.4,-0.067
T2984_1,134.4,-0.25
T2984_2,326.1,0.128
T17815_1,108.7,-0.166
T10055_2,41.3,0.675
T17815_2,356.9,0.815
T10051_1,44.5,0.244
T10051_2,346.7,0.557
T10049_1,11.5,0.605
T2964_1,126.0,-0.373
T16870_1,174.8,-0.773
AC241_1,260.8,-0.065
L287_2,168.3,-0.066
T10084_2,1.4,0.307
T10104_2,288.4,0.134
T10070_2,134.0,-0.079
T10099_1,315.6,0.21
T10055_1,68.0,0.277
AC241_2,189.8,-0.629
T15556_2,322.9,0.23
T10075_1,121.3,-0.098
T10105_1,327.2,0.342
T10033_2,91.0,-0.012
T10087_2,269.6,-0.002
T10038_2,286.5,0.114
T17794_1,48.0,0.465
T10081_1,338.0,0.103
T17794_2,313.2,0.269
T15372_1,55.6,0.252
T10120_2,240.8,-0.131
T10038_1,57.5,0.445
T10049_2,62.1,0.153
T10084_1,117.7,-0.147
T10053_1,112.4,-0.292
T10077_1,315.7,0.087
T10078_2,185.9,-0.068
T17793_2,326.1,0.583
T2960_2,347.8,0.422
T17793_1,40.2,0.278
T10007_2,18.9,0.465
T9999_1,288.5,0.099
T16709_2,231.4,-0.391
T16709_1,28.4,0.539
AC241_4,284.5,0.014
T17645_1,91.1,-0.006
T10098_2,65.9,0.082
T16875_2,343.0,0.698
AC439_3,138.9,-0.573
T15372_2,276.8,0.049
T2966_2,54.6,0.388
T2970_1,76.5,0.003
T2970_2,354.3,0.252
T16899_1,55.2,0.347
T10018_2,334.6,0.387
T10050_2,262.1,-0.108
T10050_1,266.9,-0.029
T10018_1,59.1,0.34
T2861_2,235.0,-0.027
T17637_2,198.2,-0.061
T17814_1,127.0,-0.368
T17814_2,4.0,0.817
T2967_2,69.6,0.1
T10122_2,277.0,0.1
T10047_2,20.3,0.829
T10087_1,208.5,-0.423
T10112_1,95.1,-0.028
T2861_1,10.7,0.096
T9999_2,237.2,-0.333
T2960_1,282.2,0.067
T10086_1,38.3,0.375
T2961_1,86.1,0.023
T10105_2,296.1,0.099
T10122_1,248.2,-0.233
T2973_1,156.6,-0.09
T2961_2,359.0,0.348
T10082_2,262.5,-0.01
T10109_1,103.2,-0.045
T10114_2,28.7,0.165
T10109_2,273.3,0.009
T2964_2,227.4,-0.298
T2966_1,79.4,0.13
T10098_1,71.0,0.193
T10103_2,184.7,-0.172
T10103_1,179.5,-0.13
T10071_2,312.4,0.524
T10129_1,182.4,-0.13
T15556_1,151.6,-0.194
T10053_2,150.1,-0.475
T17645_2,275.8,0.043
T10128_2,10.8,0.477
T10035_2,268.4,-0.01
T10035_1,28.3,0.787
T10099_2,311.9,0.128
T10029_1,353.7,0.431
T10116_1,247.1,-0.065
T10116_2,253.3,-0.056
T10104_1,243.9,-0.129
T16708_2,299.6,0.267
T10120_1,210.3,-0.289
T10128_1,103.0,-0.094
T10072_2,220.7,-0.258
T10101_1,280.3,0.062
T16708_1,54.2,0.138
T10112_2,142.4,-0.328
T10100_2,276.2,0.027
T10007_1,72.1,0.151
AC439_4,207.5,-0.137
T10093_2,305.4,0.187
T10031_1,56.5,0.261
T10100_1,99.3,-0.051
T15593_1,57.9,0.307
T10009_2,359.3,0.411
T2973_2,192.0,-0.113
T10093_1,66.1,0.134
T10141_1,165.9,-0.324
T10141_2,137.8,-0.251
T15593_2,297.0,0.276
T10121_2,299.5,0.349
T10009_1,45.1,0.509
T16899_2,322.9,0.467
T10101_2,282.6,0.089
T15592_1,64.2,0.319
T15592_2,353.6,0.668
T10071_1,224.1,-0.293
T14729_1,11.3,0.657
T10086_2,110.5,-0.151
T2967_1,206.8,-0.103
T15370_2,298.0,0.19
T10066_1,344.8,0.177
T10126_1,114.0,-0.12
T10126_2,126.6,-0.159
T10031_2,310.3,0.172
T16875_1,195.1,-0.634
T15370_1,75.3,0.099
T10047_1,116.3,-0.342
L289_5,352.7,0.036
T10147_2,316.9,0.063
T10114_1,102.6,-0.032
T10072_1,61.5,0.012
T17637_1,158.9,-0.218
T10130_2,273.9,0.032
T2977_2,277.5,0.019
T2983_2,318.7,0.38
T2972_2,265.0,-0.054
T10029_2,229.2,-0.164
T10066_2,259.6,-0.07
T10083_2,310.5,0.327
T10083_1,16.1,0.097
T10115_1,94.4,-0.029
T2983_1,128.8,-0.158
T10115_2,5.8,0.483
T2981_1,73.8,0.098
T10052_2,321.9,0.401
T15648_2,298.4,0.213
T10067_2,300.5,0.238
T2981_2,208.5,-0.156
T15648_1,40.0,0.451
T10125_1,85.6,0.032
T10125_2,299.3,0.191
T10069_2,14.9,0.221
T10000_2,304.7,0.145
T10012_1,12.4,0.231
T10000_1,11.6,0.284
AC438_3,181.4,-0.138
T10048_2,2.1,0.329
T10056_1,38.3,0.227
T10129_2,175.1,-0.356
T17798_1,61.9,0.225
T17798_2,302.6,0.257
T10127_2,350.7,0.253
T10127_1,86.3,0.021
T10052_1,277.6,0.084
T2962_2,11.4,0.483
T10057_2,355.1,0.44
T10063_1,61.0,0.431
T10048_1,81.0,0.042
T10063_2,26.1,0.747
T3024_1,115.1,-0.068
T10121_1,239.3,-0.323
T17792_1,352.8,0.629
T10089_2,292.2,0.179
T10089_1,82.9,0.101
T3010_1,96.9,-0.033
T3010_2,204.6,-0.269
T14729_2,118.7,-0.357
L289_2,62.6,0.113
T10080_1,356.0,0.344
T10062_2,228.8,-0.365
T10062_1,27.0,0.725
L288_2,129.7,-0.019
T10153_2,13.3,0.363
L289_1,31.1,0.206
L293_9,263.2,-0.027
T10133_1,67.1,0.081
T10133_2,237.2,-0.027
T10094_1,351.8,0.338
T10043_2,333.0,0.245
T10043_1,356.8,0.31
T2968_2,164.6,-0.084
T2968_1,83.1,0.105
T10159_2,118.6,-0.172
T10147_1,128.8,-0.161
T10091_2,310.4,0.144
T10069_1,103.5,-0.132
T10057_1,321.1,0.182
T10162_1,2.2,0.264
T10113_2,63.2,0.212
T17792_2,296.8,0.156
T10107_2,265.3,-0.017
L288_1,57.9,0.192
T10107_1,59.9,0.086
T2991_2,269.0,-0.015
T2991_1,94.2,-0.025
T10056_2,348.1,0.13
T3023_1,47.1,0.329
T10080_2,282.8,0.017
T2977_1,147.2,-0.164
T2972_1,192.5,-0.55
T10012_2,240.7,-0.413
T10130_1,270.4,0.004
T10140_2,312.2,0.059
T14840_2,277.4,0.106
T10067_1,211.1,-0.648
T14840_1,135.8,-0.56
T10155_2,283.5,0.107
T2962_1,124.5,-0.244
T10095_1,300.2,0.438
T10155_1,150.5,-0.228
T10151_1,345.4,0.404
T10153_1,84.1,0.017
T3024_2,168.4,-0.221
T10140_1,232.3,-0.071
T10151_2,249.1,-0.138
T17684_2,272.1,0.028
T2975_1,316.0,0.62
T17684_1,54.7,0.468
T10091_1,218.2,-0.199
T17695_1,68.5,0.348
T10117_2,46.7,0.639
T17695_2,308.3,0.523
T2975_2,302.6,0.418
T10135_2,46.0,0.245
T10143_1,54.8,0.395
T2963_2,32.1,0.415
T3023_2,176.1,-0.274
T10185_2,257.3,-0.08
T10186_2,248.0,-0.134
T2965_2,18.4,0.68
T16944_1,32.9,0.704
T10179_1,271.2,0.006
T10143_2,259.9,-0.099
T10094_2,217.8,-0.592
T17641_1,25.0,0.331
T10113_1,115.4,-0.225
T10159_1,126.9,-0.17
T10134_2,321.7,0.665
T10163_2,350.8,0.407
T10095_2,263.4,-0.107
T17641_2,283.7,0.022
T10162_2,187.9,-0.119
T10134_1,16.5,0.676
T10186_1,204.5,-0.445
T10137_1,338.2,0.343
T10138_2,329.3,0.265
T9998_1,40.6,0.136
T3004_1,284.4,0.071
T2998_2,284.8,0.062
T10173_2,283.3,0.096
T2965_1,40.9,0.628
T2963_1,148.0,-0.497
T10150_2,6.1,0.096
AC438_2,191.7,-0.465
T10117_1,48.7,0.56
T9998_2,278.7,0.029
T2994_2,292.8,0.082
T3022_1,78.1,0.085
T2980_1,71.4,0.051
T10142_2,345.6,0.315
T10142_1,18.7,0.102
T2980_2,273.0,0.024
T17791_1,58.1,0.32
T10111_2,312.1,0.328
T10111_1,42.3,0.428
AC438_1,179.5,-0.052
T3022_2,234.3,-0.282
T10137_2,278.1,0.051
T2971_1,315.3,0.424
T16944_2,282.5,0.163
T2971_2,282.6,0.112
T3001_2,222.7,-0.437
T10135_1,102.5,-0.098
T10179_2,289.6,0.11
T3001_1,62.9,0.136
T10196_1,298.6,0.181
T10138_1,92.0,-0.014
T17791_2,327.6,0.296
T2969_2,100.2,-0.074
T2998_1,199.7,-0.358
T3004_2,227.3,-0.303
T10182_1,122.0,-0.214
T2969_1,82.2,0.115
T10173_1,207.0,-0.123
T2979_2,3.3,0.264
T17689_2,335.6,0.383
T10152_1,61.7,0.366
T15647_2,318.2,0.228
T9964_2,239.0,-0.083
T15647_1,45.7,0.19
T10182_2,188.6,-0.241
T2907_1,36.1,0.047
T2907_2,267.6,-0.004
T10124_1,46.0,0.388
T10124_2,316.8,0.426
T10152_2,146.8,-0.451
T3002_2,337.1,0.289
T10123_1,11.0,0.302
T10185_1,205.4,-0.384
T10208_2,282.3,0.095
T14661_2,304.6,0.443
T10163_1,67.4,0.135
T10119_1,332.0,0.259
T10096_2,240.3,-0.24
T9964_1,32.5,0.132
T10096_1,41.8,0.581
T10184_2,314.6,0.124
T10184_1,351.5,0.235
T3000_2,34.6,0.285
T3003_1,326.1,0.346
T2999_1,331.4,0.064
T10149_2,10.0,0.046
L289_4,290.8,0.124
T2976_1,55.1,0.348
T10149_1,120.1,-0.087
T2976_2,321.4,0.608
T14661_1,82.6,0.076
T17823_2,344.8,0.631
T10210_2,346.2,0.068
T10189_2,236.8,-0.057
T10119_2,294.7,0.079
T10088_2,265.4,-0.019
T10088_1,11.1,0.486
T3002_1,160.6,-0.517
T10208_1,185.9,-0.329
T2994_1,233.8,-0.152
T10169_2,256.6,-0.055
T16707_1,11.5,0.422
T10169_1,259.1,-0.047
T10215_2,245.3,-0.174
T17790_2,307.0,0.303
T10106_1,13.1,0.355
T10202_1,105.1,-0.104
T17790_1,35.8,0.389
T10210_1,178.9,-0.317
T10150_1,212.6,-0.132
T17689_1,229.4,-0.354
T10123_2,293.6,0.381
L290_2,269.6,-0.0
T10145_2,308.4,0.579
T17694_2,275.8,0.09
T17694_1,38.5,0.685
T10209_2,266.8,-0.02
T10106_2,239.8,-0.298
T10196_2,232.1,-0.137
T10189_1,134.1,-0.238
T2989_2,59.6,0.169
T10144_2,268.8,-0.016
T10144_1,40.9,0.378
T16706_1,0.4,0.734
T2988_1,325.2,0.638
T15602_2,323.4,0.572
T2990_1,67.4,0.198
T10215_1,200.5,-0.331
T15362_1,32.0,0.566
T14653_2,303.2,0.04
T10158_2,296.5,0.203
T10074_2,339.6,0.376
T10074_1,278.2,0.085
T10177_2,218.7,-0.519
T10064_1,20.3,0.534
T15369_2,311.6,0.251
T10172_2,224.9,-0.404
T17788_2,273.0,0.036
T17788_1,341.7,0.339
T15362_2,340.3,0.606
T10158_1,54.9,0.213
T3003_2,202.9,-0.521
T10064_2,344.8,0.604
T2979_1,122.5,-0.235
T10164_2,309.4,0.241
T17863_2,290.3,0.139
L290_3,281.8,0.087
T17863_1,59.6,0.291
L290_1,73.4,0.189
T10085_2,333.3,0.531
T17786_1,346.1,0.531
T10172_1,142.5,-0.609
T14726_2,335.0,0.551
T16898_1,45.9,0.54
T2999_2,241.8,-0.044
T10228_2,266.4,-0.023
T16898_2,332.5,0.283
T17786_2,222.2,-0.604
T2988_2,320.5,0.526
T10219_1,139.5,-0.114
T17823_1,112.1,-0.296
T10228_1,25.5,0.018
T10177_1,170.0,-0.757
T10202_2,199.9,-0.332
T10222_1,246.7,-0.231
T3000_1,204.6,-0.457
T10209_1,209.1,-0.116
T10003_2,323.0,0.601
T16869_1,11.4,0.757
T10003_1,352.4,0.699
T10222_2,258.1,-0.112
T16705_2,256.2,-0.12
T16705_1,30.8,0.59
T3021_1,108.8,-0.119
T10157_2,319.1,0.294
T16707_2,222.9,-0.464
T10136_2,22.2,0.555
T10136_1,60.1,0.459
L289_3,176.3,-0.019
T10131_2,4.1,0.346
T10178_2,238.3,-0.028
T10178_1,85.3,0.049
T10146_1,16.6,0.156
T10165_1,60.9,0.134
T10146_2,292.2,0.135
T10200_2,315.0,0.237
T10220_1,238.1,-0.142
T17640_2,245.9,-0.097
T17640_1,352.3,0.239
T10220_2,245.7,-0.102
T2989_1,101.2,-0.079
T15602_1,73.0,0.192
T10224_1,284.0,0.019
T16706_2,206.9,-0.57
T14653_1,71.0,0.045
T10145_1,267.3,-0.042
T3008_2,12.4,0.314
T10236_2,216.4,-0.227
T10085_1,336.7,0.378
T10236_1,190.1,-0.242
T3005_1,18.7,0.722
T15308_1,329.8,0.71
T15369_1,105.2,-0.173
T10160_1,62.2,0.189
T14660_2,303.2,0.41
T10160_2,324.1,0.438
T10157_1,220.7,-0.382
T10165_2,92.9,-0.025
T10131_1,289.6,0.097
T3005_2,315.6,0.254
T14726_1,76.4,0.12
T3008_1,128.1,-0.274
T3009_1,86.3,0.033
T10216_2,270.1,0.002
T2990_2,188.0,-0.252
T10188_2,19.9,0.154
T10201_1,55.4,0.209
T10200_1,179.0,-0.021
T10235_2,237.1,-0.202
T10110_2,339.5,0.417
T10110_1,16.8,0.468
T10164_1,82.3,0.041
T10148_1,23.4,0.485
T10156_2,317.3,0.559
T10139_1,23.9,0.73
T10170_2,251.1,-0.251
T10201_2,29.4,0.177
T15308_2,81.4,0.113
T14725_2,307.5,0.479
T10156_1,43.4,0.539
T10247_1,43.1,0.087
T10176_1,343.8,0.628
T10102_2,327.1,0.181
T10231_2,226.5,-0.34
T10247_2,210.1,-0.384
T10224_2,241.8,-0.025
T10219_2,164.6,-0.172
T10193_2,290.5,0.149
T10193_1,352.7,0.667
T17688_2,319.2,0.489
T2974_1,332.9,0.673
T10235_1,252.3,-0.069
T2974_2,303.4,0.387
T15641_2,287.2,0.118
T15641_1,32.7,0.48
T14725_1,38.0,0.356
T16869_2,215.1,-0.649
T10231_1,200.1,-0.309
T10253_1,89.1,0.004
T10139_2,342.2,0.447
T10174_1,335.0,0.618
T10171_2,4.9,0.743
T17862_2,310.3,0.389
T10171_1,9.0,0.661
T10191_1,329.8,0.127
T3025_2,342.7,0.463
T3021_2,158.3,-0.213
T10191_2,331.1,0.198
T10197_2,352.0,0.562
T10240_2,204.7,-0.28
T14660_1,83.7,0.052
T17862_1,89.3,0.008
T10176_2,247.9,-0.205
T10258_1,131.2,-0.266
T10258_2,298.8,0.197
T10170_1,216.1,-0.566
T10148_2,286.7,0.172
T10216_1,195.6,-0.514
T10188_1,26.3,0.118
T10240_1,216.0,-0.492
T3036_2,244.6,-0.112
T10203_1,8.6,0.823
T10180_2,356.2,0.808
T10180_1,13.2,0.695
T14655_1,46.1,0.05
T10239_1,326.2,0.106
T14655_2,257.8,-0.034
T10187_1,343.7,0.565
T10253_2,181.9,-0.413
T10265_2,79.7,0.065
T17687_2,314.4,0.59
T3011_1,343.5,0.736
T17826_2,336.4,0.6
T3013_1,30.5,0.618
AC211_2,2.8,0.37
T17785_1,335.9,0.337
T10168_2,277.0,0.049
T17826_1,45.0,0.529
T3009_2,153.8,-0.303
T10195_2,265.6,-0.037
T3036_1,134.0,-0.193
T10168_1,50.2,0.509
T10207_1,359.7,0.79
T10243_1,100.1,-0.09
T10243_2,30.8,0.207
T10270_2,271.5,0.001
T10244_1,333.5,0.072
T10197_1,230.3,-0.238
T3013_2,276.5,0.095
T10174_2,275.3,0.075
T10259_2,110.5,-0.129
T10270_1,294.5,0.084
T10154_1,344.1,0.481
T16704_2,257.4,-0.132
T16704_1,20.1,0.528
T10250_1,57.4,0.209
T10203_2,266.9,-0.017
T10167_2,262.6,-0.026
T10118_2,319.6,0.206
T10118_1,318.6,0.202
L291_1,179.8,-0.104
T10259_1,129.8,-0.396
T17632_1,327.4,0.203
T10102_1,21.3,0.111
T10245_2,292.7,0.18
T10207_2,303.4,0.215
T17633_2,177.0,-0.112
T10283_1,93.2,-0.038
T3011_2,290.3,0.235
T3014_1,45.3,0.55
T3012_2,347.6,0.681
T15361_1,28.8,0.647
T15361_2,346.5,0.578
T15645_2,3.7,0.688
T10263_2,20.4,0.186
T2997_1,39.9,0.197
T10252_1,236.3,-0.111
T10252_2,255.7,-0.136
T17861_1,27.2,0.636
T10265_1,136.6,-0.261
T3014_2,337.5,0.766
T10166_2,297.6,0.242
T10241_2,292.3,0.068
T17861_2,273.9,0.027
T17688_1,161.6,-0.564
T10263_1,132.8,-0.105
T10199_1,338.8,0.672
T3012_1,34.9,0.608
T10283_2,141.2,-0.535
T3025_1,88.8,0.006
T10241_1,181.9,-0.127
T10192_2,271.4,0.008
T10280_2,98.9,-0.098
L292_1,68.7,0.33
L293_6,228.6,-0.137
T10264_1,295.1,0.19
T10205_2,294.1,0.096
T10205_1,113.9,-0.024
T17860_1,1.0,0.881
T10268_2,9.8,0.056
T16868_1,13.4,0.813
T10132_2,323.4,0.628
T10192_1,230.7,-0.296
T10132_1,348.8,0.615
T17860_2,216.0,-0.499
T10278_2,257.0,-0.123
T17785_2,217.8,-0.448
T10195_1,219.6,-0.457
T10154_2,298.1,0.129
T10268_1,176.6,-0.601
T10232_1,317.0,0.007
T10272_1,54.4,0.11
T10190_2,248.0,-0.26
T10187_2,295.3,0.193
T10292_2,235.3,-0.24
T17687_1,169.2,-0.485
T10280_1,97.4,-0.095
T10281_1,86.5,0.027
T10190_1,213.2,-0.592
T10199_2,283.2,0.174
T10292_1,172.6,-0.644
T16700_2,317.0,0.351
T15606_2,328.5,0.63
T15606_1,75.8,0.182
L292_2,31.4,0.045
T10245_1,294.9,0.044
T3018_1,356.7,0.715
T16715_1,305.0,0.211
T17693_1,41.8,0.638
T17693_2,264.0,-0.095
T10278_1,230.1,-0.365
T10239_2,250.6,-0.065
T10161_1,20.0,0.598
T10166_1,115.5,-0.128
T3017_2,291.3,0.112
T16715_2,219.0,-0.383
T10161_2,328.7,0.373
T10226_1,289.6,0.303
T10221_2,342.4,0.393
T10279_1,321.7,0.375
T3017_1,167.5,-0.714
T10212_2,354.8,0.638
T17825_1,57.5,0.396
T10295_1,190.9,-0.476
T10175_1,22.7,0.504
T3079_2,285.9,0.052
T10244_2,270.8,0.002
T17825_2,312.4,0.592
T2997_2,205.0,-0.163
T10232_2,276.8,0.006
T16700_1,246.6,-0.13
T10297_2,290.6,0.079
T10299_1,186.3,-0.474
T10296_2,47.5,0.153
T10167_1,224.2,-0.397
T10250_2,141.9,-0.2
T17632_2,322.2,0.188
T10212_1,77.5,0.153
L291_2,112.0,-0.034
T17633_1,148.8,-0.152
T10255_2,311.5,0.112
T10255_1,33.5,0.237
T10301_2,230.8,-0.144
T10301_1,178.1,-0.155
T10242_2,338.6,0.783
T3078_2,354.5,0.767
T15645_1,278.6,0.043
T10175_2,270.0,0.0
T10204_2,245.8,-0.313
T10242_1,56.9,0.383
T16868_2,273.9,0.05
T10194_2,349.3,0.31
T3078_1,156.1,-0.437
T3016_2,281.8,0.08
T3018_2,260.6,-0.143
T10254_2,204.9,-0.166
T10305_2,212.1,-0.156
T10254_1,188.7,-0.096
T10307_1,2.1,0.103
T10223_2,290.8,0.22
T10194_1,264.5,-0.027
T10198_2,285.5,0.145
T10198_1,14.0,0.45
T10076_1,6.6,0.37
T10309_2,220.5,-0.125
T10217_2,263.4,-0.07
T10223_1,23.2,0.391
T10217_1,38.9,0.567
T3027_2,321.6,0.262
T10297_1,234.2,-0.166
T10294_1,295.6,0.26
T10274_1,323.9,0.523
T10264_2,292.5,0.158
L293_1,98.4,-0.061
T15646_2,333.1,0.31
AC210_1,253.7,-0.013
T10225_2,264.0,-0.037
T3028_1,35.5,0.44
T3028_2,337.3,0.72
T17822_2,354.7,0.575
T10295_2,219.8,-0.366
T10281_2,104.6,-0.115
T10272_2,105.2,-0.061
T10248_2,305.9,0.424
T10248_1,23.6,0.691
T10181_2,351.0,0.499
T10181_1,27.5,0.711
T10229_2,309.6,0.373
T3016_1,188.8,-0.363
T10225_1,220.5,-0.291
T3019_2,283.7,0.149
T3019_1,19.0,0.577
T10204_1,202.2,-0.731
T16703_1,36.0,0.362
T10211_2,261.1,-0.042
T10097_1,22.6,0.498
T10211_1,32.9,0.553
T10306_2,86.1,0.017
T10279_2,314.4,0.322
T14838_2,281.5,0.171
T17692_2,281.8,0.176
T10314_1,129.1,-0.231
T17692_1,47.5,0.583
T10314_2,152.4,-0.082
T10227_1,25.1,0.513
L292_3,119.2,-0.18
T10229_1,216.6,-0.46
T10227_2,18.5,0.576
T10306_1,110.3,-0.279
AC240_1,305.6,0.11
T10319_1,88.2,0.001
T10307_2,177.6,-0.408
T10183_1,17.8,0.49
T14728_2,267.6,-0.018
T10238_2,338.2,0.542
T10221_1,50.2,0.17
T10261_1,283.7,0.208
T10320_2,80.7,0.041
T3079_1,209.4,-0.177
T10226_2,270.2,0.002
T10294_2,301.0,0.299
T17686_2,311.6,0.407
T16699_2,270.1,0.001
T10213_1,333.0,0.378
T17184_2,249.5,-0.266
T10213_2,293.7,0.171
T16699_1,346.0,0.353
AC240_2,251.5,-0.157
T10299_2,185.2,-0.616
T10296_1,131.3,-0.18
T10183_2,258.7,-0.126
T3044_1,293.3,0.216
T16714_2,293.0,0.118
T17822_1,85.0,0.063
T16702_2,259.5,-0.14
T10260_2,313.0,0.447
T16702_1,22.0,0.539
T3020_2,347.3,0.402
T3030_2,314.3,0.335
AC239_5,259.6,-0.169
T3030_1,20.0,0.437
AC240_3,212.8,-0.023
T3015_1,346.9,0.521
T10097_2,301.3,0.182
T10246_2,290.7,0.114
T10317_2,64.2,0.179
T3027_1,124.2,-0.139
T17184_1,109.0,-0.261
T10274_2,297.5,0.252
T10309_1,226.0,-0.205
T10310_2,111.0,-0.02
T10305_1,205.6,-0.313
T14838_1,163.7,-0.696
T10076_2,292.3,0.222
T14659_1,97.0,-0.078
T10230_2,322.2,0.304
T3080_2,315.9,0.238
T16703_2,241.9,-0.298
T17686_1,150.5,-0.403
T3020_1,273.4,0.014
T10315_2,77.7,0.015
T16714_1,218.8,-0.296
T15646_1,259.0,-0.056
T14659_2,299.0,0.291
T10327_2,302.5,0.086
T10230_1,89.9,0.0
T10310_1,229.7,-0.229
T3015_2,346.6,0.313
T10286_2,322.0,0.279
T2995_2,249.5,-0.098
T2995_1,24.4,0.147
T10342_2,316.3,0.272
T10246_1,240.9,-0.11
T10260_1,118.8,-0.316
T10319_2,119.2,-0.078
T17691_1,35.3,0.767
T10267_2,36.6,0.753
T14728_1,42.5,0.301
T10206_1,62.1,0.283
T10238_1,242.3,-0.088
T10206_2,340.8,0.61
T17691_2,269.7,-0.004
T10317_1,115.1,-0.205
T3066_2,223.2,-0.055
T10256_1,328.2,0.632
T10214_1,342.2,0.3
T10214_2,280.8,0.068
T3049_1,301.4,0.339
T10290_1,47.4,0.219
L294_2,292.6,0.305
T17824_1,38.1,0.371
T17824_2,346.6,0.647
T10291_2,38.5,0.394
T10347_2,222.6,-0.455
T10320_1,107.4,-0.123
L293_4,268.0,-0.01
L293_5,253.5,-0.032
T10256_2,302.4,0.356
T10261_2,274.6,0.071
T10276_1,291.9,0.134
T16713_2,322.1,0.225
T10290_2,344.1,0.131
T3044_2,216.8,-0.221
T10276_2,223.0,-0.191
T16713_1,246.9,-0.142
T10218_1,60.3,0.191
T14657_1,59.5,0.23
T15605_1,67.1,0.325
T10267_1,70.7,0.309
T10271_2,7.4,0.54
T15605_2,318.6,0.628
T15726_2,352.4,0.782
T10345_2,254.5,-0.092
T15726_1,115.1,-0.318
T10323_1,171.1,-0.171
T14657_2,259.1,-0.133
T10323_2,172.4,-0.169
T2993_1,6.0,0.215
T15718_1,25.6,0.863
T10327_1,199.7,-0.078
T15718_2,341.2,0.803
T3077_2,334.1,0.085
T2992_1,341.6,0.07
T3066_1,176.5,-0.107
T2993_2,273.6,0.01
T3039_1,34.0,0.189
T10342_1,229.6,-0.156
T10345_1,165.7,-0.219
T3080_1,206.2,-0.247
T3039_2,282.2,0.03
T10356_1,321.5,0.088
T10315_1,95.0,-0.013
T10251_1,34.2,0.549
T10291_1,103.7,-0.182
T2992_2,202.0,-0.287
AC437_2,123.5,-0.065
T10286_1,224.0,-0.267
T3049_2,173.2,-0.509
T10351_2,58.2,0.113
T10351_1,88.7,0.01
T10277_1,38.7,0.238
T10316_2,49.6,0.084
T10316_1,107.5,-0.146
T10368_1,87.3,0.019
T10303_1,334.3,0.745
T3034_1,90.6,-0.003
T3033_1,105.9,-0.179
T3033_2,74.1,0.139
L293_3,140.1,-0.123
T10347_1,218.3,-0.442
T10218_2,97.5,-0.102
T10369_1,8.2,0.488
T10237_2,317.2,0.39
T10379_2,332.3,0.203
T10271_1,97.2,-0.105
T10237_1,75.6,0.195
T10338_2,81.2,0.104
T10303_2,303.7,0.447
T15981_1,39.2,0.499
T10349_1,20.4,0.235
T15981_2,1.5,0.547
T10298_1,50.6,0.31
T10298_2,351.6,0.674
T3035_2,346.6,0.302
T17821_2,0.9,0.447
T3034_2,124.5,-0.176
T10234_1,330.7,0.258
T17185_1,76.8,0.204
T2987_2,321.9,0.332
T10308_1,294.0,0.302
T10285_2,216.5,-0.552
T10282_1,202.7,-0.659
T17787_2,265.2,-0.05
T10356_2,260.7,-0.026
T17787_1,51.5,0.492
T3077_1,160.7,-0.265
T10282_2,231.8,-0.388
T3048_2,266.3,-0.022
T10262_2,321.2,0.231
T10266_2,353.5,0.349
T10262_1,322.1,0.151
T10273_1,262.6,-0.043
T10273_2,311.1,0.201
T10284_1,91.3,-0.013
T15643_2,298.9,0.161
T15643_1,342.5,0.379
T10284_2,309.9,0.351
T10311_1,281.9,0.16
T10357_1,111.4,-0.089
T10335_2,312.5,0.449
T10357_2,174.0,-0.203
L294_3,181.1,-0.042
T10331_1,261.6,-0.098
T10234_2,265.9,-0.056
T10285_1,192.5,-0.704
T17656_2,242.1,-0.052
T17656_1,128.2,-0.126
T10340_2,99.1,-0.017
T10340_1,43.5,0.181
T10277_2,125.8,-0.223
T10300_1,0.4,0.512
T10383_1,107.0,-0.099
T10384_1,71.5,0.037
T10380_2,69.3,0.065
T10304_2,344.6,0.818
T10304_1,20.5,0.761
T10338_1,91.1,-0.015
T10313_2,358.7,0.115
T10313_1,42.0,0.081
T10288_2,280.3,0.056
T10288_1,321.4,0.218
T10251_2,112.7,-0.313
T10371_2,308.9,0.199
T3050_2,353.4,0.55
T15720_2,353.1,0.877
T2987_1,104.3,-0.118
T3048_1,152.4,-0.259
T3029_2,326.2,0.325
T3029_1,13.1,0.493
L294_4,322.7,0.268
T10377_1,98.1,-0.015
T10387_1,265.4,-0.02
T15982_1,24.6,0.454
T10363_1,113.0,-0.333
T10368_2,119.4,-0.196
T10363_2,243.1,-0.336
T10379_1,167.2,-0.448
T10350_1,82.9,0.103
AC437_4,248.5,-0.054
T3035_1,300.5,0.141
T3040_1,22.5,0.129
T3082_2,335.9,0.155
T10369_2,145.6,-0.389
T10257_1,311.1,0.184
T10384_2,221.3,-0.086
T15557_2,341.4,0.302
T3081_1,1.1,0.112
T3081_2,215.8,-0.01
T10266_1,224.1,-0.499
T14847_2,282.3,0.165
T17185_2,201.1,-0.723
T3075_2,25.4,0.336
T10360_2,282.4,0.032
T17821_1,117.1,-0.353
T10331_2,242.8,-0.208
T10312_1,71.2,0.189
T10312_2,334.5,0.652
T17820_2,6.1,0.567
T10335_1,108.7,-0.117
T10396_1,113.1,-0.101
T10367_1,332.7,0.251
T15982_2,271.0,0.007
T3075_1,121.9,-0.403
T10350_2,115.0,-0.119
T14847_1,162.5,-0.746
L294_1,118.5,-0.366
T10318_2,8.1,0.598
T10411_2,325.0,0.24
T10349_2,69.5,0.037
T10308_2,239.8,-0.423
T10249_2,351.5,0.27
T3084_2,315.7,0.425
T10383_2,282.2,0.05
T3050_1,241.1,-0.186
T10318_1,55.3,0.396
T10378_1,109.4,-0.156
T10378_2,274.7,0.001
L295_3,305.1,0.294
L295_2,66.6,0.001
T10311_2,263.5,-0.078
T10377_2,23.8,0.134
T10257_2,265.6,-0.02
T3045_2,303.4,0.414
T3045_1,319.2,0.529
T10380_1,40.6,0.087
T10387_2,215.5,-0.398
T16701_1,263.4,-0.038
T16701_2,308.1,0.143
T10300_2,226.9,-0.477
T3061_2,321.7,0.246
T10329_2,330.7,0.309
T3041_2,1.1,0.665
T10390_2,246.6,-0.073
T10287_1,32.0,0.249
T10390_1,348.6,0.52
T10371_1,279.4,0.042
T10389_2,214.5,-0.317
T10389_1,196.4,-0.204
T10423_2,228.2,-0.246
T10353_2,304.4,0.081
T10404_1,284.6,0.039
T10233_2,262.4,-0.028
T16698_1,55.8,0.249
T10353_1,332.2,0.163
T10329_1,282.6,0.068
T10396_2,165.2,-0.192
T10398_2,214.8,-0.205
T15720_1,129.3,-0.59
T16698_2,245.6,-0.199
T3040_2,216.4,-0.187
T15644_2,256.1,-0.112
T15644_1,306.4,0.152
T10398_1,217.4,-0.297
T10418_2,266.4,-0.004
T3041_1,34.2,0.431
T10417_1,356.1,0.157
T10419_2,285.9,0.036
T10367_2,258.8,-0.103
T3082_1,162.7,-0.371
T10233_1,25.0,0.579
T15557_1,188.1,-0.117
T10381_1,79.6,0.113
T10418_1,261.7,-0.015
T10249_1,33.1,0.38
T10346_1,49.8,0.269
T10346_2,311.5,0.413
T3084_1,145.5,-0.339
T17820_1,127.7,-0.428
T3061_1,274.9,0.018
T10348_6,56.7,0.442
T3031_2,312.2,0.353
T10406_2,246.7,-0.009
T3046_2,260.3,-0.046
T3047_1,298.0,0.145
L295_1,102.9,-0.111
T10360_1,267.8,-0.003
T10411_1,184.9,-0.343
AC211_1,48.9,0.043
T3083_2,240.3,-0.212
T3083_1,345.6,0.284
T3047_2,268.6,-0.011
T10406_1,112.4,-0.036
AC437_3,176.9,-0.282
T3046_1,180.5,-0.365
T10419_1,260.4,-0.013
T10386_1,317.9,0.547
T3063_2,339.5,0.619
AC437_1,192.9,-0.083
T10287_2,291.6,0.16
T3136_1,113.3,-0.196
T10448_2,214.6,-0.341
T3136_2,175.6,-0.123
T15368_1,61.1,0.305
T10409_2,89.5,0.003
T10344_1,37.8,0.456
T15640_2,308.3,0.215
T15983_2,268.0,-0.014
AC436_1,108.1,-0.248
T15368_2,274.6,0.056
T15558_2,352.3,0.075
T15983_1,9.3,0.367
T10322_2,297.0,0.048
T10448_1,191.8,-0.365
T10404_2,240.0,-0.069
T10423_1,148.3,-0.171
T10373_2,233.4,-0.178
T10352_2,6.4,0.355
T10354_1,46.8,0.284
T3063_1,18.1,0.456
T10381_2,163.6,-0.68
T3090_2,95.5,-0.016
T3090_1,5.1,0.118
T10386_2,304.2,0.356
T10438_1,304.0,0.174
T10354_2,303.8,0.215
T10426_2,237.1,-0.374
T10426_1,215.3,-0.467
AC436_4,261.7,-0.042
T3089_1,317.5,0.216
T10461_2,244.6,-0.107
T10461_1,72.2,0.046
T3092_1,253.5,-0.058
T3092_2,249.6,-0.276
T10417_2,284.3,0.027
T17685_2,258.5,-0.09
T10437_2,245.1,-0.059
T10453_1,314.8,0.064
T10382_2,290.6,0.137
T10372_1,39.0,0.297
T10373_1,222.8,-0.15
T10375_2,305.7,0.491
T10375_1,358.8,0.371
T10397_2,238.0,-0.38
T10435_1,124.7,-0.022
T10352_1,334.5,0.29
T10394_2,332.8,0.233
T3006_1,63.8,0.064
T10334_2,338.0,0.208
T3031_1,131.1,-0.184
T10372_2,303.4,0.178
T10344_2,98.5,-0.07
T10330_2,324.8,0.181
T10333_1,25.6,0.273
T10397_1,168.5,-0.652
T17685_1,120.9,-0.323
T10435_2,210.4,-0.104
T10437_1,119.2,-0.1
T10472_1,259.3,-0.019
T15558_1,141.3,-0.263
T10438_2,249.2,-0.025
T10409_1,118.4,-0.173
T10399_2,298.4,0.321
T10333_2,267.3,-0.03
AC212_2,34.5,0.064
T15640_1,269.9,-0.0
T10382_1,22.2,0.217
T10328_2,273.4,0.011
T10334_1,138.4,-0.115
T10330_1,347.4,0.292
T3052_2,264.5,-0.03
T10337_2,319.0,0.242
T3052_1,301.2,0.135
T10394_1,35.5,0.193
T10328_1,61.0,0.032
T10325_1,67.5,0.215
T10472_2,285.1,0.067
T10482_1,38.2,0.23
T3006_2,303.8,0.1
T10374_2,319.2,0.317
T10374_1,45.2,0.621
T10453_2,254.3,-0.028
T16947_1,30.1,0.658
T10322_1,232.7,-0.086
T10482_2,209.9,-0.359
T10470_2,290.6,0.079
T3026_2,335.7,0.356
T10400_1,331.5,0.342
T10325_2,42.9,0.36
T10440_1,24.9,0.081
AC210_5,256.8,-0.021
T3101_2,314.7,0.391
T10337_1,279.8,0.051
T3089_2,280.7,0.077
T10399_1,271.4,0.012
T3026_1,85.5,0.003
T15562_2,311.8,0.104
T15564_1,11.1,0.117
T10481_2,337.9,0.549
T10376_2,274.3,0.056
T10376_1,344.7,0.297
T10449_1,181.4,-0.115
T10449_2,225.4,-0.124
T10362_2,321.3,0.102
T2911_1,117.4,-0.055
T16947_2,251.7,-0.239
AC210_3,322.3,0.136
T10416_1,329.3,0.555
T3064_2,329.0,0.457
T10454_2,319.9,0.03
T10343_2,298.9,0.176
T10366_1,10.7,0.41
T10388_2,264.4,-0.078
T10343_1,359.0,0.388
T10416_2,299.2,0.356
T10302_1,27.0,0.385
T10477_1,76.0,0.154
T10477_2,34.2,0.576
T3064_1,27.1,0.34
T10362_1,104.1,-0.13
L296_3,326.9,0.252
T10483_1,329.5,0.475
L296_2,268.3,-0.001
T10440_2,312.7,0.015
T10413_1,336.5,0.747
T10395_2,343.6,0.438
T3032_2,304.8,0.314
T3032_1,114.4,-0.072
T10401_1,129.9,-0.521
T17690_2,289.7,0.292
T17690_1,53.9,0.514
T3085_1,22.8,0.495
T10401_2,167.2,-0.744
L297_3,228.5,-0.057
AC436_3,234.6,-0.219
L297_2,285.7,0.013
T10385_1,325.9,0.592
T16946_2,280.3,0.086
T10434_1,328.2,0.572
T10324_2,290.2,0.071
T16697_1,347.5,0.172
T10324_1,40.2,0.284
T10366_2,292.5,0.146
T10332_2,284.4,0.067
T10436_2,283.5,0.105
T10434_2,266.4,-0.021
T10454_1,263.6,-0.004
T16946_1,37.0,0.646
T10392_1,38.1,0.205
T10422_2,330.2,0.318
T10392_2,303.0,0.143
T10332_1,223.7,-0.151
T3101_1,206.4,-0.278
T10395_1,27.8,0.23
T10487_2,275.6,0.005
T10413_2,320.6,0.49
T15312_1,22.0,0.634
T17819_2,334.2,0.564
T10430_2,346.9,0.675
T16697_2,272.8,0.014
T10412_2,302.0,0.156
T17819_1,78.2,0.126
T10400_2,298.6,0.133
T10412_1,304.4,0.164
T15563_1,315.2,0.156
L297_1,129.1,-0.036
L298_4,313.5,0.415
T15562_1,148.3,-0.349
T15312_2,287.6,0.166
T3076_1,27.3,0.389
T3065_1,49.5,0.313
AC210_2,178.5,-0.094
T3076_2,115.2,-0.18
T10470_1,150.0,-0.173
T2911_2,285.7,0.032
T10420_2,265.9,-0.023
T10420_1,217.4,-0.104
L298_2,99.7,-0.002
T10494_2,223.3,-0.393
T15564_2,188.5,-0.127
L298_1,110.1,-0.11
T10481_1,158.7,-0.369
T10476_1,157.9,-0.157
T10476_2,198.4,-0.128
T10452_2,209.3,-0.67
T10302_2,72.5,0.129
T10388_1,222.2,-0.612
T3065_2,283.7,0.141
T10355_2,296.4,0.163
T10407_1,7.3,0.391
T10355_1,310.0,0.199
T10358_2,15.2,0.437
T3042_2,348.5,0.274
T10339_2,306.6,0.149
T10339_1,349.3,0.238
T10326_2,325.7,0.267
T3051_2,266.6,-0.018
T10501_2,244.6,-0.131
T3051_1,330.6,0.198
T10407_2,307.1,0.204
T10358_1,58.1,0.19
T10494_1,186.6,-0.432
T10425_1,357.2,0.471
T10425_2,268.5,-0.015
T10321_1,0.4,0.3
L298_3,212.3,-0.485
T10402_1,351.3,0.331
T16945_2,261.5,-0.078
T16945_1,23.1,0.498
T10474_1,295.1,0.327
L299_3,245.4,-0.02
T10500_2,322.2,0.146
T10500_1,17.8,0.073
T17697_2,265.7,-0.028
AC435_3,281.6,0.033
T10326_1,289.0,0.091
T10458_2,282.8,0.102
T10499_2,325.5,0.242
T10479_1,331.2,0.107
T10443_1,327.5,0.56
T10483_2,184.8,-0.256
T10512_2,342.7,0.061
T10512_1,19.5,0.089
T10502_1,15.0,0.575
T10468_2,298.2,0.341
T10385_2,317.5,0.608
T3103_1,152.6,-0.2
T10468_1,316.7,0.563
T3104_1,339.2,0.826
AC436_2,169.9,-0.111
T10504_1,56.5,0.05
T10436_1,209.1,-0.347
T3103_2,211.9,-0.118
T10443_2,316.5,0.525
T10450_1,55.7,0.317
T3042_1,280.1,0.063
T10450_2,9.5,0.51
L296_1,162.7,-0.437
T10422_1,15.3,0.242
T10348_4,308.5,0.188
T10502_2,189.2,-0.654
T10452_1,161.2,-0.211
T10501_1,251.7,-0.065
T2913_1,99.1,-0.111
T10496_2,292.3,0.031
T10361_2,317.7,0.199
T3086_1,21.2,0.494
T10429_1,29.6,0.505
T2913_2,286.4,0.054
T10361_1,10.9,0.238
T3085_2,63.3,0.157
T10336_2,353.1,0.262
T10505_1,123.9,-0.219
T10402_2,262.6,-0.04
T10430_1,235.6,-0.215
AC434_5,325.4,0.075
T10479_2,263.5,-0.008
T10458_1,226.0,-0.231
T10414_2,253.8,-0.208
T3088_2,355.4,0.775
T3088_1,1.7,0.756
T17784_1,19.3,0.665
T10459_1,164.8,-0.518
T10459_2,160.5,-0.557
T15563_2,194.9,-0.11
T3097_2,276.5,0.074
T10275_2,299.5,0.081
T3097_1,69.5,0.255
T10445_1,315.6,0.431
T3099_1,3.2,0.811
T10487_1,166.1,-0.1
T3067_2,3.0,0.642
T3067_1,26.9,0.522
T10513_2,193.2,-0.375
T10446_2,273.9,0.005
T10421_1,345.2,0.402
T10289_1,1.4,0.306
T10289_2,339.9,0.265
T17697_1,165.2,-0.521
T10293_1,27.1,0.255
T10293_2,286.4,0.177
T10471_2,8.2,0.47
T15561_2,328.8,0.291
T10275_1,42.2,0.129
AC434_3,290.0,0.041
T16850_1,237.8,-0.038
T3102_1,104.3,-0.147
T10433_1,17.2,0.218
T10442_2,342.3,0.245
T3100_1,34.9,0.376
T3100_2,6.7,0.459
T3099_2,231.1,-0.41
T10348_3,41.6,0.509
T10471_1,130.2,-0.217
T10429_2,278.5,0.046
T10321_2,289.0,0.078
T10433_2,233.8,-0.247
T10484_1,314.3,0.394
T10469_1,129.5,-0.319
T10370_1,35.9,0.505
T3135_1,116.1,-0.17
T10370_2,22.4,0.495
T10348_2,250.3,-0.264
T10469_2,132.2,-0.42
T3104_2,273.1,0.05
T3091_2,233.1,-0.413
T10505_2,131.6,-0.406
T10364_1,40.1,0.361
T15313_2,332.2,0.404
T10428_1,335.2,0.533
T15313_1,68.9,0.201
T10414_1,232.2,-0.478
T16867_1,358.0,0.214
T10499_1,164.1,-0.089
T10336_1,106.4,-0.093
T3087_2,26.3,0.271
T15600_2,335.8,0.421
T3043_1,52.9,0.302
T3135_2,166.4,-0.069
T10513_1,176.3,-0.467
T10445_2,297.3,0.243
T15600_1,55.2,0.261
T10503_2,286.1,0.158
T10348_1,39.4,0.693
T10474_2,272.9,0.043
T3123_1,82.5,0.019
T10348_5,325.5,0.209
AC435_2,228.8,-0.294
T3123_2,206.5,-0.133
T3086_2,93.4,-0.021
T10504_2,23.5,0.082
T17696_2,275.4,0.034
T15561_1,164.1,-0.027
T15639_2,307.8,0.181
T10480_1,324.8,0.169
T10503_1,277.1,0.027
T10496_1,176.0,-0.184
T3060_1,336.2,0.228
AC435_1,160.6,-0.205
T10456_1,67.0,0.169
T10446_1,93.7,-0.022
T3107_2,350.5,0.43
T10428_2,287.6,0.236
T10393_1,336.0,0.309
T3074_1,13.1,0.26
T10486_2,349.4,0.359
AC434_1,77.9,0.085
T10393_2,247.9,-0.248
T3060_2,257.3,-0.074
L299_2,288.1,0.095
T3074_2,323.1,0.099
T3091_1,214.0,-0.658
T10530_2,81.3,0.024
T17784_2,220.6,-0.583
T10473_2,285.5,0.111
T10478_1,18.9,0.355
T10427_2,321.7,0.203
T10456_2,11.2,0.24
T17696_1,215.9,-0.249
L300_2,275.7,0.001
T3102_2,117.8,-0.308
T10507_1,146.1,-0.49
T10507_2,159.5,-0.219
T10421_2,327.8,0.302
T10546_2,253.7,-0.086
T10473_1,52.8,0.238
T10455_2,243.3,-0.234
T10442_1,96.6,-0.024
T10478_2,252.5,-0.124
T10522_2,336.9,0.256
T10486_1,25.1,0.238
T10491_1,205.9,-0.154
T3043_2,318.9,0.2
T10491_2,317.7,0.257
T10506_2,351.1,0.188
T10532_1,177.6,-0.044
T10480_2,259.7,-0.049
T15639_1,8.5,0.291
T10431_1,358.6,0.171
T10431_2,294.3,0.098
T10551_2,331.5,0.142
T10538_1,293.0,0.144
T10485_2,288.9,0.241
T10484_2,312.2,0.138
T10485_1,225.9,-0.268
T10522_1,139.3,-0.142
T16867_2,261.2,-0.051
T10364_2,181.3,-0.018
T10451_2,224.8,-0.621
T10463_2,283.4,0.082
T17657_1,65.6,0.109
T10532_2,240.8,-0.089
T3087_1,100.6,-0.062
T16745_1,26.1,0.528
T10341_2,274.9,0.02
T17657_2,257.0,-0.095
T10451_1,203.0,-0.734
T10539_2,273.0,0.011
T10539_1,331.6,0.095
T3107_1,35.0,0.375
T16745_2,238.8,-0.203
T16850_3,330.2,0.162
T16749_1,359.6,0.2
T10441_2,298.3,0.1
T10441_1,18.3,0.3
T10341_1,40.3,0.292
T3059_1,337.3,0.213
T10498_2,277.8,0.056
T10463_1,80.6,0.072
T10432_2,301.4,0.158
T10432_1,340.0,0.308
T10467_1,328.4,0.264
T10538_2,274.1,0.031
T17192_2,254.7,-0.128
T3128_2,225.7,-0.087
T3128_1,168.6,-0.073
T10551_1,61.7,0.039
T10530_1,129.0,-0.145
T3059_2,222.7,-0.169
T10455_1,214.4,-0.662
L301_3,347.1,0.352
T10464_1,17.7,0.186
T3106_1,44.7,0.163
T3110_2,44.8,0.099
T3106_2,242.1,-0.096
T10556_1,344.5,0.522
T10556_2,200.2,-0.448
T10444_2,299.5,0.111
T3056_1,355.9,0.402
T10444_1,17.2,0.284
L299_1,58.0,0.131
T10506_1,9.6,0.144
T10560_1,121.7,-0.154
T10544_2,336.3,0.144
T17675_2,268.9,-0.006
T17675_1,80.8,0.053
T3056_2,220.7,-0.416
T10427_1,265.4,-0.02
T3098_2,309.4,0.256
T3105_1,6.2,0.297
L300_1,164.8,-0.107
T16850_2,160.5,-0.25
T16749_2,284.0,0.055
T10489_2,301.0,0.077
T10568_1,68.5,0.06
T3055_2,273.6,0.038
T10488_2,329.1,0.195
T10464_2,240.4,-0.069
T10544_1,138.5,-0.476
T10546_1,209.0,-0.279
T10554_1,116.8,-0.101
T3055_1,37.0,0.259
T10563_2,331.4,0.263
T10410_2,275.1,0.01
T10410_1,331.6,0.023
T10574_2,294.8,0.183
T10594_2,301.0,0.281
T10554_2,184.1,-0.11
T10510_1,313.0,0.486
T3131_1,292.3,0.188
T3129_2,332.1,0.269
T10467_2,234.6,-0.387
AC239_3,84.7,0.029
T10526_1,111.7,-0.235
T10408_2,326.1,0.187
T3131_2,232.0,-0.37
T10488_1,253.6,-0.049
T10408_1,0.6,0.253
T3108_1,75.0,0.081
T3108_2,23.1,0.471
T10510_2,287.5,0.239
T17192_1,136.4,-0.515
T16883_1,355.8,0.115
T10516_1,47.0,0.075
T10516_2,293.2,0.059
T10523_2,321.2,0.117
T14727_2,305.9,0.164
T14727_1,55.3,0.408
T3054_1,353.6,0.268
T10457_1,26.8,0.215
T10365_1,78.0,0.049
T10568_2,234.0,-0.165
T3105_2,269.6,-0.003
T17700_1,271.0,0.007
T10548_2,317.1,0.107
T10548_1,55.8,0.075
T3110_1,45.2,0.089
T10579_2,320.8,0.112
T10580_1,45.1,0.052
T10524_2,344.7,0.077
T10524_1,357.3,0.04
T10365_2,312.7,0.308
T10594_1,198.4,-0.378
T10521_2,49.0,0.029
T10521_1,6.1,0.091
T10585_1,347.9,0.191
T10587_2,8.2,0.115
T16748_2,293.0,0.145
T16748_1,25.0,0.27
T10589_1,332.7,0.08
T10489_1,114.4,-0.08
T10543_1,74.3,0.157
T10543_2,21.9,0.258
T10466_2,17.8,0.508
T10517_2,281.2,0.085
T10523_1,75.6,0.015
T3054_2,261.0,-0.022
T10558_2,210.8,-0.077
L307_1,351.0,0.432
T10558_1,183.6,-0.182
T16746_2,216.0,-0.543
T16746_1,4.3,0.408
T10415_1,359.6,0.212
T10498_1,161.6,-0.805
T16881_1,303.8,0.07
T10457_2,313.4,0.134
T16883_2,282.2,0.041
T10602_2,293.6,0.05
T10490_2,255.2,-0.097
T10490_1,11.2,0.328
T16880_2,304.1,0.104
T3129_1,159.4,-0.397
T10574_1,226.7,-0.303
AC239_2,167.9,-0.489
T17013_1,20.6,0.732
T10526_2,159.9,-0.43
T3098_1,102.1,-0.159
T10415_2,271.9,0.009
AC239_4,242.2,-0.451
L301_1,154.0,-0.058
L301_2,308.7,0.112
T10535_2,313.6,0.535
T10495_1,305.0,0.128
T10531_1,25.7,0.686
T10560_2,144.3,-0.269
T14742_2,285.5,0.076
T14742_1,53.8,0.359
T10514_2,263.7,-0.012
T3132_2,342.1,0.155
T3132_1,313.2,0.188
T10563_1,258.0,-0.031
T10391_1,17.1,0.239
T10514_1,9.0,0.178
T10391_2,279.5,0.058
T10620_1,314.1,0.275
AC239_1,257.6,-0.072
T16747_1,338.7,0.582
T16742_2,344.7,0.465
T16743_2,357.9,0.391
T16881_2,226.7,-0.102
T16747_2,166.4,-0.496
L301_4,236.5,-0.198
T10492_2,298.1,0.122
T3122_1,343.9,0.592
T10466_1,59.5,0.242
T10602_1,141.7,-0.145
T10567_2,317.8,0.256
T10536_1,331.0,0.187
T10495_2,270.3,0.001
T10509_2,262.7,-0.025
T10509_1,27.1,0.205
T3073_1,0.3,0.197
T10520_1,320.6,0.284
T17188_2,271.5,0.018
T10593_2,22.8,0.307
T10618_1,285.2,0.115
T10584_2,269.9,-0.0
T10535_1,185.2,-0.349
T10517_1,206.5,-0.444
T10493_1,358.3,0.168
T10531_2,44.8,0.363
T10633_2,339.8,0.343
T3111_1,27.1,0.811
T15559_2,313.1,0.187
T3111_2,230.8,-0.326
T10584_1,70.3,0.08
T10492_1,254.7,-0.059
T10537_2,358.3,0.589
T3124_1,20.3,0.699
T10537_1,46.3,0.521
T16743_1,225.8,-0.144
T17011_1,2.7,0.448
T3057_2,282.4,0.108
T10511_2,351.9,0.213
T10269_1,111.2,-0.104
T10269_2,311.1,0.259
T3122_2,305.2,0.318
L307_4,349.7,0.495
T17700_2,214.0,-0.306
T3057_1,54.6,0.137
T10493_2,286.9,0.056
T17013_2,218.4,-0.641
T10604_1,48.9,0.28
T3114_1,43.5,0.244
T10604_2,44.2,0.217
T10511_1,234.9,-0.073
T10579_1,351.6,0.146
T16742_1,199.1,-0.454
T10536_2,289.9,0.059
T10580_2,353.6,0.361
AC211_3,320.1,0.066
T10585_2,339.0,0.321
T10587_1,340.3,0.087
T10633_1,71.8,0.099
T10589_2,39.5,0.043
T15559_1,216.2,-0.022
T3053_2,294.0,0.299
T17699_2,265.9,-0.04
T17699_1,157.3,-0.32
T3053_1,59.8,0.171
T10629_2,201.7,-0.224
T3113_2,14.9,0.334
T17011_2,229.8,-0.354
T3133_2,21.6,0.173
T10620_2,187.2,-0.265
T17188_1,139.4,-0.372
T10567_1,228.1,-0.054
T16880_1,204.0,-0.114
AC211_4,276.3,0.013
T10629_1,175.7,-0.484
AC328_2,14.1,0.43
T15654_2,351.7,0.311
T15654_1,29.7,0.22
T15318_2,316.4,0.263
T15318_1,20.8,0.423
T10542_1,11.8,0.477
AC328_1,60.5,0.485
T10497_1,104.5,-0.15
T10497_2,74.1,0.02
T10529_2,300.0,0.098
T10520_2,267.3,-0.007
T3073_2,286.0,0.047
T10668_1,16.4,0.058
T10533_1,171.7,-0.685
T3124_2,354.7,0.574
T10533_2,251.5,-0.128
T10669_2,98.1,-0.05
AC434_6,169.6,-0.113
T10673_2,136.8,-0.421
L307_5,338.2,0.316
T3141_1,44.4,0.167
T10593_1,68.1,0.177
T10618_2,290.8,0.162
T3130_2,275.4,0.075
T3127_1,322.1,0.218
L309_1,353.4,0.586
T10424_1,318.7,0.17
T17012_2,245.3,-0.21
T17012_1,8.5,0.824
T10566_2,310.9,0.526
T3130_1,210.5,-0.436
T10424_2,291.5,0.105
T10447_1,40.1,0.384
T10447_2,332.6,0.362
T10519_2,327.6,0.115
T10519_1,333.1,0.142
AC328_3,270.2,0.001
T10680_2,109.9,-0.148
T3133_1,140.7,-0.363
T3137_1,325.3,0.46
T3141_2,51.3,0.37
T10562_1,34.1,0.124
T10562_2,331.9,0.195
T10465_2,358.0,0.514
T3148_2,15.9,0.791
L302_2,4.3,0.416
T10592_2,63.3,0.038
T10529_1,223.6,-0.173
T10528_2,242.9,-0.254
T3137_2,266.7,-0.04
L302_3,139.3,-0.123
T15317_1,339.7,0.455
T10586_2,348.0,0.58
T2914_1,50.0,0.231
T10610_2,67.9,0.064
T10586_1,103.9,-0.19
T10591_1,325.6,0.312
T10669_1,89.9,0.001
T10610_1,105.5,-0.103
T10614_1,358.5,0.175
T3072_1,17.1,0.281
T10625_2,282.0,0.031
T10576_2,221.7,-0.21
T10576_1,11.1,0.413
T10541_1,15.8,0.418
T10552_2,332.6,0.35
T3070_2,341.2,0.327
T15317_2,251.8,-0.136
T3126_2,327.8,0.612
T10673_1,125.4,-0.39
T3114_2,166.9,-0.402
T10591_2,146.4,-0.221
T3007_1,114.6,-0.047
T10640_1,54.3,0.044
T15512_1,5.2,0.28
T10508_2,326.7,0.57
T10541_2,319.1,0.287
T10640_2,283.4,0.035
T10614_2,214.7,-0.303
T10592_1,99.5,-0.02
T10515_2,256.8,-0.133
T10515_1,293.3,0.09
T10566_1,213.8,-0.346
T10542_2,291.6,0.094
T10668_2,206.3,-0.058
T10632_2,340.1,0.224
T3121_2,270.2,0.001
T3121_1,102.2,-0.167
T3113_1,114.4,-0.147
T10608_2,22.6,0.255
T10683_1,82.0,0.022
T10683_2,172.7,-0.242
T10545_2,238.3,-0.335
T10465_1,23.5,0.342
T3072_2,301.4,0.169
T10642_2,297.9,0.066
T10552_1,21.0,0.335
T3126_1,348.7,0.755
T10698_2,272.2,0.016
T10475_1,30.9,0.117
T10641_2,190.1,-0.315
T10641_1,158.4,-0.312
T10628_1,346.5,0.2
T10508_1,304.5,0.314
T10525_1,15.6,0.757
T10692_1,292.7,0.038
T3127_2,311.7,0.164
T10698_1,228.9,-0.049
T3147_1,343.4,0.724
T10667_2,312.8,0.223
T10622_1,335.7,0.801
T10572_2,213.4,-0.263
T10572_1,352.9,0.777
T10667_1,69.6,0.031
T16980_1,1.2,0.247
T3071_2,202.9,-0.236
T3071_1,34.7,0.337
T3070_1,206.7,-0.214
T10549_1,2.5,0.295
T10570_2,0.6,0.319
T10570_1,12.4,0.187
T10439_2,27.9,0.449
T16981_2,251.9,-0.093
T16981_1,321.6,0.159
T10569_1,306.0,0.11
T10475_2,279.4,0.03
T10545_1,225.8,-0.506
T16738_2,284.6,0.156
T10549_2,356.1,0.192
T10691_1,322.0,0.529
T10666_1,326.9,0.287
T10582_2,6.1,0.701
T10553_1,1.7,0.782
T10638_1,197.1,-0.31
T10525_2,288.9,0.025
T16732_2,242.9,-0.133
T10565_2,329.7,0.167
T10462_2,263.5,-0.008
T10643_1,347.5,0.105
T15359_2,340.2,0.732
AC434_4,197.1,-0.337
T10597_2,296.6,0.213
T10547_2,9.0,0.375
T16738_1,209.3,-0.666
T10707_2,268.5,-0.014
T10597_1,2.2,0.315
T10569_2,210.4,-0.284
T17698_2,352.7,0.599
T3148_1,134.2,-0.188
T10635_1,48.9,0.458
T10605_2,337.8,0.394
T10635_2,41.9,0.416
T16962_2,295.6,0.097
T10631_2,298.2,0.132
T10648_2,30.3,0.54
T10462_1,35.8,0.036
T10582_1,66.7,0.175
T10628_2,235.7,-0.136
T16732_1,44.4,0.276
T10625_1,177.3,-0.122
T10605_1,264.5,-0.031
T10677_2,221.3,-0.285
T10608_1,113.0,-0.097
T3069_2,262.6,-0.056
T3069_1,49.5,0.479
T10626_1,102.5,-0.059
T10680_1,114.8,-0.145
T3134_1,40.7,0.17
T16963_1,332.7,0.125
T10439_1,74.1,0.145
T10617_1,60.6,0.201
T10642_1,195.2,-0.134
T10647_2,218.2,-0.273
T10690_2,55.6,0.261
T10647_1,34.9,0.239
T3152_1,202.1,-0.343
T3152_2,180.4,-0.153
T10638_2,289.4,0.044
T10528_1,218.3,-0.669
T16962_1,179.6,-0.147
T15512_2,124.7,-0.215
T16963_2,217.4,-0.331
T10670_2,181.2,-0.163
T10553_2,349.4,0.642
T10670_1,148.1,-0.223
T3007_2,5.7,0.022
L302_1,193.1,-0.392
T10666_2,259.8,-0.064
T3068_1,46.2,0.472
T10575_1,269.6,-0.002
T3068_2,273.3,0.023
T10575_2,341.0,0.778
T2914_2,254.4,-0.064
T10626_2,273.0,0.011
T10599_2,298.6,0.194
T10581_1,329.2,0.197
AC434_2,119.3,-0.162
T10636_2,305.4,0.459
T10648_1,52.8,0.374
T10403_1,57.6,0.31
T10403_2,7.2,0.483
T10632_1,186.5,-0.139
T15719_2,355.3,0.668
T3173_1,287.9,0.131
T10734_1,40.7,0.338
T15511_2,359.8,0.21
T16980_2,209.0,-0.454
T10565_1,257.1,-0.03
T10606_2,294.0,0.098
T10561_1,23.1,0.283
L314_1,50.5,0.032
T10654_2,271.8,0.02
T3115_2,284.1,0.043
T3115_1,344.6,0.167
T10577_1,6.1,0.233
T10634_1,338.5,0.418
T10564_2,327.4,0.706
T10564_1,350.5,0.7
T10588_2,285.0,0.043
T10695_2,293.3,0.034
T10588_1,357.0,0.049
T10616_2,12.5,0.738
T10616_1,49.0,0.453
T10656_2,296.5,0.075
T10606_1,157.5,-0.182
T3146_2,290.7,0.276
T10581_2,262.0,-0.02
T3146_1,140.4,-0.494
T3147_2,197.0,-0.667
T10617_2,58.4,0.319
L306_3,303.3,0.167
T16979_2,259.6,-0.105
T10547_1,304.9,0.135
T10534_2,330.9,0.487
T10557_2,9.9,0.549
T16739_2,19.4,0.508
T10534_1,13.9,0.603
T10711_2,220.6,-0.073
T3145_1,326.0,0.407
T10573_2,60.0,0.425
T10540_1,26.4,0.694
T15380_2,340.7,0.594
T10598_1,12.6,0.774
T10636_1,229.3,-0.454
T10654_1,149.9,-0.141
T10598_2,287.5,0.136
T10634_2,234.4,-0.496
T10734_2,230.1,-0.285
T10644_2,309.5,0.187
T15506_1,112.9,-0.173
T15378_2,305.2,0.312
T10677_1,203.0,-0.36
T15367_1,26.6,0.608
T10656_1,205.5,-0.151
T10692_2,234.9,-0.041
T10702_2,265.7,-0.03
T10741_1,4.0,0.472
T15367_2,307.0,0.343
AC212_1,355.3,0.05
T10711_1,150.9,-0.262
L303_2,37.9,0.053
T10540_2,260.5,-0.063
T15511_1,148.9,-0.191
L303_3,288.7,0.017
T3168_2,127.7,-0.057
T3168_1,340.6,0.235
T10622_2,301.8,0.42
T10612_1,21.0,0.449
T10527_2,257.2,-0.062
T10527_1,330.8,0.171
L303_1,23.8,0.393
T10646_2,258.2,-0.128
T10646_1,350.8,0.658
T15316_2,326.1,0.277
T10702_1,49.8,0.233
T17190_2,266.6,-0.033
T17190_1,159.8,-0.533
T15608_2,336.1,0.299
T10615_1,0.7,0.308
T3149_2,298.6,0.37
T10643_2,301.5,0.015
T10615_2,225.0,-0.374
T10631_1,227.5,-0.181
T14658_2,322.9,0.655
T10583_1,332.7,0.224
T10405_1,319.0,0.711
T10652_2,278.5,0.073
T17698_1,284.1,0.144
T10460_1,27.5,0.6
T10460_2,297.2,0.188
T10550_2,4.6,0.574
T15608_1,12.7,0.278
T10561_2,246.0,-0.094
T15607_2,310.9,0.444
T10599_1,161.4,-0.252
T15607_1,61.6,0.221
T10550_1,41.9,0.569
T10621_2,259.5,-0.101
T10621_1,13.0,0.898
T16744_1,355.6,0.768
T3138_1,36.7,0.687
T10691_2,312.0,0.232
T10590_1,288.1,0.062
AC330_4,352.8,0.219
T10664_2,323.6,0.588
T10613_1,339.5,0.442
T10573_1,62.0,0.361
T15183_2,341.7,0.632
T10624_2,308.0,0.237
T10571_2,294.6,0.026
T3176_1,259.9,-0.134
T10571_1,102.5,-0.009
L304_2,184.5,-0.103
T10557_1,33.8,0.687
T10405_2,307.6,0.548
T10577_2,266.7,-0.007
T10726_2,297.6,0.283
T15380_1,229.2,-0.391
T16744_2,288.7,0.065
T15359_1,216.5,-0.549
T10649_1,85.9,0.012
T10623_1,56.0,0.054
T10623_2,308.5,0.139
T10707_1,212.5,-0.458
T10613_2,308.8,0.212
T16979_1,183.7,-0.45
T15719_1,86.4,0.043
T14658_1,90.5,-0.006
T16741_1,340.8,0.24
T3176_2,244.5,-0.369
T10609_2,244.3,-0.029
T10661_1,287.0,0.089
T10601_1,324.4,0.32
T15316_1,24.7,0.251
T10725_1,250.0,-0.06
T10595_1,348.4,0.752
T10601_2,335.7,0.408
T10595_2,1.7,0.761
T3109_1,357.0,0.261
T3109_2,294.6,0.136
T10630_2,355.1,0.633
T10627_2,10.5,0.49
T16750_1,21.2,0.544
T10627_1,61.3,0.388
T10725_2,266.8,-0.034
L304_1,321.2,0.102
T10754_1,171.2,-0.298
T3145_2,267.2,-0.012
T3134_2,141.1,-0.11
T10559_2,328.2,0.587
T10559_1,354.9,0.543
T10661_2,183.9,-0.685
T10583_2,253.6,-0.06
T10690_1,65.5,0.261
T10639_2,2.4,0.459
T10639_1,352.5,0.417
T10671_2,322.9,0.294
T10741_2,32.5,0.376
T10612_2,305.0,0.176
T10518_1,339.6,0.65
T15506_2,140.8,-0.229
T10590_2,235.1,-0.34
T3173_2,351.4,0.284
T10754_2,260.6,-0.043
T10726_1,267.1,-0.029
T16750_2,235.7,-0.206
T10609_1,256.1,-0.018
T15510_2,306.6,0.164
T10676_2,328.0,0.407
T10645_2,287.9,0.066
T10651_2,208.5,-0.628
T10651_1,179.8,-0.576
T3149_1,237.9,-0.353
L305_2,339.4,0.175
L306_2,307.4,0.035
L306_4,261.0,-0.041
T15510_1,114.8,-0.131
T10733_2,249.8,-0.26
T10733_1,176.5,-0.442
T17191_2,257.6,-0.145
T10652_1,189.3,-0.604
T10653_2,51.5,0.418
T10596_2,266.3,-0.037
T17009_2,357.4,0.537
T10596_1,51.8,0.426
T15378_1,191.7,-0.607
T10700_1,163.2,-0.159
T10695_1,284.9,0.016
T10630_1,7.5,0.488
T16739_1,247.9,-0.08
T10699_2,270.3,0.001
T10645_1,204.5,-0.177
L307_3,301.8,0.104
AC330_1,341.0,0.171
T10700_2,234.1,-0.108
T10644_1,252.5,-0.097
T3169_1,24.3,0.613
T10681_1,67.0,0.067
T10681_2,287.5,0.07
AC212_4,296.3,0.029
T3169_2,17.6,0.588
L308_2,171.4,-0.046
L306_1,106.4,-0.021
T10724_1,10.7,0.308
T10721_2,318.0,0.155
T10671_1,174.5,-0.499
T10721_1,108.3,-0.062
T10778_1,60.0,0.21
T10743_1,168.1,-0.249
T10649_2,306.6,0.069
T10743_2,168.3,-0.361
T3150_2,300.0,0.233
T10774_2,297.5,0.164
T17191_1,174.0,-0.831
T10778_2,46.8,0.255
T17009_1,258.3,-0.077
T10739_2,271.1,0.002
T10774_1,186.6,-0.363
T10739_1,85.4,0.011
T10716_1,227.7,-0.344
T10653_1,63.9,0.339
T10624_1,145.8,-0.309
T10658_2,10.3,0.098
T17674_1,19.1,0.109
T10708_2,287.1,0.161
T10708_1,136.8,-0.334
L309_2,298.2,0.082
T15509_1,93.8,-0.056
T15509_2,290.7,0.267
T10716_2,239.2,-0.313
T10664_1,222.2,-0.563
T10679_2,311.3,0.343
L305_1,71.3,0.099
T10665_1,259.4,-0.083
L310_2,0.4,0.021
T15183_1,303.9,0.226
T10555_1,351.4,0.252
T10555_2,315.9,0.214
T16741_2,258.9,-0.008
T10789_1,22.3,0.494
T15507_1,28.3,0.715
T10706_2,262.2,-0.013
T10706_1,338.1,0.164
L311_2,112.0,-0.137
AC334_7,304.2,0.121
T10731_1,356.4,0.039
T10688_1,99.9,-0.059
T10789_2,131.7,-0.475
AC334_6,350.9,0.248
T3161_1,88.7,0.005
T3161_2,7.3,0.374
T10600_2,317.0,0.132
T10600_1,112.6,-0.105
T10776_1,348.7,0.281
T16740_2,351.0,0.156
T3165_4,203.6,-0.294
AC334_4,193.5,-0.064
T10792_2,274.6,0.015
T10792_1,103.4,-0.025
T10788_1,26.5,0.444
T10717_2,345.0,0.214
T10717_1,69.3,0.062
T15508_1,53.3,0.542
T17874_2,349.0,0.942
T10779_1,348.2,0.249
T10783_1,329.2,0.104
L310_3,326.0,0.264
T10794_1,4.8,0.432
T10767_1,1.6,0.291
T10768_2,143.8,-0.259
T10742_2,299.1,0.071
T10793_2,125.6,-0.063
T10793_1,112.0,-0.174
T10709_2,296.8,0.255
T15483_1,248.3,-0.339
T10724_2,293.1,0.143
T10699_1,252.4,-0.059
L312_2,327.2,0.175
T15507_2,217.1,-0.645
T10607_2,304.0,0.138
T10607_1,351.6,0.198
T10794_2,179.1,-0.501
T10796_2,111.6,-0.24
T10801_2,246.9,-0.198
T10679_1,208.2,-0.099
T15508_2,238.9,-0.471
T15554_2,273.7,0.011
T15554_1,49.6,0.137
AC330_3,309.9,0.147
T16740_1,274.2,0.001
T10758_2,12.4,0.825
T10773_1,8.4,0.684
T10518_2,331.0,0.322
T10611_2,291.9,0.08
T10709_1,166.9,-0.09
T10719_1,309.0,0.498
T10746_2,322.8,0.339
T10746_1,81.4,0.089
T10758_1,38.7,0.58
AC334_3,225.2,-0.292
T3165_3,297.8,0.095
T10655_1,55.9,0.355
T10694_2,2.8,0.386
T10766_2,8.8,0.702
T10659_2,253.6,-0.195
T10655_2,41.4,0.521
T10749_1,310.7,0.137
T10773_2,343.5,0.694
T10719_2,301.9,0.407
T10676_1,174.2,-0.814
L310_1,105.7,-0.111
T10807_1,64.2,0.379
T10769_2,27.0,0.62
AC334_2,281.4,0.08
T10611_1,245.2,-0.122
T10801_1,229.6,-0.288
T10807_2,291.7,0.284
T10672_1,61.8,0.318
T10672_2,354.1,0.698
T10718_2,6.8,0.83
L312_1,24.4,0.261
L308_1,83.4,0.015
T10768_1,110.3,-0.219
L311_1,31.6,0.453
T10657_2,329.3,0.071
T10657_1,92.8,-0.006
T3164_2,339.2,0.761
T3164_1,116.7,-0.276
T15560_1,344.5,0.12
T10693_1,347.9,0.052
T10693_2,302.9,0.075
T10659_1,190.0,-0.624
T10766_1,43.5,0.487
T10713_2,143.9,-0.198
T10805_1,12.6,0.639
T10689_2,331.0,0.658
L307_2,230.1,-0.025
T17674_2,234.9,-0.291
T3157_2,321.7,0.148
T3151_1,54.3,0.15
T10816_1,352.1,0.491
L312_3,245.1,-0.026
T10689_1,20.1,0.668
T10767_2,150.6,-0.383
T10720_2,105.0,-0.17
T10751_1,39.9,0.212
T10752_2,264.0,-0.07
AC212_5,329.3,0.084
T10752_1,218.9,-0.48
T14931_1,9.0,0.635
T10722_2,347.0,0.776
T3151_2,6.7,0.15
L313_2,242.2,-0.037
T10688_2,235.8,-0.081
T10769_1,47.7,0.459
T3150_1,183.1,-0.552
L313_3,342.2,0.052
T3157_1,75.4,0.09
T10736_1,348.2,0.401
T10686_2,244.4,-0.146
T10686_1,2.4,0.27
T15498_2,268.6,-0.021
T10685_2,329.5,0.643
T14677_1,42.2,0.587
T14677_2,321.6,0.667
T17008_1,44.8,0.528
T17008_2,306.3,0.204
T10658_1,65.9,0.116
T17517_1,258.7,-0.015
T17517_2,297.0,0.168
T10687_2,12.9,0.72
T14674_1,68.7,0.085
T10675_2,253.8,-0.154
T3190_2,307.6,0.122
T14931_2,326.5,0.609
L314_2,296.5,0.11
T15498_1,87.2,0.027
T10757_1,315.2,0.51
T10685_1,39.1,0.652
T10831_2,272.0,0.022
T10813_1,78.2,0.161
T10813_2,351.4,0.549
T10738_1,188.3,-0.102
T10738_2,180.6,-0.252
T10788_2,42.4,0.176
L309_3,313.1,0.062
T10732_2,18.9,0.643
T14674_2,259.7,-0.031
T10749_2,264.8,-0.01
T10665_2,205.1,-0.57
T10763_2,19.4,0.165
T10718_1,99.1,-0.126
AC433_4,231.2,-0.052
T10694_1,137.8,-0.275
T10805_2,185.1,-0.318
T10731_2,264.0,-0.004
T10828_2,6.7,0.666
T10776_2,173.8,-0.133
T17874_1,98.8,-0.123
T10753_2,258.0,-0.142
T10753_1,116.6,-0.121
T10745_2,229.9,-0.311
AC330_2,201.0,-0.45
T10742_1,166.3,-0.072
T10745_1,102.5,-0.032
T10684_2,305.8,0.209
T10684_1,70.9,0.138
T10650_1,35.5,0.583
T10779_2,173.1,-0.162
T10678_2,266.7,-0.013
T3119_2,276.9,0.022
T10660_1,337.0,0.168
T10783_2,169.1,-0.124
T10678_1,23.0,0.255
T10722_1,78.9,0.136
T10603_2,305.5,0.114
T10603_1,16.5,0.165
T3119_1,8.1,0.189
T10728_2,352.6,0.589
T10703_1,354.6,0.243
T10796_1,111.6,-0.213
T3190_1,281.4,0.017
T10710_2,32.1,0.311
T10703_2,261.7,-0.025
T10757_2,307.8,0.343
T10763_1,145.4,-0.212
T10723_1,357.4,0.257
T16967_2,270.0,0.0
T16967_1,17.7,0.189
T17871_2,357.6,0.948
T10662_1,356.2,0.85
T10662_2,353.3,0.889
AC326_3,233.3,-0.158
T10713_1,174.3,-0.307
T10663_2,10.2,0.804
T10663_1,1.2,0.775
T10697_1,193.2,-0.573
T10660_2,269.9,-0.0
T15721_2,23.7,0.53
T10737_1,35.8,0.364
T15721_1,45.1,0.336
T15379_1,14.1,0.848
T10720_1,141.4,-0.229
T3171_1,65.4,0.232
T3171_2,8.5,0.542
T15560_2,175.0,-0.255
T10650_2,61.3,0.358
T10697_2,192.9,-0.729
T3142_2,2.0,0.496
T3142_1,64.7,0.223
AC322_2,315.7,0.171
T10800_1,20.2,0.506
T10687_1,52.5,0.323
T10732_1,67.1,0.213
T10723_2,200.6,-0.252
T14676_1,30.7,0.543
T10729_2,351.5,0.739
T14676_2,335.3,0.82
T10710_1,257.0,-0.034
T10837_2,6.3,0.408
L313_1,341.8,0.128
T10816_2,338.3,0.321
T10810_1,221.3,-0.496
T10728_1,255.9,-0.029
T10730_1,310.2,0.104
T10730_2,228.7,-0.234
T10817_1,83.8,0.055
AC326_1,72.2,0.092
T10729_1,54.1,0.436
T10804_1,27.0,0.437
T10817_2,322.2,0.445
AC326_2,160.5,-0.149
T10736_2,33.1,0.306
T10696_2,12.1,0.275
L315_2,123.1,-0.023
T3158_2,350.1,0.322
T10705_1,344.4,0.238
T10675_1,235.6,-0.477
T10737_2,40.0,0.176
T15724_1,54.6,0.384
T15724_2,256.1,-0.048
T10762_2,332.9,0.474
T10751_2,322.6,0.169
T10823_2,52.1,0.032
T10823_1,98.1,-0.031
AC334_1,334.1,0.074
AC320_3,351.3,0.561
T10727_2,323.1,0.59
T10727_1,326.6,0.552
T10809_2,337.8,0.402
L316_2,289.9,0.058
T15496_1,63.3,0.263
L314_3,224.6,-0.106
L315_3,312.9,0.106
T10831_1,225.8,-0.484
T10762_1,72.5,0.184
AC322_1,278.1,0.031
T10799_2,180.9,-0.741
T10810_2,205.3,-0.495
T14672_2,331.5,0.314
T10828_1,58.7,0.138
T10772_2,291.5,0.127
L316_1,46.3,0.109
AC334_5,297.7,0.079
T3166_2,263.9,-0.024
T3166_1,30.7,0.199
T10809_1,67.3,0.065
T15496_2,262.0,-0.091
T17871_1,99.7,-0.158
T15722_1,78.9,0.137
T15722_2,306.6,0.206
T10744_2,27.4,0.563
AC213_5,30.0,0.149
T10775_1,45.7,0.24
T3187_1,338.0,0.204
AC320_1,296.0,0.089
T10799_1,172.9,-0.769
T3187_2,275.5,0.042
T3140_1,297.5,0.096
T10837_1,84.7,0.038
T10830_2,28.4,0.616
AC319_1,168.5,-0.941
T10822_2,193.1,-0.091
T10804_2,67.4,0.174
T15379_2,264.8,-0.038
T10822_1,168.8,-0.172
L315_1,120.9,-0.086
AC334_8,236.8,-0.292
T10705_2,280.6,0.083
T10800_2,62.0,0.102
T3140_2,267.7,-0.007
AC433_1,95.6,-0.026
T3192_2,8.9,0.201
T10840_2,201.5,-0.101
T10874_1,30.2,0.624
AC212_3,345.1,0.16
AC322_3,199.1,-0.332
T3118_2,282.9,0.059
T10748_1,327.8,0.202
T3118_1,8.6,0.169
T3158_1,99.8,-0.06
T10787_2,307.8,0.115
T10812_2,331.1,0.136
AC336_3,255.6,-0.118
T17189_1,261.1,-0.083
AC320_2,191.2,-0.585
T10830_1,49.2,0.419
T15027_1,2.6,0.175
T10873_2,277.9,0.052
T14671_1,34.2,0.503
T10873_1,123.6,-0.196
T10696_1,323.0,0.128
T14671_2,340.6,0.686
AC338_4,264.3,-0.047
T15441_2,305.2,0.237
T10701_2,353.0,0.656
T10785_2,280.7,0.041
T10784_2,263.6,-0.071
T3183_2,299.4,0.298
T10840_1,146.4,-0.283
L316_3,272.1,0.006
L317_2,285.3,0.02
T10748_2,298.6,0.082
T10784_1,316.9,0.432
T10827_1,167.0,-0.689
T10775_2,258.3,-0.044
T16959_1,2.2,0.245
T10712_2,325.5,0.139
T10712_1,36.8,0.216
T10770_1,281.6,0.092
T10787_1,274.1,0.011
T15497_2,269.9,-0.001
T10827_2,208.6,-0.589
T15567_2,267.7,-0.013
T15567_1,320.1,0.17
T15441_1,202.5,-0.686
T10866_2,324.2,0.237
T15566_2,312.7,0.157
T15565_1,17.2,0.722
AC336_1,24.9,0.142
T10782_1,5.5,0.828
AC336_2,336.5,0.239
T15565_2,188.2,-0.95
T10874_2,127.0,-0.215
T15497_1,106.4,-0.123
L317_1,350.9,0.146
T3175_1,40.2,0.17
T10770_2,296.2,0.245
T15723_2,327.3,0.376
T10756_2,328.3,0.66
T10908_2,314.5,0.175
T10797_2,289.3,0.095
T10756_1,357.9,0.671
T10797_1,358.3,0.282
T10879_1,0.5,0.728
T10832_1,107.9,-0.2
T10701_1,55.4,0.451
T14669_2,349.6,0.731
T16959_2,263.9,-0.017
T10744_1,34.9,0.315
T14672_1,224.0,-0.027
T10772_1,278.0,0.035
AC433_3,243.3,-0.119
T10882_1,109.7,-0.243
T10782_2,337.6,0.731
T10882_2,114.2,-0.173
T14670_2,340.8,0.464
T10829_2,218.2,-0.485
T10715_1,267.1,-0.013
T10715_2,348.0,0.141
AC433_2,98.1,-0.102
T15027_2,22.3,0.257
T17189_2,156.2,-0.775
T10714_2,11.4,0.155
T10832_2,354.0,0.562
T10714_1,301.0,0.069
T10802_1,18.7,0.424
T10790_2,277.9,0.046
T10790_1,32.3,0.355
T15315_1,13.0,0.29
T3170_1,70.8,0.171
T3175_2,277.9,0.027
T10704_2,339.1,0.18
T3172_2,7.7,0.567
T10880_1,64.4,0.187
T10740_1,33.0,0.468
T3170_2,355.1,0.645
T10771_2,298.6,0.158
T3117_1,47.3,0.299
T10740_2,22.8,0.305
T10923_1,277.8,0.102
T10735_1,357.8,0.144
T10761_2,252.6,-0.065
T10761_1,344.3,0.207
T10771_1,337.5,0.192
T15494_1,70.8,0.243
T14804_2,2.8,0.718
T10907_2,347.3,0.223
T3174_1,41.8,0.428
T10907_1,94.4,-0.017
T3165_2,334.9,0.205
T3192_1,196.8,-0.382
T10917_1,216.6,-0.02
T10917_2,289.3,0.07
T3117_2,272.9,0.016
AC342_2,321.2,0.204
T15566_1,156.2,-0.263
T15723_1,115.8,-0.144
T3195_2,326.6,0.365
T3195_1,36.3,0.312
AC340_1,5.4,0.253
T10735_2,244.0,-0.323
T10811_1,263.0,-0.073
T3183_1,254.9,-0.158
L317_3,282.4,0.03
T3165_1,255.2,-0.05
T10781_1,323.9,0.489
T10812_1,157.8,-0.572
T10765_1,323.8,0.314
T10765_2,9.6,0.389
AC432_1,122.7,-0.116
T14804_1,51.0,0.447
T14668_2,300.4,0.17
T10803_1,326.6,0.596
T10781_2,290.1,0.253
T16737_1,39.1,0.25
T10798_1,11.3,0.481
T15315_2,296.8,0.136
T10798_2,351.9,0.424
T14668_1,193.0,-0.153
T16737_2,259.3,-0.03
T10821_2,356.5,0.394
T16735_2,292.3,0.116
T15360_1,293.6,0.216
T10704_1,256.7,-0.047
AC238_3,128.7,-0.169
T10802_2,212.5,-0.135
T10785_1,213.6,-0.546
T3178_1,1.4,0.402
T10906_2,315.9,0.362
T10879_2,108.1,-0.126
T10786_1,349.7,0.148
T3189_1,13.0,0.319
T3189_2,262.4,-0.025
T3143_1,79.7,0.074
T3143_2,326.4,0.391
T10908_1,220.1,-0.271
AC338_1,308.4,0.146
T3174_2,27.0,0.278
AC238_4,188.6,-0.847
T10824_2,318.4,0.152
T10922_2,91.3,-0.009
T16960_2,267.4,-0.009
T10814_1,349.0,0.205
T10815_1,15.6,0.63
T16960_1,35.9,0.293
T10815_2,310.0,0.237
AC238_2,200.9,-0.682
T10866_1,240.0,-0.115
T15360_2,267.3,-0.021
T3116_1,52.8,0.22
T3116_2,279.9,0.076
T10836_1,0.2,0.389
T10821_1,43.1,0.332
T16957_1,25.7,0.547
T15494_2,249.4,-0.3
T10824_1,256.3,-0.035
T16735_1,172.0,-0.249
T10795_2,320.9,0.363
T10777_1,14.5,0.517
T16964_2,351.9,0.554
T10637_1,327.6,0.14
T10637_2,308.8,0.104
T3178_2,328.3,0.255
T14669_1,222.5,-0.044
T10858_2,62.7,0.127
T10829_1,178.3,-0.727
T16977_1,311.9,0.463
T10880_2,123.3,-0.186
T10808_1,339.6,0.727
T10777_2,336.2,0.366
T10786_2,322.1,0.038
T10803_2,310.4,0.314
AC432_2,197.3,-0.188
AC340_4,309.2,0.136
T10923_2,228.7,-0.45
T14670_1,220.4,-0.034
AC238_1,282.5,0.054
T10791_1,8.3,0.232
L318_3,9.2,0.695
T10912_1,59.1,0.1
T10912_2,261.5,-0.047
T10791_2,305.4,0.099
T16957_2,257.0,-0.052
T16978_1,342.3,0.557
T10808_2,305.6,0.47
T10939_1,59.5,0.094
T10963_1,297.9,0.171
T16958_2,18.7,0.744
T3191_2,304.2,0.373
T3191_1,75.5,0.073
T16964_1,190.3,-0.427
T3172_1,67.0,0.145
L318_2,318.0,0.052
T10950_2,25.1,0.39
T10841_2,334.5,0.421
T10841_1,342.0,0.287
T10851_1,36.9,0.158
T3125_2,309.2,0.15
T15314_1,26.6,0.384
T16966_1,4.8,0.359
T16955_2,287.6,0.073
T10780_1,332.7,0.64
AC342_1,329.8,0.24
T3188_1,324.8,0.169
T3188_2,228.7,-0.257
T10578_1,25.3,0.535
T3196_2,287.2,0.248
T3196_1,357.1,0.343
T10950_1,99.1,-0.102
T3203_1,323.6,0.62
T10826_2,318.2,0.063
T3125_1,43.6,0.234
AC344_1,302.0,0.1
T3120_1,48.6,0.274
L319_1,303.5,0.091
T10854_1,133.5,-0.546
T10854_2,84.6,0.023
T16958_1,223.4,-0.333
T10892_1,90.9,-0.006
T10892_2,14.9,0.479
T10967_1,25.9,0.633
T15314_2,259.2,-0.047
T10868_1,112.7,-0.264
T10811_2,210.2,-0.61
T14807_1,2.6,0.237
T10819_2,229.0,-0.416
T17873_1,81.0,0.148
T16966_2,207.1,-0.323
T17873_2,319.6,0.686
T3179_1,350.2,0.388
T3179_2,239.5,-0.162
T10844_2,70.5,0.294
AC461_1,347.6,0.153
T10900_2,46.1,0.404
T17187_2,235.6,-0.228
T16977_2,163.2,-0.593
T10875_1,349.2,0.14
T10819_1,207.6,-0.592
AC338_3,237.1,-0.32
AC348_3,285.1,0.032
T10967_2,164.9,-0.793
T10857_1,44.2,0.356
AC338_2,332.4,0.241
T10906_1,67.7,0.278
T10922_1,109.5,-0.112
T10883_2,277.2,0.049
T3120_2,297.2,0.15
T10857_2,234.0,-0.189
T10780_2,313.2,0.536
AC340_3,279.6,0.04
T3203_2,233.2,-0.531
T10887_1,325.8,0.646
T10578_2,2.5,0.544
T10884_2,274.9,0.007
T10795_1,60.9,0.164
T10825_2,295.0,0.111
T10826_1,242.1,-0.031
AC350_4,202.3,-0.107
T10825_1,353.4,0.308
T10849_2,15.5,0.505
T3153_2,290.1,0.054
T10926_1,19.9,0.117
T10910_2,302.0,0.238
T16955_1,211.1,-0.39
T14985_1,22.3,0.379
T3205_1,329.6,0.251
T10939_2,25.2,0.22
T10875_2,215.6,-0.092
T14806_2,259.5,-0.044
T14806_1,6.9,0.372
T10851_2,342.1,0.175
T10849_1,19.9,0.435
T10814_2,203.8,-0.545
T10872_1,35.0,0.22
T10872_2,292.0,0.106
T10884_1,178.9,-0.159
T17187_1,140.3,-0.63
T15725_1,21.4,0.432
T15725_2,4.8,0.44
AC350_2,34.7,0.401
T10850_2,2.0,0.25
T10862_1,8.2,0.379
T10850_1,55.8,0.118
T14807_2,242.0,-0.028
T10820_2,295.8,0.085
T16965_1,34.0,0.26
T16978_2,229.1,-0.207
T10836_2,54.1,0.202
T10820_1,329.3,0.079
L320_2,250.6,-0.076
L320_1,41.2,0.489
AC344_2,284.8,0.056
T10755_2,317.3,0.093
T10755_1,28.9,0.154
T10806_1,31.4,0.244
T16965_2,236.2,-0.261
T10858_1,110.9,-0.07
T10963_2,287.2,0.146
T10985_1,343.0,0.077
T10925_2,13.6,0.502
T10893_2,17.1,0.64
T10925_1,30.7,0.651
T15299_2,7.6,0.424
T10852_2,241.9,-0.162
AC350_1,217.3,-0.591
T10870_2,351.8,0.348
T10903_1,24.8,0.69
AC461_4,293.9,0.088
AC342_3,179.1,-0.583
AC460_2,339.4,0.409
T10862_2,24.9,0.253
L318_1,44.7,0.477
T10900_1,58.5,0.229
T15495_2,239.8,-0.316
T10978_1,308.0,0.411
T10860_1,336.2,0.112
T15495_1,41.9,0.314
T10833_1,68.1,0.147
T10935_2,17.4,0.395
T10952_1,12.2,0.286
T10856_1,15.0,0.802
T3139_2,280.8,0.065
T16736_2,15.1,0.609
T3206_2,356.0,0.152
T16736_1,258.6,-0.038
T10869_1,337.2,0.711
T10889_1,152.3,-0.188
T10859_2,350.0,0.797
AC236_3,271.2,0.002
T10935_1,34.7,0.3
T3139_1,71.2,0.246
T10835_2,313.5,0.136
T10889_2,287.0,0.092
T10865_2,20.5,0.378
T10910_1,170.7,-0.153
T10838_2,300.6,0.115
T10838_1,6.8,0.278
T10869_2,326.1,0.718
T10867_1,131.4,-0.486
T14666_2,327.1,0.293
T10833_2,341.4,0.446
T3198_1,357.7,0.372
T14805_2,231.3,-0.197
T14805_1,17.7,0.095
T14985_2,303.8,0.099
L319_2,326.1,0.14
T11003_2,285.6,0.013
T11003_1,99.2,-0.012
L320_3,339.9,0.49
T10806_2,258.8,-0.047
T10852_1,242.1,-0.111
T10747_2,305.2,0.111
T10747_1,356.6,0.155
T10860_2,203.8,-0.112
T10818_2,326.1,0.157
T17887_1,162.4,-0.158
T17888_1,112.7,-0.032
T10861_1,20.4,0.795
T10861_2,334.0,0.562
T10868_2,85.7,0.05
T10903_2,258.1,-0.054
T17887_2,118.5,-0.083
AC461_3,198.2,-0.13
T3205_2,231.9,-0.058
T10856_2,347.5,0.553
T10844_1,85.3,0.074
T10853_2,338.5,0.49
T16976_2,289.6,0.225
T10846_2,298.7,0.229
T17007_1,14.3,0.718
T10853_1,60.6,0.249
T3153_1,74.1,0.043
T15492_1,23.8,0.572
T10996_1,75.0,0.086
L323_4,359.7,0.901
T3160_2,306.1,0.126
T10876_2,355.1,0.346
T3160_1,20.1,0.331
T10842_2,342.8,0.645
T10682_2,334.0,0.674
T10870_1,104.7,-0.043
T10835_1,11.6,0.383
T15492_2,217.0,-0.528
T10952_2,302.0,0.106
T3234_1,1.8,0.631
T10846_1,53.7,0.471
T10859_1,1.6,0.729
T10883_1,188.8,-0.891
T17007_2,257.6,-0.128
T10985_2,354.3,0.11
T15299_1,284.5,0.049
T10926_2,144.4,-0.053
AC236_1,258.1,-0.067
T3200_1,21.3,0.247
L323_6,287.7,0.084
AC236_2,202.0,-0.742
T10887_2,261.9,-0.066
T10682_1,9.3,0.702
T3200_2,333.1,0.346
T10878_2,21.1,0.5
AC348_2,255.1,-0.045
AC461_2,164.5,-0.175
T3216_2,331.1,0.642
T15187_1,359.5,0.837
T3216_1,38.7,0.411
T10931_2,333.0,0.567
T10931_1,35.8,0.455
T3247_2,355.8,0.451
T3247_1,27.3,0.595
AC465_3,264.6,-0.019
AC235_1,359.8,0.174
T3206_1,240.9,-0.054
T3199_1,40.5,0.413
T10897_2,353.4,0.372
T3199_2,276.8,0.064
T3207_1,63.0,0.154
T3186_2,358.4,0.335
T10984_2,323.9,0.24
T3207_2,309.8,0.242
AC460_4,306.2,0.256
T10896_1,332.8,0.694
AC350_3,300.0,0.097
AC459_2,337.7,0.793
T10845_2,327.9,0.143
T10760_1,5.6,0.14
T11028_2,262.5,-0.069
T10847_1,31.3,0.585
T10842_1,12.0,0.625
T3229_2,20.7,0.645
T10619_2,301.2,0.082
T16956_2,14.4,0.234
T10619_1,318.9,0.094
T11007_1,321.7,0.372
AC340_2,179.6,-0.894
T10895_1,54.6,0.241
T10895_2,228.3,-0.258
T10978_2,237.8,-0.411
T10878_1,2.0,0.266
T10845_1,34.5,0.158
AC348_4,215.6,-0.787
T15187_2,279.3,0.076
T10996_2,88.3,0.011
T14667_2,322.0,0.552
T10886_1,2.4,0.81
AC465_2,284.9,0.015
AC344_3,186.1,-0.911
T3201_1,309.4,0.136
AC466_4,5.9,0.188
AC460_3,273.3,0.01
T10999_1,23.6,0.739
T3163_2,341.5,0.291
T14666_1,225.1,-0.06
T10916_1,319.8,0.191
AC462_2,59.3,0.112
L323_1,14.0,0.354
T3201_2,343.9,0.201
T10848_2,295.4,0.063
T3159_2,292.3,0.155
AC464_1,319.2,0.122
AC466_1,63.6,0.242
T11017_2,154.8,-0.348
T10914_2,336.3,0.703
T10848_1,257.4,-0.005
T14932_1,47.6,0.565
T10893_1,357.0,0.297
T14932_2,325.6,0.55
T3159_1,19.0,0.215
T14675_1,24.0,0.146
AC315_1,127.6,-0.337
T15292_1,52.6,0.348
T10932_1,15.8,0.607
T11011_2,283.1,0.078
T15185_1,1.8,0.676
T16976_1,171.1,-0.399
T10951_1,135.6,-0.617
T15186_1,244.1,-0.096
T15185_2,288.0,0.091
T10896_2,304.5,0.413
T10888_1,301.9,0.426
T10865_1,69.3,0.13
T10969_1,27.9,0.292
T11027_2,3.3,0.258
T3229_1,96.4,-0.02
T10916_2,187.3,-0.317
T11026_1,341.1,0.162
T14667_1,181.4,-0.227
T11027_1,340.5,0.213
T11017_1,43.0,0.268
T10867_2,149.3,-0.589
AC353_4,334.0,0.313
T3208_2,238.9,-0.269
T3208_1,353.8,0.207
T17888_2,125.4,-0.043
T11014_2,287.5,0.178
T3198_2,281.5,0.047
T11007_2,318.1,0.352
T10899_2,238.0,-0.174
T10899_1,28.8,0.248
L321_1,20.3,0.375
AC462_1,56.2,0.298
T3197_1,358.4,0.565
T17006_2,294.3,0.213
T17006_1,41.3,0.468
L323_7,313.2,0.068
AC353_1,294.6,0.08
T10818_1,263.5,-0.026
T10891_1,326.5,0.361
T10914_1,212.9,-0.074
T10876_1,219.1,-0.307
T10921_1,324.0,0.125
T10886_2,286.1,0.08
AC465_1,180.9,-0.15
T10972_2,324.2,0.132
T10987_1,330.9,0.137
T10987_2,325.0,0.193
AC460_1,110.9,-0.017
T10951_2,155.0,-0.572
T3217_1,346.4,0.109
T3217_2,265.0,-0.026
T17886_2,317.7,0.267
T3220_2,205.6,-0.717
T3223_1,78.9,0.146
L321_2,70.7,0.048
T10760_2,335.3,0.1
T11032_2,337.3,0.629
T16956_1,239.3,-0.098
T3220_1,182.3,-0.957
T11021_2,302.2,0.398
T11021_1,10.1,0.69
T3186_1,35.4,0.395
T3223_2,263.4,-0.028
AC467_1,66.5,0.233
AC355_1,276.3,0.025
T15716_2,321.7,0.153
T15716_1,11.5,0.168
AC466_2,226.0,-0.062
T10918_2,17.4,0.542
T3197_2,327.1,0.204
T10674_2,2.8,0.881
T10894_1,81.3,0.017
AC459_4,317.3,0.37
T10913_1,14.1,0.591
T10913_2,3.8,0.568
T11028_1,207.6,-0.767
T10894_2,289.3,0.044
T15292_2,185.7,-0.639
T10847_2,3.5,0.806
T10888_2,292.7,0.269
T15915_2,260.8,-0.041
T10932_2,249.4,-0.288
T11042_1,58.4,0.166
AC467_2,113.7,-0.021
T15915_1,156.4,-0.067
T11014_1,224.0,-0.588
T3234_2,76.8,0.067
T10999_2,223.9,-0.065
T10843_2,351.3,0.352
AC319_2,314.7,0.312
T10843_1,118.9,-0.182
T10890_2,321.0,0.124
T14675_2,246.1,-0.04
T10890_1,6.7,0.145
T10881_1,6.7,0.204
AC317_2,23.9,0.446
T15490_2,9.7,0.724
T10897_1,132.6,-0.264
T3163_1,34.9,0.274
T10984_1,144.2,-0.403
AC277_4,343.0,0.331
T15184_2,325.3,0.186
T10927_1,22.8,0.517
T15184_1,351.2,0.322
T10966_1,336.4,0.763
AC459_3,281.9,0.019
T11011_1,177.3,-0.299
T10927_2,346.1,0.554
T10839_1,289.6,0.082
T10834_1,30.6,0.226
AC348_1,189.4,-0.904
T10944_1,41.1,0.352
T3226_2,250.9,-0.127
AC279_3,344.8,0.441
T10961_1,236.0,-0.095
L322_3,21.1,0.143
T3215_1,39.3,0.185
T10834_2,298.9,0.074
T10944_2,330.0,0.172
T3226_1,63.3,0.374
T10877_1,177.7,-0.103
T10877_2,265.9,-0.014
T15491_1,347.4,0.235
T10969_2,288.9,0.14
AC319_3,284.2,0.062
AC467_3,209.5,-0.08
T10961_2,229.7,-0.175
T10871_2,270.3,0.001
T10871_1,14.9,0.128
AC462_3,289.2,0.056
AC350_5,192.9,-0.9
AC457_2,6.3,0.763
T14678_2,306.9,0.109
AC283_1,15.3,0.707
AC458_3,332.5,0.136
T10915_2,234.4,-0.24
T10928_1,353.2,0.151
AC357_1,6.1,0.252
T10921_2,232.4,-0.063
AC317_3,293.7,0.104
T10911_2,273.7,0.022
T10911_1,72.0,0.138
T3215_2,228.5,-0.159
T10885_2,276.0,0.032
T10839_2,12.3,0.109
T3193_2,357.1,0.586
T10891_2,242.7,-0.329
T10940_2,244.3,-0.188
T10940_1,359.0,0.121
T10674_1,21.5,0.797
T14673_1,40.6,0.443
T3222_2,213.5,-0.6
T10855_2,324.2,0.086
T10898_1,311.9,0.118
L322_2,7.6,0.084
T10885_1,215.7,-0.178
T10918_1,29.5,0.509
T11005_1,308.0,0.066
AC466_3,254.2,-0.022
T11042_2,99.4,-0.047
L322_1,352.6,0.339
T11009_2,285.2,0.029
T10955_2,258.7,-0.024
T10909_1,8.6,0.755
T10971_2,17.2,0.439
T10855_1,41.8,0.386
T10966_2,295.1,0.108
T10881_2,295.6,0.105
T3204_1,338.0,0.314
T10898_2,263.5,-0.028
T10915_1,220.7,-0.484
T10942_2,6.8,0.834
T11085_1,15.9,0.192
L323_5,191.0,-0.08
T11026_2,341.1,0.071
AC353_3,300.9,0.08
T3236_1,338.1,0.551
T3236_2,280.3,0.025
AC458_2,153.8,-0.106
L322_4,223.7,-0.112
T10962_1,355.0,0.725
T10962_2,345.8,0.694
T11005_2,220.9,-0.106
AC457_3,240.7,-0.114
AC353_5,199.3,-0.905
L321_3,355.2,0.373
T10928_2,247.2,-0.067
T3209_2,4.4,0.799
T14673_2,345.3,0.527
T10983_1,112.0,-0.086
T3218_2,337.1,0.514
T10759_1,37.5,0.449
T10983_2,242.5,-0.127
AC456_3,308.6,0.515
AC457_1,326.5,0.092
T10972_1,255.3,-0.028
T11016_2,323.0,0.196
T3218_3,308.0,0.262
AC459_1,191.8,-0.073
T10955_1,223.1,-0.027
T17886_1,180.4,-0.246
L323_3,331.6,0.011
T14678_1,148.2,-0.106
T10968_1,286.8,0.117
AC275_3,307.2,0.099
T3218_1,32.2,0.314
AC464_4,269.2,-0.001
T11096_2,17.5,0.234
T11032_1,13.0,0.308
AC355_2,259.3,-0.032
T3242_2,223.4,-0.573
T11078_2,238.5,-0.437
T11009_1,210.2,-0.081
T10995_2,18.3,0.834
AC275_7,321.3,0.182
T10971_1,75.9,0.147
T10976_2,335.8,0.115
T16961_2,285.7,0.049
T10864_1,22.5,0.193
T10945_1,12.5,0.153
AC299_1,61.3,0.082
T11070_1,104.5,-0.12
T11070_2,64.0,0.135
T3222_1,211.1,-0.608
T16975_2,294.9,0.253
T10946_1,312.5,0.528
AC299_2,187.3,-0.265
T16961_1,296.1,0.025
T17518_2,292.0,0.032
T3202_1,315.1,0.072
T3242_1,211.4,-0.734
AC299_3,246.7,-0.3
T3230_2,25.7,0.753
T3238_1,352.4,0.103
T11087_2,279.3,0.029
T3244_2,294.5,0.099
T11087_1,316.1,0.274
AC297_3,264.3,-0.099
T10902_1,24.1,0.197
T3238_2,219.0,-0.193
T10902_2,307.3,0.093
T10968_2,289.7,0.175
T15490_1,209.8,-0.63
T11034_2,285.8,0.077
T11015_1,148.4,-0.598
T10979_2,7.8,0.507
T10864_2,243.7,-0.148
T10981_1,12.0,0.716
T10981_2,339.3,0.669
L323_2,230.0,-0.031
T11034_1,190.4,-0.088
AC319_4,152.5,-0.767
T3214_2,18.4,0.705
AC462_4,338.1,0.041
T3230_1,45.1,0.588
T11078_1,211.1,-0.651
T3202_2,233.6,-0.045
L324_3,316.6,0.098
AC464_3,286.0,0.039
T10946_2,307.7,0.45
T3245_2,244.7,-0.219
L326_1,26.4,0.093
T10937_2,282.2,0.059
T10937_1,68.4,0.062
T10953_2,287.8,0.061
T10919_1,347.2,0.185
L324_2,44.6,0.072
T10986_2,20.7,0.46
T3245_1,237.8,-0.237
T15491_2,177.1,-0.653
AC357_2,294.8,0.101
T3193_1,113.6,-0.262
T11085_2,46.4,0.293
T10959_2,292.0,0.13
T3248_1,352.9,0.48
T3248_2,327.3,0.195
T11043_1,91.4,-0.002
L325_3,320.4,0.089
T11015_2,167.0,-0.332
T10976_1,252.0,-0.015
T10759_2,6.4,0.466
T10979_1,194.3,-0.407
T11109_2,333.4,0.487
T15493_1,24.3,0.699
L325_1,172.9,-0.141
T10942_1,16.2,0.555
T10953_1,56.8,0.156
AC317_1,151.5,-0.566
T10945_2,242.9,-0.155
T3204_2,271.6,0.011
T11109_1,95.9,-0.062
T10909_2,322.3,0.132
T10954_2,230.0,-0.501
T10980_1,317.5,0.496
T10977_2,276.8,0.006
T10958_2,31.6,0.704
T17518_1,348.7,0.091
T10986_1,216.0,-0.481
AC353_2,225.0,-0.646
T15377_1,18.3,0.813
T3246_2,336.1,0.642
AC458_1,198.6,-0.104
L326_4,335.3,0.232
T10959_1,268.1,-0.008
T11006_1,286.7,0.146
T15377_2,320.1,0.571
T10977_1,176.7,-0.085
T11058_1,308.0,0.132
L326_2,202.9,-0.037
T10982_2,306.6,0.037
T10982_1,26.7,0.018
T3228_1,353.2,0.238
T17005_2,295.4,0.211
T17005_1,48.9,0.489
T10947_1,19.2,0.36
T11043_2,216.1,-0.219
T10954_1,218.1,-0.625
T10919_2,311.0,0.104
T11081_2,58.9,0.038
T11081_1,25.4,0.035
T3262_2,319.0,0.155
T10995_1,23.1,0.525
T10930_1,5.4,0.19
T3213_2,358.5,0.709
T3228_2,293.7,0.137
T10973_1,295.6,0.126
T16975_1,156.5,-0.704
T3209_1,140.4,-0.58
T10997_1,38.9,0.524
T16973_2,309.8,0.375
T15382_2,327.3,0.733
T10920_1,352.1,0.758
T3274_1,11.1,0.546
T10958_1,22.0,0.816
AC283_3,262.5,-0.021
AC355_3,219.7,-0.669
T10973_2,269.9,-0.0
T10947_2,270.5,0.007
AC279_2,270.8,0.002
T3244_1,213.7,-0.061
T10901_2,333.8,0.12
T16734_1,73.4,0.081
T16734_2,316.2,0.157
T11091_2,358.6,0.544
T11016_1,227.6,-0.079
T11000_2,323.4,0.1
AC454_2,41.1,0.581
T16974_2,329.9,0.518
AC311_1,351.3,0.194
T3274_2,178.6,-0.838
L324_1,168.8,-0.047
T11096_1,147.5,-0.125
T10993_2,228.8,-0.374
T10993_1,36.9,0.221
T3262_1,130.4,-0.097
AC454_1,53.0,0.55
T10920_2,347.1,0.75
T16973_1,155.1,-0.665
T15382_1,18.3,0.371
T11002_1,206.2,-0.056
AC453_3,324.5,0.067
T11000_1,238.7,-0.025
T10930_2,205.6,-0.115
T3246_1,26.7,0.651
AC451_2,332.9,0.317
AC464_2,223.1,-0.042
T11002_2,294.2,0.034
AC273_3,313.3,0.209
T16953_1,15.4,0.213
T16948_2,310.9,0.213
T3225_2,262.7,-0.027
T16950_2,336.0,0.441
T3225_1,40.9,0.443
T16953_2,228.2,-0.293
T16733_1,115.8,-0.286
T16733_2,294.3,0.214
T15493_2,208.1,-0.509
T16951_1,28.7,0.344
T11008_1,334.3,0.083
AC441_3,328.4,0.572
T11010_2,343.1,0.163
T11004_1,310.3,0.114
T16952_1,344.7,0.268
T10990_2,6.3,0.434
T10990_1,84.5,0.054
L327_2,177.3,-0.158
AC441_4,156.9,-0.163
AC311_2,294.7,0.125
T10901_1,38.0,0.118
L326_3,237.8,-0.011
T3214_1,144.5,-0.667
T11052_1,13.1,0.394
T11006_2,244.1,-0.199
T16951_2,230.7,-0.256
AC454_3,245.9,-0.074
T11077_1,37.7,0.496
T16952_2,204.3,-0.373
T11077_2,351.6,0.528
AC453_2,163.6,-0.401
T16948_1,146.1,-0.168
AC454_4,268.1,-0.019
T16950_1,183.1,-0.403
AC441_2,39.9,0.257
T10980_2,349.8,0.328
T11025_2,312.8,0.24
T11147_2,21.8,0.743
T11024_2,285.6,0.068
T11024_1,141.4,-0.207
AC277_1,131.4,-0.459
AC441_1,63.7,0.224
T11004_2,231.6,-0.127
T3275_2,308.3,0.2
AC271_3,299.7,0.108
AC269_2,335.7,0.224
T11019_1,309.7,0.125
T16974_1,201.8,-0.501
T11052_2,285.0,0.15
AC357_3,209.1,-0.754
T3257_1,95.6,-0.02
T11039_2,24.6,0.207
T11038_1,327.8,0.366
T11036_2,277.0,0.074
T11036_1,162.0,-0.094
L328_2,107.0,-0.007
T11102_2,167.5,-0.197
T3257_2,239.0,-0.205
T11008_2,203.5,-0.114
AC453_1,163.6,-0.323
AC311_3,199.5,-0.26
L325_2,209.0,-0.115
T3213_1,151.7,-0.815
T11010_1,190.8,-0.137
T11019_2,221.0,-0.17
T11084_2,233.7,-0.404
AC313_1,29.4,0.358
AC315_4,290.7,0.136
T16954_1,332.9,0.092
AC297_4,277.5,0.091
T3232_1,110.5,-0.125
T11102_1,235.7,-0.169
T11001_2,0.6,0.283
T11025_1,205.0,-0.361
T11091_1,80.9,0.069
T3224_1,355.6,0.496
T16949_2,347.7,0.223
AC456_4,301.5,0.137
T15488_1,4.6,0.174
L328_3,293.0,0.207
T11097_2,353.7,0.673
T11058_2,223.4,-0.066
T15488_2,247.1,-0.279
AC455_1,20.3,0.285
T11159_1,105.0,-0.097
T11097_1,41.8,0.416
AC277_3,236.1,-0.107
T11084_1,169.2,-0.642
T3275_1,129.3,-0.23
T11041_2,270.3,0.002
T3232_2,31.3,0.465
T11051_2,285.7,0.056
AC455_5,231.5,-0.322
AC468_1,54.8,0.047
T16972_2,326.7,0.69
T11051_1,138.4,-0.275
T11060_2,327.5,0.175
L327_1,55.9,0.085
T11151_2,358.0,0.549
T11151_1,60.3,0.308
AC279_1,189.4,-0.566
T11049_2,29.3,0.739
T11039_1,108.4,-0.189
T10997_2,139.9,-0.32
T11057_2,291.4,0.066
AC295_4,2.1,0.441
T10975_1,12.8,0.711
T11057_1,150.5,-0.392
AC297_2,194.1,-0.202
T16972_1,193.5,-0.247
AC283_2,158.3,-0.704
T17884_2,305.6,0.188
AC295_1,137.4,-0.714
T3162_1,32.6,0.316
T15489_2,275.5,0.048
T11182_1,36.8,0.509
T15489_1,46.8,0.521
T11029_1,7.9,0.366
T10989_2,270.8,0.011
T11115_2,316.2,0.439
T10863_1,327.0,0.52
T11060_1,194.5,-0.243
T10989_1,14.1,0.328
T11115_1,356.0,0.317
T16954_2,222.8,-0.452
T11147_1,64.0,0.169
T11001_1,114.7,-0.258
AC468_2,12.1,0.122
T11050_2,274.0,0.014
T11018_1,316.7,0.064
AC313_2,338.5,0.245
AC285_1,29.9,0.705
T11038_2,310.8,0.251
T3224_2,207.4,-0.19
T11110_1,315.8,0.268
AC315_3,235.6,-0.124
T11179_1,321.9,0.093
T11055_1,324.4,0.109
AC275_1,111.7,-0.156
AC432_5,297.8,0.146
T11044_2,298.6,0.085
T3251_2,14.1,0.224
AC313_3,217.1,-0.359
T11037_1,355.1,0.842
T3210_1,359.4,0.755
AC469_4,236.4,-0.518
T11189_2,263.3,-0.058
T11037_2,358.6,0.769
T10905_2,315.0,0.206
AC301_3,5.4,0.281
T15485_2,325.5,0.542
AC468_3,293.4,0.045
T10905_1,48.6,0.116
T11067_1,0.5,0.477
T11030_2,310.0,0.05
AC443_1,8.8,0.471
T15486_1,354.1,0.622
T11044_1,68.8,0.025
AC456_2,258.6,-0.031
T3162_2,353.4,0.306
AC295_3,239.8,-0.093
T11033_2,250.2,-0.058
AC444_2,354.8,0.272
AC455_3,245.3,-0.099
T11033_1,346.2,0.165
AC455_4,238.8,-0.234
T17004_2,290.9,0.116
T17004_1,38.7,0.375
T10924_2,34.3,0.629
T10924_1,30.6,0.563
T11047_1,7.2,0.443
T11157_1,106.2,-0.217
T11157_2,27.4,0.462
T11068_1,358.3,0.415
T10988_2,350.9,0.316
T10988_1,343.8,0.301
T11054_1,357.4,0.161
AC448_3,333.5,0.15
AC297_1,142.4,-0.358
T11022_2,24.9,0.435
T17010_2,346.1,0.87
T15487_1,343.4,0.607
T11020_2,355.6,0.136
T11159_2,168.0,-0.1
T11080_2,336.1,0.55
T11067_2,188.6,-0.694
T17003_2,334.3,0.662
T11040_1,355.5,0.468
T17002_1,357.3,0.164
AC295_2,157.4,-0.735
T17002_2,257.7,-0.102
AC277_2,218.0,-0.144
T17003_1,175.8,-0.574
T11068_2,214.6,-0.273
T11133_2,342.2,0.424
T11013_1,16.5,0.199
T11013_2,286.7,0.056
T11133_1,12.7,0.171
T10998_1,5.8,0.669
T10998_2,286.6,0.087
L329_2,61.8,0.102
L330_2,159.3,-0.015
T3221_2,9.8,0.678
T3221_1,16.4,0.77
T11040_2,253.8,-0.139
T17010_1,194.1,-0.709
T11182_2,175.8,-0.562
T11054_2,269.2,-0.002
T3251_1,227.0,-0.191
L333_4,238.0,-0.22
T11018_2,213.9,-0.116
T11116_1,8.4,0.541
T3252_1,320.9,0.115
T11119_1,306.0,0.322
T11174_1,206.8,-0.063
T11119_2,276.2,0.078
L328_1,37.1,0.456
T11174_2,295.9,0.205
T11093_1,333.0,0.675
L329_1,243.9,-0.03
T3144_1,46.6,0.335
T3235_2,4.2,0.461
AC449_1,21.1,0.287
T15443_2,238.0,-0.363
T11045_1,19.9,0.754
T11066_1,316.6,0.639
T3212_2,332.2,0.742
T15486_2,173.6,-0.65
T3235_1,57.4,0.253
T17001_2,300.1,0.164
AC455_2,170.3,-0.414
T3155_1,80.5,0.012
T3155_2,330.9,0.058
AC277_6,144.9,-0.11
T11049_1,137.7,-0.505
AC273_1,257.6,-0.039
T11082_2,289.8,0.051
AC411_1,346.8,0.642
T16983_2,249.8,-0.147
T11012_1,347.0,0.479
AC411_2,339.2,0.58
T17907_1,0.5,0.554
T10991_2,344.2,0.224
T15376_1,3.9,0.517
T11012_2,272.5,0.014
T11080_1,166.9,-0.333
T10991_1,15.9,0.227
T16983_1,175.2,-0.239
T15381_2,328.2,0.372
T15376_2,307.0,0.27
T11035_1,25.2,0.11
T16949_1,194.3,-0.19
AC445_1,354.7,0.153
T11079_1,182.7,-0.295
T11022_1,82.1,0.065
AC448_4,88.7,0.001
T3289_2,359.6,0.215
AC269_3,257.0,-0.034
L331_1,296.6,0.046
T17884_1,141.8,-0.143
AC277_5,222.0,-0.216
T11045_2,355.1,0.697
T11055_2,179.9,-0.373
AC301_1,307.7,0.1
T11191_2,328.3,0.275
T3326_1,270.8,0.005
T3326_2,341.3,0.183
AC444_1,215.9,-0.08
AC275_6,283.6,0.098
T11130_2,300.2,0.351
T15381_1,193.9,-0.479
AC452_5,233.1,-0.192
T11069_2,104.1,-0.033
T15383_1,27.3,0.557
T3210_2,112.7,-0.291
T15383_2,224.9,-0.436
AC445_4,257.3,-0.008
T3212_1,68.2,0.288
T11082_1,214.6,-0.125
T3285_2,336.5,0.555
T11041_1,124.7,-0.277
T3283_2,286.5,0.114
T3283_1,37.6,0.179
AC256_3,247.6,-0.133
AC359_2,345.1,0.281
T11090_2,293.4,0.183
L332_3,340.1,0.424
T10956_2,293.0,0.035
T10956_1,314.2,0.077
L332_2,359.7,0.013
T11195_1,121.1,-0.402
T11071_2,331.9,0.132
T11195_2,338.2,0.461
T15499_1,39.1,0.387
T11093_2,307.6,0.443
AC389_5,329.3,0.2
AC367_3,305.9,0.159
AC271_2,273.7,0.012
T17001_1,211.4,-0.54
T10764_1,0.8,0.635
AC285_2,298.4,0.077
T11050_1,210.4,-0.459
T10975_2,258.8,-0.061
T11101_2,296.9,0.095
AC273_2,281.0,0.039
T3243_2,26.3,0.662
T3243_1,13.3,0.805
T15499_2,239.5,-0.163
T11101_1,28.3,0.174
AC389_1,347.1,0.213
T10863_2,301.1,0.318
T11029_2,241.5,-0.421
T3177_2,338.0,0.193
T11090_1,147.4,-0.249
T3177_1,3.7,0.133
T3285_1,164.4,-0.437
AC451_4,356.0,0.106
AC309_3,305.8,0.345
AC431_2,216.0,-0.148
T11192_2,290.4,0.101
T11192_1,18.8,0.406
T11047_2,217.2,-0.657
T3294_1,357.6,0.373
T10949_1,20.1,0.276
T3231_2,340.1,0.054
AC452_1,15.3,0.143
T3253_1,56.2,0.117
T11069_1,120.9,-0.434
T11056_1,122.9,-0.37
AC469_1,8.7,0.08
AC293_3,329.3,0.447
AC275_5,160.1,-0.631
T11139_2,25.2,0.538
T10960_2,286.5,0.15
T11094_1,186.1,-0.145
T10960_1,310.9,0.414
T3263_2,28.1,0.68
T3250_1,9.0,0.729
T3263_1,42.2,0.623
T11083_1,342.0,0.164
AC309_1,156.6,-0.429
T11071_1,224.3,-0.086
T10994_2,276.5,0.017
AC411_5,332.4,0.299
AC309_2,229.9,-0.121
T11127_2,21.4,0.534
T11110_2,239.2,-0.063
T11127_1,49.5,0.289
T10974_1,1.3,0.183
T11165_2,24.9,0.759
T11100_1,344.2,0.671
AC432_6,242.2,-0.037
T17908_2,344.7,0.207
T10970_1,10.0,0.142
AC307_1,113.5,-0.395
T11219_2,310.2,0.27
T10970_2,288.2,0.101
T11219_1,136.5,-0.314
T17906_1,5.4,0.317
L333_1,21.9,0.447
L333_3,190.4,-0.031
T3253_2,331.2,0.258
T15485_1,192.6,-0.407
L330_1,343.1,0.055
T3231_1,102.0,-0.174
T11211_2,358.1,0.699
T11146_1,45.6,0.436
T11056_2,129.6,-0.39
AC315_2,148.2,-0.641
T11188_1,123.0,-0.165
T11075_1,359.2,0.46
T11053_2,347.5,0.522
AC291_3,15.9,0.622
T11094_2,277.6,0.072
T11116_2,286.0,0.066
T11179_2,304.2,0.06
T10994_1,14.7,0.153
T3256_2,335.4,0.671
T3295_1,37.1,0.356
T11223_1,92.6,-0.007
T11189_1,228.2,-0.447
T11083_2,304.7,0.101
T15291_1,52.6,0.38
T3144_2,354.5,0.364
T11066_2,275.3,0.06
T11150_1,176.2,-0.204
T11150_2,269.3,-0.001
AC289_3,323.4,0.494
T11061_1,356.2,0.679
AC469_2,26.5,0.239
T3295_2,237.9,-0.21
T11030_1,197.8,-0.646
T11020_1,244.3,-0.022
T15484_1,353.0,0.48
T11139_1,76.9,0.102
T16996_1,351.2,0.32
T11075_2,315.9,0.268
T11183_1,81.0,0.091
T11061_2,319.8,0.217
T11218_2,7.0,0.655
T11059_2,282.0,0.012
T11183_2,28.7,0.358
T11059_1,347.6,0.106
T17885_2,279.2,0.031
T17885_1,24.3,0.375
T11144_2,134.2,-0.476
AC456_1,152.8,-0.47
AC293_2,248.4,-0.082
T11220_1,345.7,0.198
T11144_1,86.7,0.046
T11211_1,54.3,0.401
AC271_1,261.5,-0.025
T3256_1,169.7,-0.59
AC289_4,183.3,-0.814
AC452_4,212.7,-0.295
T11063_1,310.9,0.091
T10943_2,280.7,0.014
T11169_1,97.6,-0.034
T11111_1,35.9,0.571
T10764_2,302.4,0.307
T11086_1,196.5,-0.714
AC291_1,178.8,-0.988
T11111_2,209.9,-0.402
AC275_4,264.4,-0.017
T11086_2,217.9,-0.618
T15487_2,217.0,-0.525
AC469_3,250.7,-0.062
T11169_2,300.6,0.076
T11132_2,310.3,0.202
T11113_1,259.7,-0.029
AC463_1,354.6,0.156
T17907_2,191.0,-0.305
AC256_1,31.2,0.257
AC452_3,318.9,0.086
T11130_1,279.6,0.117
T15443_1,192.8,-0.737
T16996_2,240.1,-0.241
AC359_1,279.7,0.034
AC452_2,225.6,-0.603
T11207_1,44.2,0.228
T11103_1,45.5,0.539
T11100_2,239.7,-0.074
T11103_2,14.7,0.653
T11148_2,293.9,0.338
T11148_1,41.9,0.309
T17904_2,281.2,0.077
T3255_1,49.9,0.458
T11108_1,338.0,0.272
T3254_2,27.7,0.446
T11098_2,20.9,0.192
T11098_1,44.9,0.093
T11234_2,15.9,0.05
T3264_1,307.3,0.393
AC449_4,306.3,0.119
T11207_2,331.5,0.339
T3252_2,230.8,-0.152
AC449_2,285.9,0.03
T3282_2,25.8,0.661
T11074_1,26.0,0.416
AC496_3,314.7,0.55
T10949_2,4.3,0.336
AC442_1,74.2,0.177
L331_2,93.9,-0.001
T11191_1,164.7,-0.018
T11035_2,137.5,-0.075
AC301_2,222.3,-0.288
T11214_2,77.0,0.09
T11158_2,320.4,0.394
T10904_1,36.4,0.061
T11214_1,77.7,0.099
T11218_1,111.5,-0.199
T11251_1,45.8,0.242
T10904_2,284.0,0.026
AC431_3,272.6,0.011
T16970_1,274.4,0.024
T11123_2,256.0,-0.037
T17673_2,280.4,0.058
T17673_1,32.4,0.257
T16982_2,245.0,-0.106
AC291_2,246.7,-0.117
T15500_2,334.3,0.342
T11031_1,3.9,0.082
AC485_1,310.1,0.434
T11222_1,134.7,-0.377
T11089_1,336.2,0.104
T11126_1,352.2,0.168
T15502_2,345.1,0.591
T11146_2,8.8,0.483
T3154_2,305.2,0.07
T11244_1,219.4,-0.634
L335_3,339.3,0.42
L334_2,271.7,0.004
T3289_1,218.6,-0.066
AC463_2,310.9,0.11
T11053_1,96.5,-0.049
L334_1,310.0,0.232
T11122_1,133.2,-0.243
T11137_1,315.6,0.332
AC451_5,186.8,-0.808
AC289_2,281.1,0.052
T11132_1,163.2,-0.398
AC287_2,1.3,0.568
AC263_4,342.6,0.089
AC451_3,241.2,-0.051
AC470_4,325.0,0.179
T11264_1,167.1,-0.464
T11120_2,2.7,0.677
T3254_1,65.1,0.169
T11031_2,266.1,-0.004
T11099_1,39.1,0.132
T15291_2,214.2,-0.622
AC450_1,343.2,0.077
T11099_2,239.8,-0.203
AC474_1,329.5,0.211
T16970_2,195.7,-0.548
T15503_2,326.6,0.337
AC496_2,143.7,-0.118
T11161_2,27.7,0.477
T3273_2,13.6,0.64
L337_3,22.4,0.541
T3273_1,129.8,-0.137
AC285_3,225.6,-0.454
T17000_2,284.6,0.108
T17000_1,359.2,0.545
AC496_1,141.7,-0.395
T11186_2,245.8,-0.044
T11124_2,301.0,0.122
AC428_3,244.2,-0.041
T11126_2,135.6,-0.239
T11225_2,204.6,-0.379
T11158_1,162.0,-0.717
AC263_1,39.0,0.486
T11222_2,165.4,-0.709
T11247_1,345.6,0.453
T11122_2,277.9,0.083
AC359_3,211.7,-0.598
L332_1,298.5,0.024
T3294_2,230.5,-0.072
T3258_1,122.0,-0.237
T11225_1,168.0,-0.657
T11244_2,4.5,0.17
T3260_2,91.9,-0.022
AC474_4,13.7,0.237
T10943_1,46.6,0.098
T3279_2,194.4,-0.475
T11113_2,198.1,-0.057
T11124_1,173.0,-0.106
T3259_2,86.6,0.043
T11175_2,276.0,0.016
T11175_1,183.9,-0.142
T3185_2,323.8,0.454
T3279_1,153.2,-0.38
AC449_3,169.0,-0.243
AC269_1,233.0,-0.087
T3255_2,204.9,-0.461
T11106_2,281.4,0.143
T11106_1,337.0,0.523
T3268_1,347.3,0.569
T11107_1,177.5,-0.619
T3281_2,320.3,0.208
T11120_1,64.2,0.27
T17883_2,328.7,0.38
T16982_1,161.2,-0.534
T11107_2,167.7,-0.56
T11143_2,272.3,0.009
T11125_2,170.9,-0.674
T11173_1,27.1,0.269
T15503_1,193.8,-0.294
T11118_2,201.7,-0.258
T11089_2,212.5,-0.217
T11118_1,142.3,-0.41
T3302_1,186.2,-0.641
T11125_1,166.8,-0.717
T11064_2,233.1,-0.197
T3302_2,164.8,-0.575
T3271_1,336.9,0.299
T11233_2,262.0,-0.018
T11064_1,351.9,0.163
T11138_1,103.3,-0.073
T11138_2,273.7,0.018
T3271_2,304.0,0.22
AC291_4,165.8,-0.665
T10974_2,284.8,0.055
T11140_1,66.4,0.164
T3264_2,246.4,-0.273
T11104_2,281.3,0.041
T3267_2,222.2,-0.597
T11104_1,34.8,0.73
AC289_1,159.7,-0.369
T11123_1,207.8,-0.186
T3291_1,7.7,0.412
T3280_2,313.7,0.101
T11165_1,136.9,-0.459
T3250_2,306.1,0.158
L333_2,318.8,0.094
T3291_2,218.1,-0.502
T17904_1,167.3,-0.248
T11247_2,279.6,0.058
T17908_1,170.7,-0.39
T3281_1,159.4,-0.302
T3185_1,336.3,0.316
T17906_2,213.8,-0.278
T3259_1,147.7,-0.563
T11188_2,144.8,-0.32
T3261_1,77.2,0.161
T11140_2,145.8,-0.192
AC448_2,222.7,-0.064
T3260_1,125.2,-0.444
AC445_5,231.6,-0.151
T3154_1,78.7,0.034
AC445_3,258.8,-0.009
T11234_1,13.3,0.021
T11223_2,95.2,-0.021
AC421_1,234.9,-0.026
AC213_1,335.5,0.03
AC293_1,153.8,-0.626
T3278_1,148.2,-0.254
T3233_2,278.6,0.019
T3233_1,63.5,0.347
AC472_1,96.9,-0.076
AC447_2,223.2,-0.082
AC256_2,284.5,0.059
T17800_2,243.4,-0.296
T17800_1,43.4,0.529
AC474_3,242.6,-0.084
AC2540_4,286.4,0.239
L335_2,286.6,0.056
T11048_1,321.0,0.478
T11141_1,326.7,0.123
T11048_2,292.1,0.277
T11153_2,218.8,-0.205
T3284_1,169.1,-0.355
T16999_1,3.2,0.574
T11228_2,295.6,0.223
T11172_1,38.5,0.519
AC445_2,186.6,-0.971
T11108_2,337.6,0.157
T3267_1,224.8,-0.536
T11145_2,355.0,0.383
AC446_1,341.2,0.183
T3282_1,144.3,-0.562
AC447_1,158.3,-0.776
T15484_2,204.6,-0.44
AC265_1,29.3,0.549
T3280_1,198.6,-0.275
T11062_2,355.2,0.28
T3297_1,355.8,0.208
T11220_2,231.9,-0.307
T11121_2,296.9,0.054
AC443_4,12.9,0.23
AC425_4,276.2,0.012
T11149_1,324.3,0.462
T11137_2,251.5,-0.09
AC346_4,322.7,0.429
AC471_3,319.3,0.052
AC472_3,346.3,0.326
T3284_2,265.6,-0.013
T11063_2,220.7,-0.415
T11153_1,150.6,-0.369
T3277_2,110.8,-0.19
T3249_2,268.8,-0.006
AC361_2,323.8,0.189
T3278_2,206.7,-0.574
AC275_2,214.7,-0.397
AC287_1,152.4,-0.318
T11229_1,311.8,0.267
AC423_7,277.9,0.019
AC269_6,279.4,0.035
AC448_1,183.2,-0.127
T11215_1,354.5,0.233
T11215_2,330.9,0.181
T11265_2,351.6,0.082
T11072_1,339.9,0.034
T11186_1,179.1,-0.084
AC500_1,2.1,0.145
AC411_4,274.5,0.017
T11244_3,296.5,0.067
T11121_1,145.4,-0.563
T11143_1,133.3,-0.546
T15501_2,308.7,0.362
AC450_2,208.8,-0.121
T15500_1,168.1,-0.385
T11062_1,136.1,-0.155
T11161_1,50.6,0.249
T17544_2,264.1,-0.038
T11167_2,61.3,0.247
AC389_3,231.2,-0.11
AC287_3,261.2,-0.03
L336_2,334.8,0.034
T11074_2,7.3,0.246
AC463_3,221.7,-0.159
T11251_2,135.2,-0.252
T11072_2,232.8,-0.06
AC431_1,187.7,-0.222
T11277_1,7.1,0.123
AC451_1,154.4,-0.326
T3325_2,306.7,0.144
T3325_1,326.0,0.168
L334_3,280.1,0.062
T11142_2,198.8,-0.603
AC367_2,260.2,-0.024
T3249_1,25.3,0.177
T17521_2,354.6,0.057
T17521_1,34.2,0.074
L337_2,316.3,0.004
T11092_2,343.4,0.259
T3261_2,146.0,-0.683
T11135_2,233.9,-0.07
T15502_1,184.8,-0.464
T11162_2,298.6,0.112
T17543_2,356.8,0.45
L337_4,238.4,-0.106
T3324_2,305.5,0.216
T11173_2,247.6,-0.097
AC443_2,223.7,-0.053
AC389_2,157.5,-0.632
T11141_2,239.8,-0.117
L335_4,222.8,-0.364
T11270_2,317.1,0.258
L338_1,30.6,0.021
T3324_1,171.7,-0.374
T3277_1,141.4,-0.445
T17545_2,11.9,0.317
AC470_3,11.6,0.098
T3318_2,339.0,0.708
T3319_1,328.1,0.253
AC472_2,200.4,-0.167
AC263_3,288.5,0.052
T17543_1,151.4,-0.584
AC307_4,300.1,0.273
AC305_2,0.1,0.483
T11163_2,173.5,-0.478
L337_1,67.2,0.076
AC446_2,202.5,-0.291
T3315_2,326.5,0.444
T15505_1,355.9,0.289
AC500_2,251.7,-0.018
T11145_1,174.2,-0.292
T3268_2,281.8,0.137
AC500_3,236.4,-0.088
T11172_2,288.6,0.084
T11228_1,16.8,0.56
T17545_1,185.1,-0.59
T11136_2,286.2,0.014
AC471_2,284.9,0.046
T11163_1,164.3,-0.475
AC265_2,290.7,0.071
L340_1,290.1,0.101
AC2540_1,27.2,0.598
AC361_1,166.0,-0.677
T15501_1,145.2,-0.413
AC423_3,208.0,-0.333
T3303_2,208.1,-0.419
T3303_1,318.9,0.08
T17544_1,185.6,-0.177
AC471_4,138.9,-0.74
T11167_1,200.6,-0.15
T11233_1,25.4,0.139
L335_1,182.7,-0.496
T3258_2,135.2,-0.319
L339_1,256.6,-0.031
T11259_2,348.1,0.094
T11187_2,295.8,0.183
T11241_1,334.8,0.324
T17671_2,308.7,0.326
T3296_1,155.1,-0.54
T11238_2,101.4,-0.157
T11162_1,211.3,-0.17
T17671_1,99.5,-0.049
T11171_2,227.7,-0.036
T17883_1,169.3,-0.445
AC2540_2,282.2,0.03
T11154_1,182.0,-0.717
T11239_2,299.8,0.047
T11284_2,349.9,0.034
T11237_2,346.9,0.633
T11237_1,329.6,0.053
AC256_4,266.5,-0.018
T11239_1,353.8,0.083
AC2540_3,221.6,-0.503
T11149_2,287.0,0.217
T11142_1,201.3,-0.669
T3323_1,333.6,0.095
T11135_1,198.8,-0.195
AC470_1,305.0,0.075
T15504_1,24.6,0.486
T3322_2,348.3,0.218
T3296_2,198.6,-0.541
AC443_3,168.7,-0.129
T3315_1,190.2,-0.205
AC307_3,243.3,-0.123
T3293_1,182.4,-0.966
AC305_3,278.5,0.03
T11181_2,238.0,-0.123
T3272_2,250.1,-0.077
T16999_2,224.5,-0.311
T16969_2,318.7,0.606
T11129_2,316.1,0.12
T11129_1,335.4,0.06
AC305_1,229.4,-0.503
T11171_1,153.8,-0.385
AC499_3,311.4,0.501
T15505_2,247.2,-0.235
T11185_2,238.9,-0.148
T11185_1,96.1,-0.017
T11181_1,145.8,-0.097
T3319_2,271.7,0.012
AC423_1,329.6,0.105
T11136_1,209.7,-0.147
T3272_1,58.0,0.43
T11216_1,241.2,-0.143
T3318_1,163.1,-0.398
AC269_4,251.1,-0.058
T17519_1,347.1,0.231
T11241_2,271.7,0.012
AC263_2,183.4,-0.32
T11154_2,205.2,-0.644
AC501_1,334.3,0.083
T11235_1,29.7,0.37
T3297_2,287.0,0.073
L336_1,40.7,0.168
T11134_1,349.0,0.783
AC471_1,179.0,-0.672
T11205_2,253.4,-0.095
AC324_3,339.6,0.879
AC474_2,187.1,-0.437
T11156_2,230.1,-0.555
T11092_1,171.5,-0.105
T3292_2,284.3,0.085
T3314_1,349.1,0.643
T3276_1,359.5,0.664
T11238_1,140.8,-0.521
T11208_1,122.9,-0.339
T3288_1,214.2,-0.654
T16971_1,355.9,0.726
T3288_2,234.3,-0.431
AC287_4,204.5,-0.436
AC472_4,208.8,-0.473
T11229_2,281.7,0.085
T11257_2,280.6,0.081
T11257_1,163.1,-0.177
T11196_1,152.0,-0.105
T3316_2,353.4,0.692
AC489_4,356.1,0.674
T11112_1,80.2,0.107
T11112_2,21.2,0.557
T11073_1,329.2,0.623
AC499_2,260.6,-0.042
T11065_1,23.1,0.708
T11213_1,81.8,0.103
AC265_3,186.5,-0.422
T3292_1,132.3,-0.185
T3305_1,142.7,-0.323
T11160_1,150.1,-0.508
AC267_3,1.5,0.404
AC485_4,330.7,0.12
AC411_3,179.1,-0.587
AC498_1,152.8,-0.885
T11203_2,17.6,0.527
T11265_1,160.8,-0.139
T3316_1,209.0,-0.147
T3306_2,260.4,-0.02
T11243_2,297.5,0.113
T11160_2,184.9,-0.491
T11281_1,353.1,0.36
AC389_4,207.1,-0.579
T11128_1,351.2,0.329
T16995_2,323.4,0.212
T16968_2,297.1,0.178
T11301_2,41.1,0.578
T16971_2,223.5,-0.244
T11166_1,54.9,0.327
T11343_2,265.2,-0.037
T3286_1,82.6,0.035
T11204_2,224.7,-0.271
T11204_1,82.8,0.065
T11152_1,164.3,-0.603
T16995_1,33.4,0.196
T11230_1,57.9,0.372
T11301_1,37.2,0.507
AC263_5,223.7,-0.172
T11187_1,323.5,0.147
T11277_2,12.5,0.032
T11270_1,158.0,-0.244
T11193_2,214.3,-0.204
T11326_1,287.6,0.132
T11217_1,283.3,0.127
T3286_2,49.9,0.29
T11152_2,172.5,-0.737
T11246_2,299.0,0.314
AC489_1,19.0,0.884
T3270_1,323.0,0.555
AC502_3,324.5,0.077
T11246_1,318.0,0.421
T11134_2,315.8,0.373
T11213_2,129.0,-0.198
AC269_5,173.5,-0.487
AC473_1,47.0,0.508
T11243_1,40.9,0.139
AC367_1,175.5,-0.807
T3276_2,321.1,0.441
T11291_2,314.2,0.346
T11291_1,22.9,0.692
T11131_1,10.9,0.675
AC421_3,240.5,-0.036
T11269_1,128.2,-0.405
T3406_1,314.7,0.102
T3322_1,153.6,-0.371
AC361_3,333.9,0.179
T11193_1,192.3,-0.222
T11202_2,304.0,0.222
T11128_2,264.5,-0.038
L340_2,293.8,0.187
AC371_3,281.5,0.034
L338_2,307.5,0.222
T3314_2,183.2,-0.298
T3329_1,343.3,0.271
T11267_2,282.6,0.053
T11267_1,347.6,0.159
T11190_1,177.2,-0.815
AC346_2,253.8,-0.06
T3321_2,289.9,0.16
AC502_5,165.4,-0.926
T11190_2,190.5,-0.749
T11236_2,281.6,0.041
T11200_1,350.1,0.668
AC485_2,296.8,0.047
AC369_3,264.8,-0.034
T11236_1,261.9,-0.022
T11164_1,54.0,0.432
T11164_2,331.2,0.19
AC213_6,291.7,0.065
T11208_2,174.4,-0.529
T11245_2,17.4,0.253
T3301_1,184.1,-0.712
L344_1,131.7,-0.095
T15767_2,208.3,-0.544
T3305_2,164.6,-0.504
T11156_1,222.8,-0.584
AC490_2,12.6,0.92
T3211_2,336.8,0.613
AC267_1,289.1,0.059
T3211_1,33.8,0.571
T11196_2,206.7,-0.437
AC473_2,306.2,0.033
T11250_2,319.9,0.179
T11250_1,68.1,0.106
T15767_1,155.5,-0.601
T11284_1,141.1,-0.037
L339_2,310.2,0.045
T11259_1,209.8,-0.123
AC501_2,316.7,0.114
T11210_1,346.0,0.171
AC305_4,204.4,-0.474
T11326_2,233.6,-0.323
AC307_2,175.2,-0.506
T11367_2,130.4,-0.28
T16969_1,173.5,-0.742
T11210_2,289.1,0.055
T16994_1,347.9,0.345
AC442_2,278.7,0.018
T11065_2,232.2,-0.332
AC373_2,87.5,0.034
T17872_2,348.4,0.666
T11230_2,311.0,0.18
T17872_1,65.8,0.33
T11199_2,326.8,0.391
AC502_2,266.0,-0.011
AC475_2,4.1,0.619
AC421_5,265.0,-0.012
T3321_1,185.2,-0.239
T3323_2,189.4,-0.188
T11255_1,148.2,-0.346
T11255_2,198.0,-0.507
T15504_2,231.9,-0.293
T11329_2,232.7,-0.355
T11216_2,219.3,-0.422
AC470_2,172.8,-0.538
T11212_2,167.1,-0.273
AC489_2,308.8,0.048
T3317_1,357.2,0.29
AC346_3,219.7,-0.144
T11281_2,205.0,-0.178
T11212_1,152.5,-0.553
T11203_1,292.8,0.127
T11199_1,44.3,0.432
AC373_1,1.1,0.678
AC473_3,229.9,-0.427
T11194_1,152.3,-0.431
T11343_1,147.1,-0.395
T11235_2,34.6,0.21
T11205_1,175.9,-0.823
T11198_1,171.1,-0.453
T11260_2,226.8,-0.458
T11260_1,159.8,-0.702
T11166_2,111.0,-0.164
T11202_1,149.7,-0.619
T11367_1,164.2,-0.423
T11227_2,210.3,-0.292
T11194_2,169.3,-0.551
T3406_2,211.2,-0.322
AC499_1,171.8,-0.602
T16994_2,247.1,-0.086
T3317_2,276.8,0.004
T3301_2,207.6,-0.68
T11073_2,322.3,0.673
T11253_1,44.1,0.334
T17519_2,220.1,-0.118
T11197_2,220.3,-0.718
T11328_2,197.2,-0.291
AC346_1,165.9,-0.721
T11198_2,221.8,-0.483
AC490_1,232.5,-0.155
T11328_1,168.2,-0.31
T11178_1,326.4,0.473
T17903_2,325.6,0.373
T11178_2,291.8,0.26
T11117_1,317.8,0.122
T16968_1,205.5,-0.229
T11232_1,167.8,-0.183
AC489_3,215.2,-0.087
T11240_1,333.0,0.586
T11231_2,201.4,-0.767
T11240_2,320.1,0.478
AC303_4,323.6,0.559
AC485_3,243.4,-0.103
AC442_3,272.2,0.003
T11224_2,281.1,0.098
AC475_1,294.9,0.078
T11227_1,139.1,-0.488
T3270_2,293.8,0.236
T11329_1,171.4,-0.562
T11272_2,280.3,0.115
T11272_1,358.7,0.36
T11224_1,216.6,-0.217
T11268_1,124.7,-0.362
T11268_2,184.6,-0.61
T11352_2,355.4,0.567
AC502_1,233.1,-0.158
T17520_2,226.0,-0.093
T17520_1,11.5,0.044
T11252_2,146.0,-0.269
AC365_4,289.0,0.086
T11282_1,105.1,-0.081
T11282_2,303.1,0.281
T3184_2,282.3,0.093
T3184_1,58.6,0.118
T3329_2,256.0,-0.084
T3306_1,176.4,-0.754
T11319_2,311.9,0.421
T11387_2,272.4,0.027
T11155_2,289.2,0.205
T11155_1,335.0,0.642
T3239_2,348.0,0.721
T11242_2,346.7,0.178
T3156_2,345.9,0.068
T11297_1,55.5,0.145
T11297_2,265.6,-0.015
T11300_2,282.3,0.033
T11300_1,67.2,0.11
T11263_1,38.7,0.106
T11366_1,0.9,0.292
AC488_3,335.0,0.315
AC361_4,241.1,-0.243
T11254_2,229.8,-0.191
T3334_2,4.8,0.155
T11263_2,297.0,0.068
T11200_2,311.1,0.33
AC502_4,200.3,-0.241
AC324_2,269.1,-0.004
T11294_2,304.2,0.102
T3330_1,302.0,0.165
T11347_1,138.4,-0.234
T11231_1,196.7,-0.853
L346_3,304.2,0.164
T3349_1,270.8,0.005
T11217_2,262.6,-0.086
T11131_2,331.6,0.342
AC476_1,63.8,0.088
T11347_2,213.8,-0.573
AC369_2,220.2,-0.2
T11046_2,315.2,0.631
L341_3,344.9,0.182
T3331_1,281.5,0.013
T3346_2,220.1,-0.488
T3346_1,174.9,-0.604
AC363_2,28.3,0.245
T16993_2,274.6,0.039
T16993_1,50.2,0.516
AC371_4,204.8,-0.188
T3287_2,54.0,0.45
AC491_1,36.7,0.695
T11221_1,200.5,-0.279
AC490_3,231.9,-0.03
T11254_1,169.0,-0.253
T3349_2,271.4,0.013
T11331_1,34.2,0.322
T11286_1,355.1,0.178
T11309_2,276.5,0.033
T11286_2,339.3,0.208
T3339_1,173.6,-0.35
T11331_2,241.9,-0.184
T11266_1,147.1,-0.073
T11266_2,345.5,0.161
T3343_2,222.0,-0.156
T11332_1,94.4,-0.034
T11269_2,120.0,-0.319
L342_1,15.9,0.646
T11206_1,172.7,-0.763
L340_3,304.2,0.103
T11309_1,222.1,-0.116
T3342_2,349.4,0.127
T11197_1,214.1,-0.69
T11387_1,129.6,-0.406
T11332_2,141.7,-0.275
T11206_2,203.8,-0.822
T3339_2,189.1,-0.539
T17903_1,156.4,-0.359
T11382_1,61.8,0.048
T11382_2,315.4,0.028
T11288_1,34.2,0.392
T11392_2,354.1,0.673
T11046_1,330.6,0.754
AC476_2,135.3,-0.02
T11288_2,324.3,0.178
T11245_1,227.6,-0.123
AC213_2,100.8,-0.002
AC487_4,305.9,0.072
AC365_1,133.0,-0.419
AC486_1,3.1,0.9
T11366_2,155.6,-0.114
T11221_2,199.4,-0.183
T11338_2,327.8,0.288
T11311_1,19.4,0.2
AC476_3,236.6,-0.317
T3342_1,188.2,-0.335
L341_1,296.5,0.068
AC501_3,190.8,-0.362
L342_3,228.9,-0.016
T11278_1,150.1,-0.554
AC475_3,204.3,-0.499
AC267_2,186.7,-0.578
AC235_2,312.6,0.187
T11349_2,315.9,0.089
T11349_1,74.5,0.015
T11375_2,15.2,0.084
T11383_2,286.2,0.126
T11114_1,6.1,0.725
T3266_1,300.5,0.216
T11114_2,314.1,0.404
T11170_2,315.1,0.442
AC488_2,286.4,0.037
AC324_1,189.0,-0.229
T11283_2,135.3,-0.621
T11302_2,242.4,-0.155
T11262_2,359.7,0.562
AC375_3,302.8,0.267
T11262_1,14.5,0.689
AC369_1,145.9,-0.401
T11390_1,130.0,-0.034
AC281_4,16.9,0.689
T11408_1,286.0,0.085
T11311_2,264.3,-0.01
AC491_2,222.0,-0.23
AC492_1,46.6,0.583
AC491_3,238.5,-0.072
T17542_1,179.9,-0.279
AC492_4,296.4,0.233
T11338_1,163.1,-0.168
T11314_1,69.0,0.136
T11226_1,328.4,0.673
L344_2,100.5,-0.06
T11319_1,269.6,-0.004
T11232_2,213.4,-0.673
T11261_1,139.8,-0.672
T3265_2,336.1,0.314
T11304_2,350.0,0.255
T3290_1,298.6,0.34
T3290_2,301.1,0.413
T11304_1,350.8,0.421
T11369_1,359.0,0.355
T11285_1,321.2,0.3
T11226_2,310.0,0.551
T11384_1,344.0,0.291
T16992_2,323.3,0.592
T11352_1,248.8,-0.139
AC303_1,144.7,-0.546
T11287_2,347.2,0.114
T11261_2,155.0,-0.767
T11392_1,144.2,-0.289
T11314_2,196.8,-0.423
AC303_2,232.4,-0.096
T17542_2,251.4,-0.08
T11322_1,34.2,0.399
T3343_1,138.6,-0.577
T16998_2,283.5,0.101
AC365_2,216.3,-0.184
T11253_2,327.3,0.021
T3269_1,329.7,0.479
T11117_2,323.2,0.067
T3331_2,314.7,0.085
T11209_1,5.8,0.319
T3269_2,314.2,0.362
AC492_2,246.3,-0.087
T11383_1,220.7,-0.432
AC487_1,163.5,-0.11
T11280_2,231.5,-0.527
T11285_2,188.2,-0.265
AC363_1,84.7,0.058
T3156_1,347.2,0.078
T11248_1,128.9,-0.48
T11290_1,358.8,0.645
T11317_2,333.0,0.819
T11278_2,154.2,-0.543
T3239_1,266.0,-0.047
L343_2,270.1,0.001
T11293_2,301.3,0.132
AC486_4,325.3,0.096
T11256_1,24.5,0.207
T11302_1,241.0,-0.191
AC442_4,161.5,-0.384
T11209_2,285.1,0.079
T3219_2,352.8,0.242
T3219_1,34.3,0.406
AC487_2,227.2,-0.098
T11258_2,204.1,-0.567
T11294_1,29.5,0.038
T3266_2,289.9,0.165
T11317_1,89.8,0.002
AC493_1,54.8,0.544
AC303_3,146.6,-0.668
AC281_3,272.1,0.007
T11252_1,152.0,-0.276
T11397_2,24.3,0.54
T11293_1,161.7,-0.154
T11287_1,210.3,-0.05
L343_3,302.5,0.134
T11256_2,223.7,-0.114
AC492_3,204.3,-0.111
T11296_1,142.0,-0.286
T11296_2,278.7,0.087
T11242_1,46.9,0.062
AC488_1,188.3,-0.087
T3265_1,285.2,0.084
T11369_2,356.7,0.32
T3287_1,86.0,0.039
T3341_2,246.1,-0.149
T3334_1,1.5,0.258
AC373_3,339.3,0.219
T3313_1,348.3,0.872
T3330_2,265.3,-0.019
T11292_2,211.8,-0.257
T3307_2,307.8,0.084
T3307_1,27.1,0.291
T11348_2,263.0,-0.029
AC477_2,14.8,0.269
T3313_2,303.3,0.463
AC371_1,276.6,0.021
AC365_3,177.9,-0.292
T14992_2,329.4,0.141
T11400_1,353.5,0.632
T11184_1,338.1,0.148
AC478_2,97.9,-0.033
T11348_1,147.5,-0.115
T11184_2,71.8,0.083
AC371_2,328.0,0.128
L344_3,292.1,0.085
AC235_3,224.3,-0.528
T11249_2,216.5,-0.49
T11248_2,178.7,-0.694
T3240_2,303.6,0.289
T11289_1,130.1,-0.441
T11289_2,140.7,-0.566
AC478_1,251.7,-0.081
T11280_1,185.8,-0.694
T11384_2,240.1,-0.198
T14993_1,41.5,0.102
AC281_2,189.9,-0.665
T11292_1,171.8,-0.426
T11370_1,4.6,0.681
T11359_2,3.0,0.736
T11340_1,163.6,-0.082
T11359_1,14.6,0.677
T11170_1,32.0,0.399
AC234_5,237.4,-0.251
T11346_1,24.4,0.594
AC477_4,225.5,-0.482
AC486_3,269.3,-0.002
T11249_1,222.2,-0.601
AC281_1,167.7,-0.562
AC493_2,336.1,0.19
AC493_3,238.1,-0.046
AC363_3,304.1,0.108
AC213_3,254.7,-0.128
L344_5,300.0,0.044
T11274_2,238.6,-0.12
T3335_2,271.8,0.006
L341_2,221.0,-0.146
T11258_1,199.3,-0.803
L342_2,88.1,0.008
T11290_2,307.7,0.259
T3328_2,195.9,-0.469
T3328_1,191.5,-0.424
T11307_2,214.1,-0.304
T11375_1,182.0,-0.154
AC477_3,266.7,-0.006
T11396_1,35.2,0.097
T11437_1,15.6,0.207
T11381_2,4.9,0.348
T11396_2,311.1,0.163
T11351_2,290.4,0.073
T11414_2,355.8,0.391
T11381_1,354.9,0.423
T11395_1,323.5,0.179
T11351_1,328.0,0.101
L344_4,211.2,-0.068
T14997_2,8.9,0.074
T11298_1,11.2,0.075
T11434_1,73.0,0.076
AC484_5,309.8,0.1
L345_1,155.4,-0.289
T11444_2,322.3,0.695
T11444_1,55.8,0.484
T11283_1,144.5,-0.656
T11340_2,185.1,-0.416
T11390_2,149.2,-0.063
T11307_1,177.6,-0.604
T11370_2,351.8,0.689
T11408_2,187.9,-0.255
AC235_4,133.3,-0.052
T11271_2,217.9,-0.177
AC478_3,282.2,0.076
T11320_1,312.9,0.342
T11271_1,168.7,-0.479
T14988_2,33.1,0.416
T3308_2,11.9,0.264
AC484_1,129.0,-0.306
T3308_1,31.0,0.302
T3362_2,13.0,0.143
T11434_2,351.9,0.264
T11274_1,160.4,-0.568
T3341_1,171.3,-0.545
AC487_3,172.8,-0.252
T11397_1,66.0,0.203
T11298_2,254.2,-0.018
T11402_2,163.6,-0.198
T11315_1,246.0,-0.289
AC486_2,166.4,-0.333
T11402_1,95.4,-0.027
T11353_2,213.6,-0.39
T3338_2,267.1,-0.039
T11330_2,317.0,0.143
T11306_1,16.2,0.111
T11437_2,122.3,-0.197
T11323_2,282.4,0.024
T11275_1,155.2,-0.204
T3362_1,157.8,-0.456
L343_1,57.9,0.087
T16992_1,199.3,-0.789
T11275_2,202.6,-0.609
AC375_6,1.3,0.155
T3300_2,274.8,0.017
T3300_1,35.2,0.176
L346_4,252.3,-0.16
T11322_2,69.6,0.123
AC216_1,254.4,-0.173
L346_2,269.0,-0.007
T11276_1,3.0,0.637
T14997_1,32.2,0.071
T11377_2,302.0,0.123
T3337_1,39.7,0.354
T11276_2,267.1,-0.011
T16998_1,174.5,-0.739
AC477_1,217.9,-0.468
T16990_1,353.1,0.626
T3336_1,67.8,0.303
T11385_1,170.4,-0.388
AC484_2,162.8,-0.554
T11176_2,341.2,0.136
T11430_2,339.8,0.558
T16987_1,8.0,0.76
T11428_2,315.7,0.193
T11295_1,156.1,-0.836
T11414_1,354.4,0.183
L346_1,71.9,0.081
T11385_2,174.5,-0.138
AC484_3,280.8,0.021
T11176_1,358.0,0.253
AC213_4,10.2,0.167
T14996_2,304.9,0.152
T14996_1,86.0,0.009
T11312_1,139.8,-0.501
T3358_2,285.6,0.102
AC483_4,316.1,0.466
T16988_1,358.0,0.835
T3340_2,214.5,-0.622
T16997_2,342.7,0.721
T14988_1,222.9,-0.331
T3337_2,198.6,-0.385
AC478_4,232.8,-0.333
T16987_2,236.8,-0.211
T11306_2,206.3,-0.21
T14993_2,210.5,-0.152
T11303_1,358.2,0.876
T3358_1,55.9,0.09
T11447_2,293.9,0.039
T11303_2,323.8,0.263
T11400_2,315.9,0.07
T16989_1,357.2,0.824
T11431_2,316.0,0.442
T11431_1,19.6,0.824
T11316_1,155.4,-0.706
AC423_8,227.1,-0.097
T16984_1,357.7,0.837
T11273_1,336.7,0.394
T11330_1,123.4,-0.06
T11327_1,191.9,-0.527
AC281_5,228.2,-0.503
AC483_1,138.9,-0.239
T11305_1,203.3,-0.219
T16986_2,351.4,0.675
T11305_2,172.2,-0.608
T3374_2,322.7,0.344
T3374_1,44.1,0.274
T11327_2,212.1,-0.37
T11324_1,288.9,0.111
T11279_1,35.0,0.365
T11316_2,183.1,-0.71
T17666_2,336.2,0.271
T11279_2,352.4,0.443
T14992_1,176.7,-0.262
T3338_1,155.2,-0.779
T11346_2,355.9,0.499
T11395_2,242.4,-0.156
T16988_2,202.3,-0.379
T17661_2,353.5,0.146
T11457_1,359.6,0.536
T11353_1,147.1,-0.343
AC484_4,194.7,-0.128
T11321_1,180.4,-0.701
T11358_1,46.3,0.111
T11358_2,281.9,0.05
AC494_1,35.5,0.775
T16985_2,313.3,0.458
T11318_1,171.8,-0.607
T11318_2,219.9,-0.506
T11336_2,232.7,-0.435
T3310_2,339.9,0.114
T17662_1,5.0,0.42
T11421_2,302.0,0.157
T11312_2,168.4,-0.676
T11356_2,320.4,0.486
T16991_1,19.1,0.399
T3363_1,339.5,0.451
T3340_1,156.4,-0.641
T11356_1,264.8,-0.045
T11368_2,246.7,-0.095
T11459_2,244.1,-0.103
T11459_1,108.0,-0.08
T11389_1,8.0,0.398
T11323_1,183.2,-0.114
T11457_2,249.3,-0.142
T3240_1,293.3,0.179
AC483_3,273.7,0.008
T17661_1,128.8,-0.189
T16989_2,189.5,-0.637
T11321_2,210.8,-0.692
AC375_2,316.1,0.158
AC423_4,250.6,-0.053
T16990_2,188.7,-0.226
T11439_2,252.8,-0.007
T11333_2,197.6,-0.593
T11419_2,11.4,0.282
T17660_1,127.4,-0.193
T17660_2,262.9,-0.033
T3335_1,224.8,-0.084
T3357_2,30.3,0.441
T3309_1,69.9,0.232
T11377_1,267.3,-0.009
AC494_2,316.7,0.111
AC432_4,236.3,-0.099
T11419_1,357.0,0.221
T3309_2,358.4,0.317
T11325_1,224.8,-0.142
T11334_1,193.9,-0.255
AC483_2,290.1,0.04
T11308_1,122.2,-0.266
AC494_3,278.6,0.009
T3355_1,308.0,0.139
T11295_2,156.8,-0.807
T11470_1,326.6,0.172
T11435_2,216.1,-0.104
T11446_2,335.2,0.323
AC423_5,261.2,-0.032
AC428_1,242.7,-0.07
AC425_2,340.6,0.732
T11361_2,223.2,-0.381
T11333_1,157.7,-0.767
T11474_1,311.3,0.259
L345_2,308.4,0.138
AC425_3,266.5,-0.023
T11308_2,183.9,-0.535
T11334_2,191.5,-0.167
T11362_1,157.9,-0.245
T11362_2,184.6,-0.382
T11364_2,256.3,-0.118
T11364_1,321.7,0.218
T11180_1,334.9,0.201
T11273_2,241.1,-0.191
T17670_2,343.9,0.25
T3353_1,321.2,0.609
T11180_2,304.8,0.153
T11315_2,226.4,-0.513
T11320_2,294.1,0.169
T11446_1,136.9,-0.217
T15552_2,168.8,-0.679
T11345_2,290.6,0.103
T3327_1,86.0,0.028
AC217_2,270.7,0.007
T11354_2,268.2,-0.008
T15552_1,176.2,-0.655
T11368_1,193.7,-0.444
T11354_1,52.5,0.145
T3312_2,305.3,0.305
T3354_1,317.2,0.523
T11394_2,220.6,-0.427
T11469_2,265.3,-0.013
T11469_1,85.3,0.015
T11454_2,238.9,-0.247
T11379_1,276.3,0.065
T3373_2,278.5,0.037
T3357_1,82.0,0.073
T11379_2,238.6,-0.376
T11403_2,260.6,-0.042
T11403_1,295.4,0.078
T11436_1,258.0,-0.071
T11371_1,187.3,-0.672
T11418_1,41.5,0.163
T11371_2,231.0,-0.396
T11394_1,178.7,-0.579
T11428_1,262.7,-0.027
T11445_1,310.8,0.053
T3333_2,1.0,0.151
T11421_1,228.4,-0.143
T3377_2,226.5,-0.057
AC234_2,223.7,-0.129
T3345_1,174.9,-0.705
T11430_1,347.8,0.44
T11454_1,160.8,-0.599
AC479_1,68.6,0.172
T3345_2,214.5,-0.503
T11361_1,140.8,-0.619
T11470_2,207.2,-0.405
T11299_1,38.5,0.139
T3538_2,194.6,-0.815
AC479_4,276.4,0.042
T11350_2,245.4,-0.049
T11299_2,358.3,0.109
T11336_1,197.7,-0.815
T11418_2,324.5,0.098
T15290_1,51.7,0.472
AC234_1,67.0,0.316
T11350_1,185.1,-0.077
T11373_2,235.2,-0.029
T16997_1,185.6,-0.81
T11423_2,291.1,0.207
T3333_1,12.8,0.247
T11373_1,208.0,-0.092
T11372_2,207.4,-0.745
T11388_1,335.2,0.203
T3312_1,177.5,-0.094
AC479_3,252.6,-0.213
T3298_1,31.6,0.153
T11393_2,8.1,0.379
T17672_2,302.9,0.181
T3538_1,145.8,-0.685
T11447_1,336.6,0.093
AC479_2,308.5,0.134
T3373_1,199.8,-0.214
T17666_1,177.1,-0.467
L347_1,69.2,0.007
T17663_2,357.9,0.211
T16984_2,182.5,-0.758
T3352_2,249.1,-0.279
AC423_6,259.3,-0.021
T11363_2,187.2,-0.553
AC363_4,222.2,-0.178
T11324_2,213.5,-0.509
T11393_1,7.2,0.343
T16986_1,189.0,-0.836
T11399_2,216.5,-0.081
T3347_2,217.8,-0.431
T3353_2,228.5,-0.542
AC421_7,222.1,-0.083
T11325_2,194.2,-0.646
T11355_1,68.2,0.069
L348_1,220.8,-0.172
T11399_1,181.5,-0.173
T11401_1,216.4,-0.493
AC425_1,174.1,-0.086
T17668_2,252.6,-0.139
T17668_1,31.0,0.32
T16028_2,209.6,-0.55
AC423_2,242.6,-0.062
T16985_1,187.9,-0.783
T3355_2,290.5,0.017
T17662_2,195.2,-0.267
T16991_2,207.8,-0.601
T11489_2,317.9,0.201
T11380_2,167.7,-0.386
L349_3,325.3,0.045
T3363_2,240.8,-0.144
T11405_1,124.9,-0.221
T3361_2,206.0,-0.525
AC425_5,262.2,-0.014
T3356_2,236.0,-0.484
T11401_2,242.9,-0.29
T11389_2,222.7,-0.344
T11380_1,163.9,-0.447
T11439_1,99.0,-0.003
T11477_2,11.4,0.748
T17667_1,36.0,0.095
T3366_1,8.2,0.752
AC216_3,32.1,0.053
AC234_3,143.7,-0.421
T3298_2,258.2,-0.033
T11342_2,202.2,-0.754
T11339_2,196.5,-0.783
AC480_4,243.9,-0.329
T3356_1,201.7,-0.807
T3361_1,194.3,-0.681
T17667_2,204.0,-0.277
AC432_3,207.3,-0.13
T17905_2,75.9,0.027
T11088_2,338.4,0.094
T11339_1,172.7,-0.853
AC482_3,277.6,0.076
AC480_1,40.6,0.267
T11363_1,163.7,-0.502
AC216_2,59.5,0.239
T11406_2,344.5,0.195
T11406_1,324.1,0.162
T17901_2,46.1,0.086
T11365_2,225.6,-0.308
T11342_1,175.0,-0.856
T11409_2,345.1,0.204
T11409_1,329.9,0.188
T17900_2,348.4,0.112
T17659_2,347.5,0.107
T11372_1,150.9,-0.735
T11357_1,8.1,0.37
T11423_1,267.2,-0.032
T11410_2,218.6,-0.556
AC428_2,225.2,-0.089
T17881_2,320.8,0.046
T11451_2,359.2,0.084
T11451_1,358.6,0.231
T11365_1,191.9,-0.608
T11483_1,304.9,0.033
T11411_2,193.9,-0.233
T11345_1,181.2,-0.809
T17665_2,278.8,0.042
T3366_2,221.3,-0.296
T11357_2,2.9,0.303
T17670_1,210.2,-0.226
T16028_1,198.7,-0.564
T11410_1,142.9,-0.643
AC480_2,318.5,0.229
T17665_1,128.8,-0.246
T3299_1,103.8,-0.019
T3327_2,108.0,-0.151
T11441_1,160.1,-0.249
AC482_2,252.1,-0.061
T11445_2,60.0,0.039
T11489_1,223.3,-0.193
T3299_2,273.1,0.005
T11462_1,62.7,0.269
T11415_2,265.1,-0.03
T11436_2,246.6,-0.156
T11415_1,325.7,0.079
T3379_2,40.4,0.153
T11360_2,358.5,0.399
T11360_1,354.4,0.372
T3379_1,70.0,0.142
L348_2,309.5,0.064
T3398_1,11.2,0.096
T11486_1,354.2,0.175
T3354_2,185.0,-0.693
T3385_2,330.9,0.124
T15290_2,205.6,-0.643
T11386_1,212.0,-0.625
T17897_2,359.3,0.073
T11452_1,353.0,0.196
T11441_2,199.6,-0.36
T17881_1,146.0,-0.027
T11501_2,245.0,-0.074
T11501_1,23.9,0.182
T11452_2,356.6,0.101
T3388_1,282.3,0.014
T3386_2,320.8,0.024
T11404_2,231.3,-0.141
T3360_2,220.0,-0.522
T11404_1,242.4,-0.074
T3352_1,215.1,-0.633
T3387_2,327.4,0.085
T11355_2,315.8,0.07
T11376_2,340.2,0.102
T11376_1,103.4,-0.036
T11435_1,232.4,-0.13
T11398_2,202.4,-0.526
T11391_2,242.4,-0.269
T3377_1,271.3,0.004
T11413_2,206.5,-0.721
T11398_1,192.0,-0.779
T11417_2,176.2,-0.758
AC481_1,149.6,-0.68
T11481_2,6.0,0.37
T11496_1,3.2,0.351
T3347_1,173.4,-0.528
T11477_1,25.6,0.104
T11407_1,155.1,-0.771
T11480_2,95.3,-0.044
T3398_2,270.2,0.001
T11516_2,347.6,0.169
AC480_3,220.1,-0.734
T3359_2,198.6,-0.755
T11391_1,213.7,-0.688
T3360_1,217.6,-0.491
T11488_1,19.3,0.089
T11388_2,194.3,-0.698
T11386_2,203.0,-0.825
T11407_2,197.7,-0.806
T11426_1,335.5,0.101
T17672_1,166.5,-0.178
T11492_1,264.4,-0.01
L347_2,184.9,-0.055
T17663_1,176.4,-0.344
AC234_4,83.3,0.008
T11488_2,260.0,-0.015
T11503_2,304.6,0.094
L350_1,315.7,0.111
T11413_1,172.6,-0.836
T11513_2,346.0,0.182
T11520_1,21.4,0.666
T11417_1,162.6,-0.711
T3386_1,198.0,-0.117
T11513_1,26.8,0.155
T11405_2,202.8,-0.581
AC482_1,171.0,-0.711
L349_2,301.3,0.093
T11411_1,177.5,-0.72
T11492_2,329.0,0.185
T11481_1,67.2,0.129
T11426_2,228.9,-0.119
T11462_2,355.0,0.192
T11480_1,280.8,0.039
T11429_1,323.8,0.071
T11429_2,232.5,-0.147
T14987_2,313.7,0.104
T11468_2,253.8,-0.031
AC421_2,266.7,-0.005
T11496_2,238.9,-0.088
T11466_2,358.3,0.263
T3387_1,66.5,0.002
AC421_4,238.4,-0.122
T11432_1,218.8,-0.34
T11416_2,230.9,-0.404
T17905_1,134.7,-0.201
T3404_2,305.2,0.359
AC481_2,17.0,0.443
T11088_1,162.1,-0.517
T11491_1,114.1,-0.145
T11491_2,116.6,-0.086
T11424_2,261.1,-0.097
T11424_1,298.1,0.225
T11474_3,279.5,0.015
T11497_1,251.4,-0.132
T3359_1,207.7,-0.594
T17901_1,149.1,-0.358
T11412_2,192.2,-0.311
T11412_1,182.1,-0.467
T17659_1,177.4,-0.385
T17900_1,164.8,-0.257
T11201_1,48.0,0.093
T17897_1,167.8,-0.083
T11468_1,205.2,-0.098
AC495_4,240.1,-0.094
AC216_4,16.5,0.154
T11504_1,50.4,0.533
T11504_2,18.6,0.774
L350_2,142.7,-0.023
T11420_2,3.7,0.537
T11420_1,356.0,0.572
T11467_1,349.1,0.307
T11467_2,346.1,0.359
L351_1,214.3,-0.038
T3372_2,271.7,0.007
T11201_2,285.8,0.029
T11483_2,168.9,-0.325
T3310_1,18.8,0.077
AC481_3,279.0,0.04
T11448_1,356.7,0.436
T11448_2,335.9,0.247
T3409_2,303.3,0.23
T3391_2,251.0,-0.124
T3332_2,342.3,0.109
T11527_1,290.7,0.181
L356_2,358.9,0.365
T11460_1,329.2,0.399
T11416_1,187.7,-0.648
T11524_1,15.6,0.503
AC495_1,34.4,0.483
T11545_2,318.1,0.18
T11378_2,295.1,0.236
T11378_1,29.1,0.117
T3332_1,97.6,-0.011
T11482_2,307.6,0.078
T11432_2,195.3,-0.508
AC495_3,291.7,0.05
T15289_2,32.6,0.635
T11486_2,273.3,0.001
T3385_1,190.7,-0.376
T17676_2,322.5,0.255
AC421_6,284.4,0.028
T3388_2,198.0,-0.26
T11460_2,262.5,-0.016
T11503_1,315.3,0.172
AC495_2,177.6,-0.302
T11545_1,216.1,-0.379
T17898_2,303.8,0.095
T11440_1,329.2,0.146
T11425_2,210.0,-0.736
T11440_2,338.8,0.139
T11522_2,35.2,0.091
T3436_2,180.6,-0.24
T3378_2,326.7,0.243
AC417_1,294.0,0.013
T3384_1,105.6,-0.014
T3384_2,310.3,0.217
T17658_1,101.0,-0.063
T11425_1,194.4,-0.853
AC217_1,37.4,0.019
T11520_2,227.2,-0.26
T3436_1,169.6,-0.425
T11484_2,178.7,-0.388
T11484_1,171.3,-0.369
T11453_1,352.6,0.136
T11453_2,336.6,0.144
T3380_1,340.1,0.064
T11516_1,341.4,0.109
T11498_2,289.1,0.075
T11512_1,28.3,0.499
T17658_2,236.6,-0.041
T11540_2,6.8,0.471
T3408_2,265.6,-0.039
T11512_2,342.2,0.447
AC419_3,258.4,-0.018
T14995_1,348.4,0.065
T11528_2,214.4,-0.057
T14995_2,245.4,-0.035
T11497_2,218.7,-0.185
T3409_1,203.4,-0.167
T3365_2,314.6,0.379
T3365_1,89.9,0.001
T15914_2,249.8,-0.073
T15295_2,36.7,0.474
L349_1,344.2,0.106
T15914_1,127.1,-0.117
T3404_1,209.0,-0.4
T11461_2,282.1,0.044
T11461_1,304.2,0.049
T11524_2,232.6,-0.126
T17896_2,12.8,0.058
T11485_2,323.6,0.103
T11485_1,357.7,0.113
T11535_2,3.8,0.119
T11479_2,302.8,0.107
T11479_1,53.2,0.05
T14987_1,166.2,-0.087
T11533_2,276.0,0.011
AC498_2,320.7,0.515
T17894_2,339.7,0.205
T11531_1,356.3,0.108
L350_3,289.7,0.093
T11541_2,330.0,0.049
T11495_2,315.5,0.076
T11495_1,76.2,0.012
T17892_2,348.5,0.145
T11540_1,48.3,0.317
T11527_2,260.8,-0.066
T11507_2,338.0,0.662
T11521_1,347.5,0.58
T11466_1,237.5,-0.065
T11507_1,28.0,0.615
T11554_1,280.5,0.041
T17898_1,172.2,-0.347
T11494_2,309.4,0.068
T3376_2,216.0,-0.672
T11494_1,0.1,0.117
T17893_2,1.7,0.167
T11563_2,272.2,0.005
T14991_2,224.2,-0.248
T14991_1,12.8,0.321
T11528_1,202.3,-0.27
AC375_5,221.4,-0.254
T11344_1,326.8,0.254
T11344_2,345.0,0.333
T17902_2,350.3,0.409
T11465_1,168.9,-0.529
T11449_2,217.9,-0.492
T17891_2,350.0,0.334
T14989_2,53.2,0.011
T14994_1,280.6,0.019
AC417_4,231.8,-0.134
T11438_2,224.3,-0.433
T11438_1,154.8,-0.615
T11532_1,329.8,0.348
T11493_2,22.9,0.347
T11539_2,256.2,-0.081
T3401_2,306.2,0.086
T11539_1,173.4,-0.397
T17890_2,300.6,0.045
L351_2,241.2,-0.141
T3372_1,171.2,-0.425
T3391_1,290.3,0.124
T17889_2,334.9,0.221
T14989_1,252.3,-0.01
AC481_4,191.2,-0.693
AC498_4,241.5,-0.113
T15289_1,158.4,-0.618
T17891_1,200.7,-0.195
T11552_1,42.2,0.62
T11456_1,190.6,-0.78
T11456_2,201.9,-0.809
T11502_2,20.1,0.341
T11532_2,266.2,-0.035
L352_2,155.1,-0.038
T11449_1,196.4,-0.588
T11482_1,288.5,0.027
T3375_1,154.6,-0.693
T3375_2,205.9,-0.65
T11464_2,210.8,-0.416
T17676_1,209.4,-0.264
T11474_2,225.6,-0.055
T11473_2,227.6,-0.531
T11499_2,186.1,-0.283
T3425_1,172.6,-0.435
T3425_2,187.4,-0.47
AC375_1,15.1,0.167
T17899_1,348.6,0.175
T11433_1,353.1,0.241
T11433_2,7.6,0.36
T11455_1,164.4,-0.526
T11455_2,173.0,-0.598
T17889_1,293.0,0.007
T11465_2,203.9,-0.512
T3380_2,114.9,-0.015
T3376_1,163.2,-0.805
T11521_2,354.7,0.552
T11505_2,15.0,0.157
L353_2,241.9,-0.006
T17890_1,9.4,0.025
T11458_1,160.5,-0.765
T15081_1,126.7,-0.2
T15081_2,215.4,-0.391
T11473_1,194.7,-0.724
T11522_1,94.8,-0.007
T3408_1,177.7,-0.298
T11558_2,263.8,-0.017
T3378_1,203.0,-0.308
T3410_1,74.3,0.078
AC377_1,295.8,0.122
T11472_1,264.6,-0.04
L356_1,27.4,0.099
T3401_1,219.2,-0.078
L353_1,62.7,0.195
L353_3,288.2,0.084
T11478_2,349.0,0.361
T11478_1,8.0,0.342
T11498_1,230.2,-0.164
T11499_1,149.6,-0.37
T17882_2,11.4,0.16
T3410_2,272.8,0.02
T11464_1,205.6,-0.568
T17895_2,111.7,-0.023
T17902_1,206.2,-0.187
T11458_2,185.7,-0.747
T14986_1,354.7,0.07
T3399_2,21.9,0.103
T11582_1,311.0,0.024
AC375_4,340.5,0.183
T11558_1,143.2,-0.145
T11552_2,32.4,0.297
T3390_2,209.1,-0.672
T16027_1,176.1,-0.842
T11554_2,267.2,-0.009
T11576_2,318.5,0.265
T11538_1,99.8,-0.055
T11510_2,72.1,0.184
T15295_1,145.4,-0.5
T11505_1,121.6,-0.041
T3383_2,210.0,-0.643
T3383_1,163.6,-0.659
T3399_1,20.9,0.138
T16027_2,184.8,-0.804
T11576_1,55.0,0.15
T11475_2,183.7,-0.422
T17896_1,152.8,-0.477
T11535_1,1.4,0.327
T3400_2,192.9,-0.778
T11533_1,171.5,-0.544
T11561_1,334.7,0.095
T11493_1,15.7,0.485
T17894_1,150.9,-0.21
T3390_1,201.5,-0.624
T3437_1,213.0,-0.034
T11531_2,190.3,-0.361
T11544_2,352.8,0.456
T11517_1,357.7,0.316
T11544_1,336.5,0.303
T11541_1,211.2,-0.1
T11475_1,176.0,-0.425
T11538_2,220.1,-0.137
T17892_1,170.8,-0.221
AC497_1,3.1,0.563
T17893_1,172.0,-0.251
T11563_1,213.5,-0.091
T11582_2,277.6,0.036
AC419_2,247.5,-0.142
T11168_2,5.6,0.264
T14994_2,240.9,-0.076
T11568_1,335.8,0.321
L354_2,196.3,-0.055
T11515_2,340.7,0.42
T11515_1,350.1,0.311
T11570_2,339.8,0.474
L352_1,188.5,-0.214
T14986_2,233.1,-0.146
T3320_2,317.7,0.209
T11534_2,313.9,0.139
T11565_1,323.5,0.216
T3320_1,24.5,0.144
T11534_1,340.4,0.283
AC498_3,166.2,-0.626
AC417_3,285.9,0.14
T11476_2,222.3,-0.525
T11476_1,176.8,-0.684
T11578_2,310.6,0.196
AC497_2,290.2,0.048
T11502_1,222.3,-0.107
AC377_2,222.1,-0.439
T17899_2,276.1,0.006
AC217_3,330.8,0.185
T11575_1,4.3,0.08
T11575_2,179.6,-0.048
T11561_2,310.7,0.079
T11510_1,116.5,-0.231
T11547_1,322.2,0.088
T11523_2,337.4,0.099
T11523_1,65.3,0.044
T3400_1,196.7,-0.821
L359_1,8.8,0.543
T11519_2,201.9,-0.672
T3389_2,207.0,-0.489
T3389_1,177.0,-0.784
L356_5,332.5,0.197
T17909_2,113.8,-0.166
T11472_2,190.4,-0.512
T11584_1,26.4,0.047
T11519_1,176.0,-0.697
T17664_2,226.8,-0.167
T17664_1,34.4,0.29
T11570_1,40.5,0.061
T17882_1,177.3,-0.357
T17895_1,216.3,-0.103
T15989_1,163.4,-0.548
T15989_2,183.4,-0.637
T11557_1,53.4,0.11
T11557_2,285.9,0.039
T11565_2,322.4,0.145
T17909_1,68.1,0.126
T11556_2,276.9,0.069
T3344_2,298.1,0.117
T3344_1,308.2,0.082
T3421_1,327.8,0.095
T11168_1,31.6,0.183
T11572_2,347.0,0.401
T11549_1,27.3,0.411
T3419_2,330.4,0.209
T3382_2,340.6,0.123
T11463_1,352.7,0.171
T11463_2,335.5,0.268
T11549_2,341.9,0.423
T3402_1,177.7,-0.63
T11580_2,202.8,-0.188
T11500_1,14.6,0.576
T11559_2,5.1,0.423
T11547_2,328.7,0.09
T11542_2,191.9,-0.455
T11518_2,299.9,0.04
T11577_1,224.3,-0.205
T11577_2,247.0,-0.177
T11337_1,201.6,-0.759
T3437_2,172.3,-0.395
T11566_1,13.3,0.201
T11569_2,317.3,0.347
T11580_1,273.4,0.011
T11337_2,213.3,-0.712
T11569_1,106.2,-0.12
L354_1,246.7,-0.036
T11517_2,324.5,0.447
T3402_2,182.8,-0.659
T17669_2,224.6,-0.195
T17669_1,342.9,0.223
T11542_1,162.8,-0.525
T11572_1,36.8,0.314
T11555_2,251.6,-0.135
T11628_2,311.7,0.499
T11621_2,311.0,0.279
AC419_1,188.2,-0.367
T11568_2,326.1,0.253
AC217_4,59.0,0.027
L355_2,347.9,0.06
T11591_2,4.8,0.462
T11471_1,48.2,0.139
T11591_1,57.3,0.303
T11500_2,318.0,0.221
T15553_2,223.3,-0.5
T3414_1,340.3,0.189
T11589_1,135.4,-0.073
T11530_2,346.2,0.222
T11530_1,352.2,0.24
AC379_1,282.7,0.039
T11584_2,15.8,0.075
L356_4,298.6,0.075
T3415_2,340.6,0.139
T11335_1,41.8,0.471
T11621_1,248.2,-0.215
T3382_1,129.0,-0.064
T11567_2,37.2,0.143
T11567_1,108.3,-0.006
T15553_1,171.8,-0.669
T14990_1,352.1,0.147
T3417_1,315.2,0.104
T3381_2,322.2,0.136
T11578_1,204.5,-0.047
L357_3,23.8,0.62
AC497_3,180.5,-0.485
T11589_2,306.2,0.143
T11525_2,21.2,0.547
T15009_2,3.4,0.303
T11525_1,62.0,0.262
T11546_1,37.5,0.384
T11546_2,353.5,0.436
T11566_2,283.3,0.021
T11487_2,36.6,0.36
T11598_2,358.6,0.682
T11628_1,232.1,-0.424
L357_2,155.3,-0.08
L355_1,16.7,0.727
AC417_2,180.4,-0.499
T3459_2,287.5,0.04
T11583_2,169.5,-0.319
T11583_1,165.5,-0.38
T3459_1,96.9,-0.009
T11518_1,51.5,0.02
T11610_2,347.2,0.237
T11585_2,201.5,-0.318
T11585_1,160.0,-0.345
T3381_1,130.5,-0.074
T11599_1,299.1,0.064
T11588_1,170.7,-0.37
T11588_2,171.1,-0.482
T3426_2,224.9,-0.35
T11605_2,222.1,-0.006
T11605_1,191.6,-0.06
L358_2,347.6,0.034
T11633_2,73.1,0.089
T11543_2,318.7,0.294
T11543_1,16.9,0.226
T11611_1,1.5,0.03
T11442_1,347.0,0.2
T11442_2,343.1,0.205
T11490_2,323.1,0.277
T11490_1,355.5,0.134
T11617_2,23.8,0.045
T11614_1,274.5,0.034
T3435_2,350.7,0.232
T3439_2,354.7,0.044
T11536_2,270.0,-0.0
T11536_1,351.7,0.218
T11556_1,256.0,-0.09
T11335_2,301.1,0.355
T3421_2,216.6,-0.148
T11615_2,356.2,0.196
T11620_1,2.9,0.368
T3403_1,114.5,-0.248
T3440_2,174.4,-0.453
T3422_2,22.9,0.808
T3403_2,63.4,0.223
T11559_1,42.3,0.204
L358_3,307.9,0.141
T11622_2,345.0,0.416
T11587_1,3.9,0.013
T11623_2,337.6,0.341
T11574_1,218.2,-0.286
T3426_1,78.9,0.09
T3441_1,329.7,0.2
T11638_2,54.6,0.039
T3419_1,193.4,-0.227
T15009_1,206.2,-0.223
T11587_2,304.4,0.014
T11622_1,188.8,-0.557
T15293_2,221.0,-0.508
T11422_2,343.3,0.676
T3434_1,127.6,-0.324
T11555_1,195.7,-0.522
L359_2,282.1,0.029
T14990_2,225.2,-0.116
T11598_1,62.6,0.293
T11471_2,268.4,-0.012
T3449_2,338.6,0.067
T11620_2,356.2,0.03
T11639_1,204.3,-0.137
T11639_2,254.9,-0.043
T11617_1,178.7,-0.517
T11593_2,320.2,0.085
T11593_1,329.3,0.062
T11574_2,243.4,-0.227
T11614_2,95.8,-0.052
T11642_1,2.2,0.195
T3434_2,250.8,-0.271
T11645_2,317.6,0.224
L360_1,337.0,0.087
T11529_2,293.9,0.133
T11564_2,181.1,-0.441
T11529_1,296.5,0.095
T11623_1,227.8,-0.108
T11487_1,45.7,0.252
T11537_1,305.0,0.229
T3414_2,195.6,-0.269
T11611_2,351.0,0.129
T3392_2,318.9,0.082
T11609_1,292.9,0.046
T3392_1,340.0,0.102
L358_1,136.3,-0.464
T3450_2,354.5,0.161
AC379_2,350.3,0.238
T11548_2,233.2,-0.488
T15011_1,29.5,0.484
T11626_2,32.8,0.495
T11626_1,82.6,0.08
L356_3,173.0,-0.385
T3415_1,241.1,-0.192
T11645_1,146.2,-0.244
L360_2,290.2,0.037
T17679_1,320.5,0.175
T11636_2,356.4,0.321
T3417_2,269.8,-0.0
T11608_1,351.2,0.095
T11662_2,313.3,0.146
AC379_3,244.0,-0.257
T17677_1,26.5,0.206
L361_1,276.0,0.008
T11606_2,127.5,-0.12
T11606_1,213.3,-0.143
T3433_1,137.1,-0.369
T11610_1,238.7,-0.171
T15293_1,198.8,-0.66
T3405_2,205.2,-0.59
AC381_6,212.9,-0.606
T3405_1,172.7,-0.631
T11564_1,177.3,-0.374
L357_1,88.0,0.016
T3449_1,341.7,0.053
T11601_2,169.8,-0.212
T11601_1,170.5,-0.201
T3433_2,250.8,-0.24
T17680_1,332.4,0.177
T11642_2,231.5,-0.316
T11551_2,205.3,-0.755
T11548_1,189.3,-0.827
AC415_3,297.7,0.272
T11643_2,292.2,0.096
T11631_2,344.2,0.559
T11550_1,30.5,0.572
T11599_2,221.2,-0.266
T11551_1,188.1,-0.721
T11600_1,83.6,0.06
T11422_1,100.4,-0.124
T11597_1,87.1,0.005
T11597_2,270.5,0.001
T17679_2,183.7,-0.364
T11560_1,2.6,0.079
T15439_2,192.8,-0.655
T17677_2,204.7,-0.219
T11608_2,187.0,-0.162
T3428_1,111.3,-0.047
T3428_2,175.1,-0.074
T11643_1,236.2,-0.126
T11619_2,219.1,-0.261
T3407_2,130.9,-0.401
T3435_1,176.6,-0.609
T17680_2,192.3,-0.254
T15011_2,277.5,0.023
T3422_1,133.9,-0.55
T3441_2,230.7,-0.171
T11637_1,28.6,0.161
T11602_1,28.9,0.446
T11631_1,51.0,0.342
T11612_2,355.4,0.508
T17681_2,271.1,0.006
T17682_1,355.5,0.247
T3407_1,205.3,-0.585
T11633_1,332.5,0.34
T11641_2,210.9,-0.08
T11612_1,41.7,0.458
L360_3,211.1,-0.148
T11646_2,142.0,-0.012
T3439_1,190.8,-0.367
T11636_1,146.6,-0.088
T11615_1,175.9,-0.201
T3350_2,335.7,0.503
T11427_1,41.3,0.523
T3350_1,50.8,0.507
T15439_1,130.1,-0.42
T3440_1,178.6,-0.405
T11638_1,172.1,-0.113
T11629_2,196.4,-0.196
T11619_1,206.5,-0.229
T11629_1,191.8,-0.158
T11616_1,42.4,0.279
T11616_2,302.5,0.159
T11571_1,353.3,0.065
T3364_1,22.9,0.395
T11550_2,2.9,0.461
L359_3,190.1,-0.45
T3432_2,270.9,0.011
T3447_2,276.2,0.02
T11648_2,277.4,0.027
T11648_1,22.4,0.047
T3450_1,170.6,-0.049
T3418_1,113.8,-0.296
T3411_1,116.6,-0.13
T3411_2,320.4,0.156
T11537_2,282.2,0.085
T11663_1,27.9,0.231
T11663_2,148.0,-0.411
T11609_2,210.2,-0.205
T11641_1,131.9,-0.072
T17682_2,196.3,-0.281
T11676_1,51.1,0.22
T11681_2,266.6,-0.008
T11618_1,165.6,-0.489
AC415_2,232.2,-0.274
T11652_2,50.6,0.183
T11681_1,126.6,-0.093
T3418_2,173.6,-0.689
T11662_1,190.9,-0.429
T11627_1,324.6,0.681
T11603_1,314.2,0.539
T11600_2,85.4,0.041
T17681_1,125.8,-0.207
AC413_1,57.4,0.523
L361_2,137.5,-0.078
T11602_2,6.2,0.434
T11670_1,33.5,0.146
T17678_2,224.4,-0.079
O14_3,40.2,0.096
T11177_2,331.1,0.146
T11374_2,317.5,0.091
T11177_1,36.5,0.569
T11562_2,284.1,0.083
T11562_1,5.7,0.439
AC415_1,147.8,-0.332
T11671_1,23.8,0.504
T11595_2,20.7,0.605
T3432_1,213.4,-0.459
T11603_2,236.4,-0.407
T11604_2,294.8,0.232
T11674_1,343.4,0.133
T11669_2,253.0,-0.058
T11613_2,310.1,0.235
T11427_2,302.0,0.275
T11514_2,303.9,0.156
T11656_1,154.6,-0.114
T11656_2,326.9,0.486
T11514_1,52.7,0.18
O14_2,81.5,0.034
T11670_2,199.7,-0.266
T11560_2,158.9,-0.403
T11683_1,8.1,0.207
T15916_2,234.0,-0.077
T15916_1,94.0,-0.01
T3448_2,328.8,0.135
T17678_1,42.1,0.05
T11689_2,354.6,0.058
T17563_2,249.8,-0.244
T3369_1,342.2,0.437
T11653_1,286.0,0.017
T3396_2,283.2,0.048
T11637_2,167.9,-0.114
T11660_2,116.5,-0.185
T11674_2,323.2,0.065
L362_1,262.2,-0.03
T11660_1,109.7,-0.164
T11667_2,202.8,-0.223
AC415_5,205.3,-0.362
T11646_1,148.5,-0.293
T11664_2,310.4,0.256
T11581_1,339.1,0.395
L363_2,0.1,0.161
T3447_1,162.3,-0.385
T11652_1,221.2,-0.155
AC415_4,116.9,-0.084
T11669_1,222.1,-0.082
T11581_2,300.2,0.304
T3424_1,138.0,-0.534
T3364_2,260.5,-0.078
T11595_1,37.3,0.508
T3444_1,126.5,-0.262
T11571_2,186.4,-0.043
L364_1,117.3,-0.266
T3371_1,29.5,0.417
T11607_2,7.3,0.374
T11627_2,202.3,-0.766
T11624_1,9.8,0.103
T11654_2,44.2,0.497
T3424_2,181.2,-0.774
L363_1,357.9,0.203
T11594_1,243.6,-0.375
T11644_2,322.0,0.135
T11644_1,68.2,0.063
T3371_2,242.2,-0.162
T3443_2,84.1,0.063
T3396_1,252.9,-0.024
T11661_1,23.9,0.095
T11661_2,303.1,0.038
T11625_1,313.2,0.474
T11506_1,11.4,0.08
T11650_2,307.1,0.533
T3423_2,198.3,-0.641
T11706_2,202.0,-0.078
T11675_2,272.0,0.012
T11675_1,148.3,-0.116
T11704_2,172.9,-0.112
T11696_2,277.5,0.111
T11696_1,124.0,-0.375
T17563_1,174.0,-0.616
AC413_3,308.1,0.469
T11705_2,352.1,0.047
T11671_2,3.2,0.433
T11667_1,154.0,-0.434
T11625_2,271.5,0.019
T15913_1,251.7,-0.079
O14_1,313.5,0.167
T15913_2,284.6,0.076
T3465_1,79.7,0.101
T11692_2,290.8,0.09
T3444_2,152.9,-0.226
T11374_1,270.9,0.002
T11653_2,272.7,0.008
T3423_1,187.6,-0.651
T11692_1,170.4,-0.194
T11676_2,163.6,-0.419
T3454_2,287.1,0.144
T3454_1,140.9,-0.212
T11618_2,168.3,-0.462
T11630_1,354.2,0.435
L364_2,269.2,-0.001
T11630_2,335.7,0.425
T11707_1,268.3,-0.002
T11586_1,147.6,-0.712
T11586_2,168.4,-0.845
T11694_1,161.9,-0.175
T11704_1,209.4,-0.276
L364_4,273.5,0.025
T11664_1,122.1,-0.042
T3443_1,96.9,-0.065
T11624_2,213.8,-0.155
T11683_2,328.7,0.079
T11699_2,314.1,0.161
T11613_1,75.5,0.07
T11635_2,296.3,0.105
AC381_5,272.2,0.01
T11658_2,297.4,0.414
T11649_1,312.7,0.489
T11526_1,51.8,0.236
T11715_2,23.2,0.689
T11526_2,4.4,0.39
T11688_2,271.1,0.005
T11688_1,114.8,-0.062
T11703_2,182.6,-0.059
T11666_1,359.4,0.381
T11703_1,88.4,0.003
T11666_2,281.8,0.031
T11719_2,5.3,0.639
L364_3,151.3,-0.586
T11604_1,248.0,-0.204
T16035_1,89.2,0.006
T16035_2,258.4,-0.055
AC218_1,354.3,0.046
T17562_2,298.2,0.37
T11632_1,297.5,0.394
T11632_2,285.7,0.227
T3448_1,158.8,-0.119
T11659_2,146.2,-0.322
T11659_1,188.2,-0.485
T11647_2,256.9,-0.111
T11689_1,187.2,-0.112
T3369_2,217.6,-0.187
T11654_1,103.7,-0.188
T15080_2,195.3,-0.342
L362_2,168.7,-0.052
T11720_2,274.6,0.041
T11726_1,86.0,0.034
T3465_2,144.4,-0.324
T11728_2,280.4,0.079
T3395_2,233.2,-0.229
T3395_1,43.4,0.103
T11726_2,244.6,-0.215
T11657_2,228.7,-0.165
T11596_1,37.1,0.07
T11596_2,289.3,0.025
T11650_1,180.9,-0.779
T17522_2,261.9,-0.018
T11728_1,127.2,-0.335
T11607_1,100.7,-0.057
T11594_2,260.6,-0.143
T11647_1,243.0,-0.238
T11706_1,206.9,-0.125
T11649_2,271.8,0.023
T11553_1,319.1,0.383
T11506_2,194.4,-0.108
T11717_2,16.4,0.667
T11698_1,23.2,0.533
T11677_2,239.9,-0.26
T11677_1,151.0,-0.401
T11657_1,141.0,-0.31
T11713_1,25.3,0.07
T11579_2,267.1,-0.007
T11730_1,309.6,0.173
L368_5,292.8,0.167
T11709_2,286.8,0.097
T17562_1,160.1,-0.605
T11705_1,177.4,-0.051
T11668_1,240.6,-0.064
T11668_2,31.1,0.049
T11698_2,314.3,0.505
T11640_2,294.3,0.09
T11640_1,344.2,0.202
T11722_2,314.8,0.156
AC413_2,203.8,-0.225
T3453_2,269.7,-0.002
T11694_2,109.4,-0.067
T11655_1,271.5,0.012
T11727_2,242.9,-0.171
T11655_2,239.5,-0.355
T11707_2,194.1,-0.154
T11727_1,74.2,0.199
T15080_1,132.7,-0.267
T11658_1,163.6,-0.46
T11699_1,257.8,-0.077
T3458_1,115.0,-0.115
T3458_2,275.9,0.03
T11720_1,192.0,-0.162
AC218_2,330.2,0.341
T11553_2,247.6,-0.219
T11635_1,262.1,-0.055
T11715_1,75.7,0.052
T11711_2,321.1,0.58
T3412_2,355.3,0.197
T3476_1,327.5,0.732
T11701_1,330.0,0.549
T11701_2,335.0,0.357
T11690_1,357.4,0.305
T11508_1,356.0,0.375
T11690_2,315.4,0.187
T11713_2,298.0,0.034
T11579_1,28.0,0.033
T11719_1,110.0,-0.064
T17561_1,113.5,-0.176
T17561_2,253.6,-0.233
T17522_1,26.3,0.043
T3393_2,339.6,0.223
T3452_1,194.6,-0.469
T3394_1,288.0,0.039
T11341_2,329.0,0.076
T11341_1,45.6,0.073
T3452_2,180.7,-0.522
L365_3,13.3,0.723
T11735_2,245.2,-0.085
T3476_2,289.8,0.051
T11730_2,244.5,-0.157
L365_2,291.7,0.051
T3442_2,319.3,0.164
T3484_2,197.5,-0.156
T11735_1,177.3,-0.303
T11717_1,59.6,0.244
T3457_2,357.7,0.539
T15010_1,44.3,0.517
T3457_1,26.2,0.565
T3412_1,119.1,-0.216
T11718_1,93.5,-0.047
T3453_1,204.7,-0.179
T11709_1,248.2,-0.159
T11718_2,123.1,-0.309
T11722_1,297.1,0.142
T11711_1,166.0,-0.093
T15010_2,325.3,0.174
T11724_2,170.4,-0.088
T11724_1,39.8,0.083
T11738_2,288.6,0.245
T11738_1,319.2,0.459
T11508_2,30.6,0.37
T11665_1,9.6,0.46
AC381_3,344.9,0.116
T3348_2,273.1,0.013
T11682_1,19.9,0.423
T11679_2,251.8,-0.256
T11682_2,5.4,0.462
T11765_1,94.7,-0.036
AC409_1,322.7,0.643
T11592_1,355.8,0.667
T11729_2,332.0,0.143
T11729_1,331.0,0.205
T3475_1,188.0,-0.24
T3348_1,341.9,0.106
T11742_1,17.6,0.42
T11757_1,325.9,0.506
T11700_2,1.5,0.613
T11700_1,29.3,0.475
T11732_1,149.9,-0.063
T11732_2,165.6,-0.147
T3475_2,191.8,-0.291
T3431_2,109.7,-0.039
T11746_2,343.8,0.248
T3463_1,20.8,0.462
T17574_1,278.9,0.065
T11765_2,251.5,-0.141
T3455_2,285.9,0.094
T3455_1,306.8,0.33
T11672_2,9.9,0.06
T11573_1,77.9,0.017
T3456_1,277.3,0.037
T3394_2,230.3,-0.15
T11672_1,318.1,0.084
T11725_2,301.4,0.316
T11693_2,253.6,-0.218
T11693_1,160.4,-0.614
T11767_2,23.6,0.136
AC218_3,9.9,0.106
T3484_1,209.5,-0.029
T3393_1,310.0,0.083
T3456_2,194.3,-0.368
T15012_2,20.4,0.237
T11758_2,312.6,0.193
T15012_1,350.7,0.53
T11745_1,342.5,0.345
T11745_2,11.5,0.591
T3460_2,324.5,0.455
L365_1,73.4,0.1
L366_1,181.9,-0.115
T3442_1,209.4,-0.312
T3431_1,92.8,-0.022
T11746_1,277.3,0.002
T11679_1,250.5,-0.262
T11725_1,245.0,-0.219
T11592_2,314.1,0.348
T11708_1,23.4,0.342
T3370_2,359.4,0.339
T3397_1,17.7,0.334
T11712_2,177.2,-0.208
T11691_1,20.1,0.261
T11678_2,262.8,-0.037
T11678_1,5.8,0.109
T11573_2,250.4,-0.037
T11712_1,156.1,-0.166
AC381_1,42.0,0.101
T11766_1,72.5,0.1
T11714_2,295.1,0.153
T11714_1,75.4,0.026
T11665_2,13.0,0.292
T11767_1,158.3,-0.133
T3466_2,292.6,0.059
T11634_1,34.5,0.157
T3093_1,1.8,0.624
T11634_2,281.2,0.029
T3474_2,330.7,0.444
T11772_2,304.1,0.131
T11766_2,227.2,-0.149
T11751_2,285.8,0.144
T11742_2,21.9,0.207
T11757_2,335.8,0.397
T11691_2,265.4,-0.019
T11734_2,282.3,0.083
T17574_2,213.4,-0.338
T11759_1,112.9,-0.019
T3463_2,125.4,-0.128
T3430_2,106.0,-0.075
T3430_1,329.1,0.403
T15008_1,331.0,0.137
T11771_2,314.3,0.085
T11759_2,220.2,-0.058
T11734_1,213.8,-0.231
T3397_2,212.7,-0.214
T3460_1,116.1,-0.168
T15008_2,273.2,0.015
T11708_2,260.3,-0.094
T11749_1,302.9,0.316
T3370_1,138.0,-0.348
T17571_2,254.8,-0.099
T11744_2,301.4,0.11
T11744_1,111.8,-0.059
T11749_2,258.2,-0.101
T11758_1,247.1,-0.05
T11651_2,345.5,0.72
T11778_2,279.1,0.044
T11754_1,300.1,0.307
T11741_2,283.9,0.081
T11748_2,63.2,0.299
T11741_1,87.7,0.017
T3464_1,91.1,-0.011
T11651_1,18.5,0.692
T11778_1,127.0,-0.059
T11772_1,298.1,0.016
T11768_2,284.6,0.121
T3487_2,300.1,0.089
T3487_1,127.4,-0.026
L366_2,254.5,-0.138
T11685_1,292.3,0.18
T3464_2,129.8,-0.308
T11774_2,208.3,-0.061
T11752_2,279.2,0.13
T11768_1,202.7,-0.317
T11752_1,357.5,0.382
T11697_2,328.7,0.172
T11685_2,264.1,-0.063
T3093_2,54.6,0.354
T3474_1,179.2,-0.333
T3445_1,79.2,0.023
T15850_1,340.0,0.172
T11697_1,85.6,0.045
T11780_2,11.7,0.131
T11755_2,261.1,-0.09
T3467_1,346.9,0.13
T17525_2,354.9,0.118
T11751_1,235.9,-0.201
T17571_1,186.6,-0.288
T3427_2,42.6,0.381
T3427_1,99.0,-0.119
L367_2,147.6,-0.018
T11673_1,1.8,0.745
T3468_1,8.4,0.302
T3466_1,271.4,0.002
L368_4,249.3,-0.069
T11777_2,311.8,0.159
T11777_1,46.5,0.338
T3351_2,277.7,0.089
T3351_1,6.9,0.787
T3094_2,336.1,0.173
T11743_1,342.5,0.766
T11743_2,332.1,0.636
T11731_1,1.2,0.133
L367_3,154.0,-0.429
T17525_1,89.2,0.001
T11771_1,192.4,-0.078
T11769_1,324.0,0.455
T11739_1,3.5,0.629
T11739_2,328.6,0.66
T3485_2,268.9,-0.004
T11774_1,130.2,-0.331
T3478_2,185.3,-0.531
T11799_2,31.6,0.458
L367_1,82.4,0.098
T3486_2,188.6,-0.071
T11721_1,327.9,0.235
T3478_1,152.8,-0.757
T11687_2,6.0,0.691
T11754_2,212.6,-0.569
T11763_2,312.5,0.412
T11721_2,242.4,-0.173
T11748_1,53.9,0.326
T11760_1,281.8,0.058
T11753_1,319.9,0.114
T11753_2,352.0,0.226
T3491_2,340.6,0.225
T11781_2,309.4,0.153
T3477_2,272.8,0.025
T11782_2,322.5,0.22
T11781_1,321.7,0.191
T3492_1,3.3,0.446
T3477_1,57.7,0.066
T3543_2,231.5,-0.016
T11769_2,265.8,-0.042
T11710_2,319.6,0.282
T11710_1,3.1,0.162
L368_2,63.2,0.176
T3473_2,97.3,-0.031
T3494_2,359.4,0.254
T3467_2,307.8,0.044
T11784_2,295.4,0.235
T11740_1,353.2,0.146
T11784_1,255.0,-0.13
AC409_4,334.0,0.642
T11740_2,277.3,0.032
T11684_1,338.9,0.103
T11684_2,22.4,0.227
T3469_2,300.7,0.303
T3496_1,351.9,0.204
T3480_2,40.5,0.185
T11737_1,342.8,0.258
T11737_2,341.1,0.528
T11794_1,124.4,-0.091
T11747_2,358.9,0.522
T11770_1,29.3,0.467
T11733_2,348.1,0.204
T3486_1,213.5,-0.278
T11733_1,32.2,0.123
T11755_1,222.2,-0.586
T15850_2,332.5,0.127
T3497_1,3.7,0.449
T11747_1,69.5,0.153
T3445_2,295.8,0.079
T11686_2,351.3,0.159
T11686_1,343.0,0.277
T11731_2,276.6,0.016
T3094_1,83.5,0.05
T11785_1,123.1,-0.244
T3492_2,211.2,-0.148
T3483_2,319.5,0.336
T3498_2,271.2,0.012
T3498_1,114.0,-0.22
AC407_2,301.1,0.103
T11673_2,247.2,-0.241
T3662_1,29.5,0.119
O15_2,333.2,0.298
T11680_2,326.6,0.243
T11680_1,354.9,0.265
T3499_2,344.2,0.214
T3468_2,170.2,-0.685
T11776_1,339.7,0.622
T11764_2,352.6,0.349
T11764_1,23.7,0.523
T3495_1,358.1,0.426
T11809_2,347.0,0.33
T3368_1,94.1,-0.031
T11770_2,260.9,-0.082
T3488_2,322.8,0.521
O15_3,327.5,0.085
T3489_1,330.1,0.456
T3368_2,288.4,0.145
T11760_2,265.7,-0.019
T11723_1,18.3,0.512
T11825_2,331.7,0.345
T11790_1,102.8,-0.174
T11810_1,34.2,0.296
T11818_2,248.2,-0.079
T11805_1,303.9,0.046
T11723_2,14.3,0.228
T11763_1,235.3,-0.367
T11803_2,33.3,0.29
T11750_2,214.9,-0.696
T3469_1,235.5,-0.289
T11804_1,12.6,0.387
T11787_2,6.8,0.715
T11750_1,169.8,-0.809
T11787_1,356.4,0.374
T11825_1,168.4,-0.349
T3485_1,258.8,-0.047
T11799_1,56.7,0.151
T3413_1,348.9,0.601
AC409_3,246.0,-0.12
T3473_1,153.7,-0.604
T3490_1,287.3,0.119
T11776_2,335.5,0.523
T3479_1,342.3,0.619
T11716_2,297.0,0.097
T11716_1,355.5,0.136
AC383_3,275.1,0.018
T3662_2,197.8,-0.061
T11687_1,323.5,0.444
L368_3,249.5,-0.043
T11785_2,141.8,-0.314
T3543_1,236.0,-0.015
T3479_2,234.8,-0.38
T11818_1,219.8,-0.072
T3491_1,235.7,-0.083
T3494_1,194.4,-0.158
T3483_1,237.5,-0.073
T11782_1,241.4,-0.143
T17573_2,322.8,0.476
T3489_2,269.3,-0.006
T3480_1,147.3,-0.392
AC381_2,327.7,0.158
AC232_3,191.1,-0.111
T3496_2,218.1,-0.136
T3510_2,243.1,-0.173
T11775_1,354.6,0.486
T3482_2,28.2,0.302
T11775_2,343.1,0.229
T3497_2,183.5,-0.228
T11786_1,321.5,0.052
T11788_2,270.6,0.007
T11814_1,93.4,-0.05
T3413_2,344.5,0.505
T3542_2,308.9,0.229
T3542_1,165.7,-0.055
O15_1,336.1,0.075
T11805_2,197.4,-0.517
AC233_3,143.9,-0.105
T11790_2,169.6,-0.638
T11797_2,294.2,0.082
T11736_2,342.1,0.234
T3509_1,11.1,0.251
T11736_1,10.4,0.142
T11796_2,5.1,0.567
L372_3,15.2,0.603
T3499_1,213.3,-0.191
AC383_1,300.6,0.077
AC231_1,108.3,-0.205
T3495_2,171.4,-0.295
T3095_1,64.3,0.193
T11809_1,272.1,0.004
T11794_2,321.4,0.139
T3095_2,297.9,0.115
T3488_1,254.4,-0.117
T11810_2,39.1,0.226
L368_1,144.7,-0.383
T3510_1,199.0,-0.443
T15919_1,122.8,-0.158
T3688_1,104.5,-0.078
T3688_2,236.2,-0.191
T15919_2,263.2,-0.024
T3096_2,356.6,0.078
AC385_2,283.5,0.117
T11803_1,13.2,0.313
T3096_1,73.1,0.246
T3514_2,276.3,0.04
T15083_2,296.5,0.302
T11804_2,359.9,0.332
T3462_1,24.9,0.522
T3462_2,354.5,0.509
T11834_2,345.4,0.185
AC381_4,262.7,-0.061
T15083_1,159.9,-0.61
T11786_2,259.7,-0.017
T3514_1,150.0,-0.279
T3490_2,252.2,-0.124
T11788_1,210.4,-0.646
AC409_2,236.6,-0.05
T11796_1,55.8,0.269
T11813_2,268.2,-0.013
T11702_1,43.0,0.526
T11811_2,100.4,-0.034
T11702_2,15.6,0.672
AC407_4,281.9,0.032
T11793_2,313.0,0.221
T11793_1,1.5,0.101
T3513_2,293.8,0.182
T17573_1,234.7,-0.213
T3520_2,309.0,0.113
T11762_2,287.5,0.143
T11791_2,291.8,0.156
T11791_1,351.6,0.434
T3482_1,137.9,-0.467
T3663_2,6.6,0.102
T11783_2,359.5,0.302
T11783_1,46.2,0.269
T11812_2,334.0,0.557
T11812_1,335.1,0.273
AC233_2,214.5,-0.472
T11837_1,334.1,0.237
T11797_1,194.4,-0.068
T11826_1,4.8,0.269
T17575_1,354.3,0.86
T11836_2,350.9,0.733
T11820_1,3.0,0.598
T11813_1,136.6,-0.21
T11820_2,359.6,0.621
T11761_2,334.9,0.372
T11761_1,356.8,0.327
T11814_2,191.5,-0.36
T3512_2,326.5,0.312
T3512_1,4.6,0.512
T17570_2,323.3,0.613
T11821_1,137.8,-0.111
T11821_2,239.2,-0.15
T11835_1,28.1,0.364
T3581_2,263.1,-0.066
T3420_1,58.5,0.341
T11808_2,345.2,0.246
T11808_1,354.6,0.166
T11816_2,312.9,0.235
T11802_2,232.2,-0.108
T11802_1,227.9,-0.107
T3509_2,193.2,-0.274
T11835_2,187.2,-0.431
T3515_1,4.7,0.472
T3539_2,200.7,-0.805
T11839_1,289.1,0.092
T11795_1,15.0,0.257
T11806_2,232.5,-0.047
T3532_2,337.4,0.181
T3508_1,208.8,-0.063
T11801_2,333.9,0.101
T11801_1,26.6,0.347
T3576_2,344.1,0.096
T11845_1,3.2,0.131
T3515_2,197.5,-0.583
AC232_2,347.3,0.084
AC232_4,264.4,-0.071
T11834_1,199.2,-0.19
T15007_1,42.9,0.122
T3451_2,16.6,0.389
T3451_1,47.8,0.236
T3541_2,315.5,0.182
T3517_1,25.6,0.615
T11827_2,292.9,0.166
T11860_1,289.2,0.171
T3513_1,179.1,-0.624
T11800_1,33.8,0.181
T11800_2,42.8,0.188
T11854_2,48.0,0.076
T11816_1,198.6,-0.106
L372_4,204.9,-0.101
T11780_1,322.6,0.052
T3663_1,195.3,-0.063
T11822_2,300.5,0.107
T11822_1,238.4,-0.16
T3539_1,178.4,-0.868
L369_1,160.3,-0.072
T3526_2,321.1,0.201
T3541_1,133.2,-0.094
T11819_1,202.7,-0.066
T11829_1,131.3,-0.147
T11829_2,317.7,0.385
O16_3,325.9,0.148
L369_2,61.1,0.101
T3581_1,182.4,-0.453
T11819_2,303.5,0.082
T17575_2,234.0,-0.487
AC385_1,40.4,0.355
T11845_2,42.3,0.213
L370_1,30.6,0.106
T3517_2,209.0,-0.271
T11811_1,116.0,-0.263
O16_2,334.3,0.072
T15007_2,258.9,-0.001
T3521_2,273.2,0.05
T3420_2,6.9,0.513
T11854_1,112.3,-0.051
T3520_1,113.5,-0.011
T11806_1,127.5,-0.297
T11762_1,274.3,0.014
T11830_2,237.4,-0.204
T11839_2,245.4,-0.102
T11830_1,259.8,-0.088
AC383_2,332.2,0.212
L371_1,131.9,-0.018
T11836_1,339.5,0.157
T11848_1,247.2,-0.132
T11837_2,1.6,0.206
T11795_2,335.7,0.402
T11792_2,314.6,0.357
T3522_2,284.1,0.052
T11792_1,243.6,-0.249
T11823_1,352.6,0.707
AC403_2,327.0,0.605
T16034_2,276.6,0.024
T11826_2,160.3,-0.164
AC233_1,295.9,0.082
T11828_2,299.6,0.281
T11828_1,359.4,0.251
T11756_2,268.9,-0.007
T11847_2,275.8,0.071
T11851_1,10.9,0.359
T3470_2,262.3,-0.089
T11831_2,297.5,0.281
T3470_1,340.6,0.481
T11869_1,214.9,-0.116
T11869_2,143.4,-0.063
L372_2,296.1,0.053
T11756_1,6.2,0.267
T11840_1,108.6,-0.061
T11870_1,177.9,-0.341
T11823_2,301.2,0.233
T11862_1,77.0,0.126
T11862_2,281.1,0.075
T15006_1,23.8,0.112
T15006_2,305.2,0.073
T3521_1,175.8,-0.732
T17570_1,203.1,-0.672
T3508_2,202.0,-0.337
T16038_1,316.0,0.122
L370_2,278.6,0.047
T11873_1,189.7,-0.237
T11824_1,131.7,-0.305
T3576_1,33.0,0.139
T3661_1,48.7,0.021
T3532_1,221.2,-0.144
T11824_2,169.8,-0.361
T11878_2,353.2,0.77
T3533_1,47.6,0.322
T11871_1,0.3,0.249
T11878_1,126.0,-0.351
T11860_2,258.6,-0.13
T16034_1,115.7,-0.17
T11827_1,160.5,-0.581
AC383_4,211.8,-0.603
T3506_1,12.7,0.179
T11807_2,358.9,0.298
T15854_1,41.6,0.095
AC232_1,314.6,0.029
T11863_2,66.4,0.014
T11798_1,316.0,0.311
T11831_1,225.5,-0.54
T3533_2,227.5,-0.188
T3526_1,212.0,-0.147
T11840_2,226.8,-0.176
T11851_2,34.9,0.179
T11842_2,294.8,0.102
T11779_2,325.8,0.322
T3471_1,1.5,0.529
T3661_2,220.8,-0.099
T11887_1,24.8,0.115
T11807_1,44.9,0.094
O16_1,219.7,-0.015
AC231_4,183.4,-0.098
T11847_1,295.5,0.188
T11855_2,267.0,-0.011
T11779_1,26.7,0.431
L373_2,170.1,-0.078
T3540_1,118.4,-0.009
T3540_2,311.9,0.181
T11865_2,19.3,0.297
T11865_1,18.1,0.362
T15854_2,31.0,0.106
T11855_1,214.8,-0.091
T16038_2,223.9,-0.203
L371_2,23.7,0.201
T11842_1,189.3,-0.179
T11848_2,246.9,-0.075
T11850_2,280.0,0.045
AC230_1,101.5,-0.005
T11873_2,176.9,-0.177
T11895_2,11.0,0.143
T3522_1,203.8,-0.276
T11850_1,181.5,-0.114
T11872_1,326.9,0.034
T11832_1,180.2,-0.884
T11872_2,311.3,0.102
T3525_2,310.3,0.427
T3525_1,54.3,0.36
T11773_2,15.5,0.483
T11815_1,29.1,0.226
T11773_1,35.9,0.285
T11870_2,117.3,-0.119
T3603_2,271.6,0.015
T11887_2,159.8,-0.106
T3471_2,261.0,-0.111
L372_1,13.6,0.106
T3548_2,181.9,-0.551
AC403_4,317.2,0.397
T11815_2,355.4,0.248
T11876_2,268.4,-0.004
L373_1,276.8,0.03
T11881_2,264.1,-0.026
T3548_1,163.0,-0.576
T3660_1,100.1,-0.007
T3367_1,43.8,0.426
AC385_3,300.6,0.12
AC387_3,339.3,0.218
L374_3,315.6,0.057
T11817_1,316.4,0.123
T11817_2,326.6,0.218
T11899_2,258.0,-0.043
T11832_2,201.1,-0.839
L374_4,289.3,0.256
T11849_2,263.6,-0.063
L374_2,176.1,-0.131
T11900_2,16.2,0.606
T3549_1,10.4,0.728
T3506_2,221.4,-0.108
T11867_1,7.8,0.38
T11858_2,224.0,-0.094
T11896_1,35.2,0.197
T11867_2,37.4,0.254
L375_3,221.4,-0.069
T11892_1,340.2,0.61
T11852_2,324.4,0.244
AC407_5,283.5,0.06
T11876_1,139.0,-0.017
T11894_2,336.8,0.39
T11853_2,241.2,-0.393
T11853_1,206.8,-0.602
T11833_2,329.1,0.563
T11833_1,43.3,0.129
AC231_2,267.3,-0.022
T3580_1,170.6,-0.475
T11871_2,224.2,-0.269
T3580_2,207.6,-0.524
T11881_1,113.7,-0.147
T11900_1,36.8,0.58
T3511_1,141.2,-0.668
L375_2,322.1,0.101
T11868_1,5.6,0.703
T3518_1,85.3,0.056
T11863_1,32.6,0.149
T11798_2,266.0,-0.03
AC405_2,333.1,0.36
T11868_2,102.7,-0.157
T3518_2,60.3,0.173
AC401_3,288.8,0.063
T3660_2,203.0,-0.105
T3549_2,259.5,-0.053
T3511_2,163.8,-0.852
T3573_1,158.4,-0.166
T11852_1,334.8,0.16
T3519_1,105.2,-0.203
T3519_2,326.4,0.533
T11898_1,47.0,0.126
T3534_1,77.2,0.153
T3603_1,201.2,-0.32
T11849_1,199.1,-0.491
AC399_2,8.2,0.215
T11864_1,314.4,0.282
AC403_3,250.2,-0.095
T3575_2,267.5,-0.029
T11846_1,81.4,0.101
T3446_1,119.1,-0.069
T11905_2,201.3,-0.086
T11861_1,290.5,0.202
T14852_2,59.8,0.083
T14852_1,57.5,0.039
T11877_2,301.3,0.088
T11866_1,112.6,-0.02
T3367_2,327.3,0.256
T3446_2,308.9,0.107
T11846_2,42.0,0.21
T11895_1,339.7,0.012
T3505_1,84.3,0.016
T3505_2,106.1,-0.011
AC407_3,226.6,-0.227
AC405_3,291.0,0.153
T11898_2,183.0,-0.092
T11857_1,165.1,-0.286
T11858_1,144.7,-0.18
T11857_2,218.7,-0.17
T11911_1,155.2,-0.395
T11908_1,41.5,0.145
T11902_2,313.4,0.193
T11886_2,297.2,0.044
T3575_1,106.7,-0.045
T11859_2,236.5,-0.144
T3536_2,255.0,-0.076
T3536_1,8.6,0.293
T3547_1,164.8,-0.691
T11899_1,192.4,-0.317
T11859_1,144.5,-0.143
T3547_2,225.5,-0.534
T11892_2,338.5,0.39
T11902_1,75.8,0.037
L376_2,286.7,0.012
T11896_2,241.9,-0.046
AC399_4,300.1,0.176
T3472_1,337.1,0.508
T11924_1,19.6,0.231
T11886_1,38.8,0.061
T11866_2,220.4,-0.148
T11909_2,217.9,-0.014
T3503_1,17.2,0.251
T11789_2,352.4,0.37
T11920_2,170.5,-0.198
T3531_1,82.6,0.036
T11877_1,224.6,-0.083
L374_1,161.7,-0.407
L377_1,319.8,0.153
AC385_4,210.0,-0.686
T3516_2,230.6,-0.151
T11894_1,350.4,0.474
AC391_4,277.6,0.017
T3516_1,45.5,0.562
T11901_2,181.7,-0.297
L377_2,293.0,0.002
T11901_1,188.9,-0.505
T3472_2,261.5,-0.073
T11789_1,355.4,0.313
T15082_2,324.9,0.646
T11908_2,206.7,-0.164
L375_1,195.1,-0.339
T3573_2,91.1,-0.003
T11861_2,277.5,0.1
T11888_2,184.7,-0.737
T11909_1,155.3,-0.026
L377_3,249.8,-0.193
T11904_1,13.0,0.05
T11904_2,182.5,-0.147
T3534_2,92.3,-0.025
T11911_2,162.4,-0.376
T3574_2,96.9,-0.016
T3574_1,354.6,0.056
AC407_1,238.3,-0.063
T17526_2,310.2,0.073
T3572_2,16.2,0.373
AC231_3,341.7,0.094
T11884_2,231.9,-0.239
T3546_2,173.8,-0.702
T11905_1,184.8,-0.406
AC403_1,177.1,-0.098
AC399_5,311.8,0.273
T11864_2,258.7,-0.076
T3546_1,183.8,-0.594
T11926_2,337.5,0.52
L378_1,204.8,-0.055
T11884_1,190.8,-0.437
T11927_1,344.1,0.447
T11923_1,58.4,0.348
T11923_2,265.7,-0.028
T3552_2,237.5,-0.252
T3552_1,13.0,0.309
AC219_1,39.6,0.464
AC219_2,52.9,0.087
T15853_2,355.9,0.034
T15853_1,55.8,0.055
L379_1,287.7,0.038
T3481_2,317.0,0.158
T3481_1,59.8,0.142
L380_1,288.3,0.053
AC401_2,247.2,-0.136
T11912_1,340.0,0.349
T3553_1,22.5,0.699
T11926_1,150.2,-0.378
T11927_2,117.8,-0.123
T11914_2,39.2,0.153
T11920_1,141.0,-0.353
T3537_2,214.7,-0.717
T11890_2,238.1,-0.28
L379_2,239.4,-0.006
AC405_1,241.3,-0.074
T3572_1,175.0,-0.74
T11910_1,163.9,-0.163
AC391_1,57.4,0.431
T11928_1,315.4,0.159
T11924_2,153.3,-0.026
T11910_2,193.7,-0.329
T11844_2,351.1,0.194
T11844_1,5.6,0.172
T3429_2,263.5,-0.017
T3429_1,16.3,0.272
T11925_1,94.1,-0.032
T11928_2,242.2,-0.061
T15082_1,165.5,-0.793
T11915_2,352.7,0.174
T11937_1,69.1,0.048
T3537_1,166.7,-0.817
T11925_2,274.6,0.02
T11888_1,167.1,-0.657
T15530_2,91.6,-0.003
T3577_1,267.7,-0.004
T11874_1,297.5,0.223
T11935_1,66.9,0.078
T11935_2,303.3,0.047
T11945_2,296.7,0.206
T11903_2,32.5,0.186
L381_1,60.4,0.403
T11856_2,343.9,0.328
T11856_1,358.4,0.205
T11948_1,316.9,0.26
T11907_2,348.5,0.244
L381_2,247.6,-0.063
T17526_1,71.5,0.02
T3503_2,342.0,0.231
L382_2,105.9,-0.088
T3531_2,254.1,-0.041
T11874_2,267.9,-0.024
T3659_1,50.4,0.147
L376_1,162.1,-0.314
AC401_1,199.3,-0.021
T11875_1,304.0,0.256
T3507_1,11.4,0.424
T15000_1,52.0,0.071
T3461_2,334.1,0.056
T3461_1,60.8,0.048
AC397_4,323.9,0.274
T11875_2,275.9,0.049
T11890_1,162.6,-0.735
T11921_2,198.5,-0.377
T11921_1,203.0,-0.237
T15530_1,312.4,0.225
T11893_1,348.1,0.357
T11838_2,342.4,0.307
T11922_2,222.9,-0.194
T11922_1,204.4,-0.251
T11891_1,96.2,-0.041
T11891_2,29.5,0.343
T17572_2,264.7,-0.02
T11918_1,303.3,0.383
T3507_2,344.6,0.24
T11838_1,7.1,0.267
T11918_2,225.8,-0.413
T11912_2,54.9,0.043
T11934_2,149.6,-0.222
T11934_1,116.5,-0.007
T3565_2,194.6,-0.181
L378_2,165.2,-0.551
L380_2,273.9,0.01
T3545_1,144.1,-0.72
T3659_2,200.3,-0.147
T3602_2,228.2,-0.354
T3602_1,128.8,-0.349
T11914_1,79.6,0.017
T3545_2,162.7,-0.872
AC397_6,291.0,0.079
T11932_2,286.1,0.111
T11948_2,221.4,-0.259
T11929_2,241.4,-0.051
T11929_1,117.9,-0.063
T11939_2,103.9,-0.014
T3686_1,135.2,-0.116
T3686_2,233.0,-0.113
T11945_1,129.4,-0.212
T11915_1,207.7,-0.176
T11937_2,128.0,-0.051
T11885_2,219.8,-0.667
T11885_1,221.2,-0.634
L382_1,31.5,0.247
AC399_3,238.4,-0.13
T11906_2,203.1,-0.668
T11906_1,159.2,-0.535
T3577_2,255.5,-0.005
L381_3,308.8,0.041
T11954_1,116.0,-0.054
T11930_1,278.7,0.039
T11959_1,111.2,-0.034
T11930_2,226.6,-0.574
T17015_2,241.4,-0.152
T11938_1,248.7,-0.172
T3596_1,105.5,-0.123
T11932_1,241.7,-0.201
T11955_2,4.8,0.163
T11903_1,81.4,0.02
T3583_2,234.6,-0.43
T11954_2,263.7,-0.011
T3500_2,224.0,-0.161
T11843_2,317.7,0.214
T11843_1,323.3,0.22
T11907_1,194.1,-0.251
T3596_2,88.9,0.002
AC219_3,339.7,0.453
T11917_2,296.9,0.073
T11917_1,311.7,0.056
T16033_1,176.7,-0.224
T16033_2,171.7,-0.163
T15000_2,216.5,-0.083
T11962_1,344.1,0.324
T11940_1,327.6,0.177
T11940_2,301.0,0.191
T11893_2,301.3,0.097
T11962_2,277.2,0.023
T11993_2,308.0,0.224
T17015_1,43.8,0.249
T11974_2,241.5,-0.077
T11974_1,108.2,-0.2
AC399_1,149.5,-0.078
T17572_1,246.2,-0.049
T11971_2,287.2,0.017
T11931_2,348.6,0.183
T3658_1,37.4,0.09
AC397_1,140.8,-0.224
T11931_1,105.9,-0.018
T11879_2,316.9,0.127
T3588_2,225.9,-0.112
T3588_1,30.3,0.041
T3586_2,309.8,0.283
T11995_2,313.1,0.23
T11956_2,309.6,0.054
T11956_1,47.6,0.102
T11879_1,1.1,0.118
T17923_1,135.6,-0.43
T17923_2,235.1,-0.193
T3654_1,94.3,-0.008
L383_1,258.8,-0.027
T3550_2,285.3,0.046
T3551_1,325.1,0.123
T3579_1,187.5,-0.696
T3550_1,28.0,0.515
T3593_1,316.0,0.034
T3565_1,212.3,-0.124
T3578_1,175.5,-0.086
T11919_2,291.3,0.033
T3616_1,21.6,0.144
T11919_1,78.2,0.015
T11941_2,24.0,0.346
T11941_1,18.3,0.433
T3502_1,1.5,0.362
T3579_2,216.3,-0.419
T3578_2,145.9,-0.514
T3504_1,21.2,0.913
T3654_2,188.1,-0.074
T11889_2,277.2,0.086
T11889_1,297.3,0.243
T11991_1,350.2,0.183
T11883_2,293.7,0.074
T11967_1,34.0,0.555
T11936_1,335.2,0.61
T11986_2,329.6,0.253
T11933_1,123.2,-0.208
T11939_1,216.6,-0.08
T11958_1,311.8,0.426
T3569_1,7.0,0.261
T14851_2,303.6,0.062
T11913_2,344.9,0.18
T11913_1,23.3,0.306
T14851_1,326.5,0.103
T11993_1,272.9,0.007
T11975_1,34.4,0.137
T12001_2,86.9,0.003
T11965_1,350.6,0.355
T11916_1,9.1,0.473
T11883_1,309.9,0.089
T11916_2,29.0,0.4
T11975_2,148.6,-0.113
T11959_2,145.5,-0.148
T11984_2,335.0,0.073
T11991_2,216.9,-0.18
T3615_1,27.1,0.182
AC391_3,269.3,-0.003
T3583_1,245.9,-0.296
T11938_2,276.6,0.068
T11897_2,330.0,0.166
T11897_1,35.6,0.15
T3612_2,294.5,0.081
T3500_1,267.7,-0.004
AC387_1,292.0,0.072
T3530_1,31.1,0.236
T3530_2,282.5,0.047
T11984_1,168.3,-0.091
T11967_2,59.2,0.167
T15851_1,87.4,0.009
T15851_2,81.7,0.019
T11955_1,185.5,-0.2
T3551_2,264.5,-0.008
T11933_2,188.8,-0.303
T11989_1,109.0,-0.036
T3658_2,193.6,-0.027
T11996_1,321.5,0.383
T11953_1,167.9,-0.585
T3529_2,332.8,0.23
T11989_2,167.0,-0.181
T11944_1,333.9,0.186
T3605_2,253.4,-0.089
T3605_1,140.8,-0.135
AC219_4,70.0,0.026
T11977_2,267.3,-0.03
T11936_2,270.1,0.001
T11971_1,194.1,-0.131
T3594_1,338.5,0.29
T11977_1,145.8,-0.172
T11953_2,204.6,-0.601
T11958_2,196.9,-0.465
T12022_2,317.3,0.263
T11957_2,272.9,0.036
T12009_1,127.1,-0.302
T12000_1,1.2,0.45
T12004_2,357.9,0.34
T12002_1,329.7,0.223
T3586_1,301.2,0.199
T12008_2,334.5,0.234
T3591_1,326.7,0.3
T11965_2,3.6,0.272
T11995_1,279.1,0.027
L384_3,164.2,-0.035
T3601_2,222.0,-0.458
T3601_1,137.0,-0.438
T3594_2,256.4,-0.067
T3616_2,219.4,-0.066
L383_2,239.1,-0.155
T3612_1,236.6,-0.072
T12001_1,159.2,-0.359
T3502_2,222.6,-0.276
T3593_2,257.2,-0.037
T12008_1,289.1,0.035
T11970_1,266.5,-0.043
T11949_2,186.7,-0.798
T11970_2,315.6,0.595
T12017_1,54.7,0.268
T12017_2,48.2,0.156
T3655_2,55.8,0.036
T14854_2,96.7,-0.005
L384_2,264.4,-0.002
T11949_1,176.2,-0.785
T11947_2,353.1,0.212
T3569_2,255.7,-0.072
AC393_2,20.7,0.632
AC393_6,345.6,0.334
T11983_2,351.8,0.023
T11983_1,303.7,0.101
T3591_2,218.2,-0.308
O17_3,300.3,0.256
T3595_1,2.9,0.473
AC397_3,243.5,-0.104
AC397_2,174.7,-0.156
T3615_2,261.9,-0.017
T11880_2,0.2,0.318
T3570_1,20.1,0.427
T11880_1,28.7,0.42
T11986_1,229.3,-0.116
AC395_3,338.2,0.662
T12012_2,255.4,-0.017
AC391_2,310.3,0.083
T11987_1,340.4,0.608
AC397_5,243.8,-0.076
T3501_2,339.6,0.206
O17_2,308.8,0.106
AC387_2,229.8,-0.334
AC393_7,275.2,0.014
T11987_2,246.9,-0.357
T11957_1,224.2,-0.37
L384_1,257.6,-0.005
T11963_2,302.7,0.395
T12018_2,352.8,0.292
T12018_1,199.1,-0.06
T15529_2,130.0,-0.039
T3599_2,185.2,-0.444
T3529_1,14.7,0.323
T11946_2,316.5,0.064
T3613_1,24.8,0.083
T11946_1,87.0,0.007
T14854_1,139.7,-0.074
T11996_2,237.3,-0.105
T11997_2,309.7,0.355
T11998_1,103.5,-0.132
T11882_1,337.5,0.066
L389_1,344.5,0.301
T3600_1,143.5,-0.535
T11998_2,163.0,-0.219
T11882_2,323.7,0.167
T3599_1,267.3,-0.014
T11968_2,244.6,-0.338
T11982_2,263.5,-0.06
T11982_1,195.0,-0.692
T11944_2,282.7,0.057
T11966_2,244.8,-0.262
T11994_2,349.0,0.125
T3600_2,190.8,-0.767
T11994_1,57.0,0.163
T11961_1,187.8,-0.115
T12033_1,342.4,0.137
T11964_2,195.7,-0.561
T11961_2,235.5,-0.209
T12004_1,14.0,0.495
T12039_2,329.7,0.09
O17_1,152.0,-0.03
T11963_1,257.4,-0.155
T12037_2,349.4,0.049
T12039_1,49.0,0.047
T11964_1,239.0,-0.24
T11973_2,227.1,-0.353
T12002_2,329.2,0.157
T11966_1,228.2,-0.332
T3595_2,257.8,-0.032
T12022_1,274.5,0.014
T12000_2,323.6,0.182
T3598_2,247.4,-0.187
T12009_2,147.2,-0.603
T12036_1,216.9,-0.144
T11968_1,166.3,-0.8
T12024_2,252.9,-0.04
T12023_2,318.6,0.125
T12036_2,226.7,-0.122
T12024_1,232.1,-0.073
T3657_1,19.6,0.158
T11951_1,30.0,0.103
T11951_2,33.8,0.148
T3570_2,246.5,-0.106
T3655_1,107.3,-0.01
T11973_1,216.8,-0.401
T11978_2,4.2,0.392
T3571_1,302.7,0.159
T11978_1,16.8,0.456
T3559_1,155.4,-0.211
T3610_1,286.8,0.036
T12118_1,90.1,-0.001
T11942_1,216.7,-0.014
T11942_2,92.5,-0.005
T3610_2,209.0,-0.357
T3566_1,329.4,0.159
T11947_1,29.7,0.373
T3566_2,212.5,-0.448
AC393_5,270.6,0.002
T11988_1,222.8,-0.093
T11979_1,16.5,0.152
T11988_2,212.8,-0.131
T11979_2,228.1,-0.111
T3627_2,340.7,0.777
T3627_1,172.8,-0.549
T11997_1,210.8,-0.421
T11990_2,290.9,0.258
T12012_1,189.4,-0.152
L385_1,201.7,-0.085
T3613_2,187.6,-0.235
L386_2,203.3,-0.132
T3501_1,199.4,-0.112
T3571_2,214.2,-0.235
T17021_2,314.7,0.299
T17021_1,8.8,0.27
T17560_2,267.5,-0.032
T15529_1,356.1,0.138
T15005_1,31.3,0.105
T15005_2,252.7,-0.045
L387_2,170.5,-0.217
T3629_2,15.3,0.148
T12020_1,300.7,0.286
L388_3,306.9,0.24
T17560_1,104.3,-0.168
T12019_1,44.9,0.223
T15824_2,26.4,0.081
T15824_1,48.4,0.06
T12033_2,199.4,-0.033
L388_2,70.5,0.025
T11990_1,261.4,-0.088
AC220_4,275.3,0.006
T12011_2,247.1,-0.144
T12011_1,45.3,0.126
T11960_2,28.3,0.192
T3585_1,349.9,0.054
T11960_1,89.7,0.004
T12015_2,224.5,-0.57
T12010_1,23.8,0.169
T3624_2,275.4,0.019
T3657_2,196.6,-0.035
T3598_1,239.0,-0.313
T12037_1,163.4,-0.028
T3624_1,142.5,-0.221
T11981_2,311.2,0.097
T12070_1,335.3,0.344
T3592_2,259.6,-0.049
T12058_2,214.8,-0.056
T12058_1,239.8,-0.02
T12056_1,194.9,-0.103
T12023_1,147.9,-0.035
T3559_2,58.4,0.044
T11969_1,20.0,0.231
T11969_2,346.9,0.35
T3561_2,341.8,0.069
T12019_2,335.7,0.01
T12014_1,134.7,-0.146
T11972_2,347.8,0.239
T11972_1,20.3,0.101
T3592_1,20.0,0.243
T3568_1,16.2,0.211
T3567_1,7.7,0.841
T3567_2,284.3,0.089
AC393_3,299.1,0.151
T12003_2,319.4,0.24
T12003_1,12.0,0.347
T3560_2,283.8,0.069
T12005_2,311.5,0.268
T3564_1,350.2,0.258
T12005_1,309.4,0.143
T12057_1,212.4,-0.207
T3656_1,192.7,-0.039
T11950_2,328.2,0.246
T11950_1,13.1,0.481
T3608_1,23.4,0.037
T12061_1,121.6,-0.064
T11999_2,0.8,0.059
T11999_1,341.3,0.149
T3563_1,199.2,-0.019
T3562_2,220.7,-0.002
T12016_2,21.6,0.236
T3555_2,109.1,-0.12
T16037_2,208.9,-0.556
T16037_1,98.6,-0.06
T3555_1,356.3,0.074
T12007_2,294.6,0.04
T3556_1,180.1,-0.231
AC229_1,32.8,0.784
T3563_2,172.2,-0.358
T3562_1,182.0,-0.29
T3558_2,77.6,0.006
AC393_4,190.6,-0.3
T12007_1,316.0,0.058
T3554_2,148.2,-0.098
T3587_2,63.2,0.215
T3587_1,66.2,0.228
T3535_1,53.3,0.251
AC230_4,158.6,-0.176
T3619_2,233.1,-0.525
T11841_2,255.2,-0.057
T3535_2,7.2,0.34
T12010_2,339.1,0.062
T3619_1,187.9,-0.763
T3558_1,180.3,-0.419
T3618_1,255.2,-0.141
T3585_2,335.0,0.08
T3622_2,253.8,-0.114
T3622_1,22.7,0.353
T15829_1,52.1,0.082
T15829_2,43.7,0.105
L389_2,311.8,0.129
T17020_1,12.3,0.162
L385_2,319.0,0.055
T12014_2,154.5,-0.326
L386_1,200.0,-0.537
T11992_1,109.5,-0.269
T12006_1,297.7,0.219
L387_1,37.9,0.121
AC395_2,264.1,-0.025
T12020_2,261.3,-0.07
T12067_1,348.0,0.234
T12067_2,26.8,0.148
T3629_1,257.2,-0.02
T12015_1,233.0,-0.476
T12049_2,291.3,0.106
T3556_2,63.5,0.046
T12070_2,262.3,-0.02
L389_3,276.9,0.006
T11981_1,260.2,-0.018
T3604_2,231.7,-0.244
T3604_1,3.7,0.218
T11976_2,261.7,-0.028
T11976_1,315.9,0.188
T12026_1,24.4,0.067
T3620_1,10.8,0.421
T3620_2,203.6,-0.676
T3614_2,345.0,0.198
L388_1,265.6,-0.021
T12032_1,244.1,-0.351
T3621_1,31.1,0.131
T12055_1,133.8,-0.178
T3621_2,250.9,-0.257
T3564_2,298.7,0.09
T12072_2,245.2,-0.095
T12072_1,155.6,-0.155
T3560_1,343.6,0.135
T12075_1,193.6,-0.089
T11985_2,319.6,0.111
T11985_1,1.1,0.061
T12061_2,145.6,-0.168
T12064_2,356.6,0.141
T12063_2,309.1,0.14
T17020_2,235.2,-0.168
T3656_2,146.9,-0.122
T12056_2,216.5,-0.227
T3608_2,236.9,-0.008
T11952_2,358.2,0.126
T12084_1,329.8,0.179
T17559_2,291.3,0.154
T11992_2,114.7,-0.285
T3561_1,215.3,-0.255
T3589_2,316.7,0.432
T3589_1,299.5,0.016
T11952_1,29.1,0.134
T3568_2,23.4,0.047
AC230_3,240.2,-0.32
T17559_1,125.8,-0.301
T12100_1,139.0,-0.066
T11841_1,122.4,-0.081
T3695_2,271.7,0.006
T12076_2,302.0,0.122
T3687_1,143.2,-0.27
T3699_2,331.6,0.212
T12057_2,201.3,-0.663
T3597_1,331.1,0.505
T3687_2,231.4,-0.098
T12038_2,355.0,0.096
T12040_1,57.7,0.129
T12016_1,49.9,0.122
T3554_1,24.1,0.023
T12059_2,306.6,0.092
T12038_1,86.3,0.012
T3628_2,228.1,-0.257
T15827_1,28.6,0.243
T12059_1,36.4,0.086
T3625_1,257.7,-0.13
T12035_1,130.6,-0.536
T3628_1,218.4,-0.367
T12049_1,254.2,-0.049
T3695_1,211.7,-0.058
T3590_1,350.3,0.382
T12090_2,15.6,0.113
T12095_1,6.3,0.261
T12090_1,83.6,0.005
AC220_1,221.8,-0.084
T3618_2,228.4,-0.409
T12042_2,51.5,0.289
T17025_1,12.7,0.197
T12035_2,202.3,-0.681
T15918_2,244.9,-0.093
T15918_1,75.4,0.149
AC395_1,224.7,-0.053
AC395_4,273.4,0.007
T12006_2,265.7,-0.035
T12027_1,132.2,-0.389
T12027_2,175.8,-0.486
T12055_2,223.7,-0.103
T3597_2,283.5,0.125
T3636_1,259.8,-0.044
T12069_2,268.4,-0.018
AC393_1,236.2,-0.149
T12101_2,145.5,-0.051
T17558_2,287.1,0.19
T17558_1,141.6,-0.534
T3626_2,37.0,0.535
T3626_1,65.3,0.31
T12030_1,121.0,-0.45
T17025_2,281.0,0.055
T12032_2,220.4,-0.546
T12030_2,140.5,-0.661
T12078_2,34.5,0.57
T12028_2,29.4,0.274
T12046_1,124.4,-0.447
L393_3,319.0,0.078
T12042_1,65.8,0.238
T12026_2,282.2,0.023
T12098_2,311.5,0.143
T3623_2,329.8,0.1
T12040_2,241.6,-0.147
T12031_1,123.1,-0.4
T12031_2,248.4,-0.22
T12028_1,149.9,-0.68
T3633_2,44.4,0.535
T3614_1,190.6,-0.176
T12069_1,231.6,-0.442
T17556_2,303.7,0.34
T12104_1,316.6,0.107
T12068_1,104.4,-0.087
T12046_2,146.8,-0.657
T17556_1,143.3,-0.562
T12021_2,266.2,-0.019
T12021_1,309.0,0.199
T11980_2,213.3,-0.027
T3640_1,8.6,0.201
T12075_2,296.2,0.033
T12064_1,168.1,-0.139
T12063_1,183.9,-0.123
T12084_2,331.0,0.043
T12096_2,8.7,0.371
T12096_1,27.3,0.279
T3636_2,239.2,-0.23
T12099_2,252.7,-0.125
T3625_2,238.2,-0.345
T12051_1,133.6,-0.528
T12100_2,152.1,-0.101
T12101_1,117.5,-0.124
T12051_2,182.5,-0.666
T15827_2,209.0,-0.107
T12076_1,188.9,-0.366
T15828_1,43.6,0.455
T12071_2,269.5,-0.003
T12071_1,22.2,0.095
T3634_2,289.5,0.227
T12099_1,260.7,-0.089
T15917_1,40.3,0.115
T3653_1,164.5,-0.071
T3653_2,266.2,-0.009
T11980_1,125.5,-0.049
T12045_2,169.7,-0.737
AC220_5,272.4,0.003
T12045_1,117.0,-0.346
T3635_1,293.0,0.111
T12095_2,330.0,0.336
T12115_1,165.7,-0.125
T17019_2,284.0,0.079
T3590_2,254.4,-0.078
T12034_2,134.6,-0.5
T3734_2,291.1,0.201
T12119_2,158.0,-0.151
L390_1,5.4,0.02
T3631_2,248.0,-0.227
T3734_1,138.3,-0.221
T12078_1,84.0,0.089
T17019_1,58.2,0.136
T3640_2,214.2,-0.221
T15828_2,209.6,-0.078
T3668_2,350.6,0.338
T12043_1,21.4,0.149
T12094_1,326.3,0.355
T12043_2,242.6,-0.051
T3671_1,159.9,-0.051
AC230_2,325.2,0.135
T12073_1,79.1,0.042
T12073_2,215.4,-0.093
T12091_2,281.3,0.129
T3524_1,324.2,0.663
T3630_2,287.3,0.208
T3632_1,63.0,0.283
T3630_1,31.7,0.792
T3673_2,311.5,0.18
T3632_2,46.9,0.276
T12083_2,22.0,0.252
T12094_2,262.8,-0.105
T15528_2,349.0,0.075
T12086_1,172.6,-0.27
T3633_1,93.3,-0.035
T12086_2,139.7,-0.223
T12104_2,213.3,-0.26
T3650_1,291.8,0.08
T3647_1,8.2,0.631
T12098_1,149.1,-0.077
T12083_1,30.0,0.262
T12089_1,113.3,-0.16
T3647_2,259.8,-0.171
L413_2,36.8,0.147
T3582_2,38.8,0.538
T12034_1,116.7,-0.376
T14920_1,202.4,-0.318
T3582_1,48.3,0.416
T3634_1,246.7,-0.241
T15917_2,152.6,-0.048
T12047_2,16.6,0.205
T12114_2,256.9,-0.032
T3672_1,80.1,0.006
T3667_2,330.1,0.379
T12114_1,185.3,-0.06
T12054_2,274.9,0.018
T12054_1,259.0,-0.03
T3651_1,322.9,0.187
T12105_2,261.3,-0.073
T3623_1,166.7,-0.427
T14920_2,196.3,-0.285
T12125_1,342.8,0.599
T12125_2,325.2,0.11
T3720_2,85.6,0.019
T17024_1,8.9,0.341
T3643_2,30.3,0.289
T17557_2,289.3,0.281
T12074_1,17.7,0.216
T3637_2,200.3,-0.454
T3611_1,52.9,0.052
T12116_2,32.6,0.043
T12113_2,336.2,0.345
T12116_1,157.1,-0.157
T12068_2,200.3,-0.563
T3638_1,111.2,-0.032
T3674_2,163.9,-0.374
T3674_1,122.8,-0.324
T17557_1,141.0,-0.401
T3584_2,296.7,0.013
T3645_2,225.2,-0.513
T3584_1,83.4,0.085
T3638_2,161.0,-0.357
T12074_2,225.9,-0.117
T3667_1,144.9,-0.16
T14943_2,350.1,0.402
T12119_1,195.9,-0.179
T12105_1,222.5,-0.29
T3720_1,247.3,-0.139
T3631_1,228.1,-0.44
T12115_2,186.8,-0.166
T12077_1,187.8,-0.553
T12077_2,253.8,-0.19
T12085_1,93.5,-0.012
L391_1,164.0,-0.037
T12066_1,100.8,-0.134
T12103_2,169.9,-0.17
T12103_1,143.0,-0.074
T12053_1,19.7,0.323
T3637_1,143.5,-0.443
T15826_1,49.0,0.163
T15826_2,236.2,-0.137
T3635_2,264.2,-0.044
T15004_2,245.0,-0.041
T12118_2,250.0,-0.035
T15004_1,87.3,0.006
T12085_2,241.2,-0.237
T12062_1,65.3,0.06
T12062_2,341.0,0.084
T12121_2,37.4,0.579
T3617_1,12.7,0.214
T3617_2,324.2,0.132
T12093_2,328.4,0.386
T12093_1,350.6,0.237
T3644_2,222.0,-0.703
T3751_2,338.0,0.193
T12113_1,205.0,-0.323
T12091_1,239.6,-0.348
L390_2,272.3,0.013
T12066_2,145.1,-0.581
T3752_2,337.9,0.402
T11943_1,352.0,0.299
T12048_1,118.1,-0.355
T3649_1,201.6,-0.214
T3648_2,293.0,0.063
T14944_2,201.3,-0.16
T12082_1,18.1,0.24
T11943_2,261.2,-0.041
T12029_1,344.3,0.107
T12029_2,319.4,0.211
T3675_2,333.6,0.196
T17024_2,259.8,-0.062
T3643_1,95.9,-0.043
L392_2,180.0,-0.184
T12048_2,152.3,-0.564
T14943_1,165.4,-0.337
T3644_1,186.8,-0.85
T3645_1,224.2,-0.487
T12060_1,186.6,-0.049
T15528_1,318.0,0.076
AC220_3,282.2,0.055
T12112_2,268.4,-0.019
T3524_2,295.4,0.349
T3673_1,172.1,-0.111
T12109_2,233.6,-0.104
T12109_1,135.0,-0.049
T12079_2,159.2,-0.511
T12079_1,134.4,-0.532
T12089_2,171.9,-0.206
T3671_2,202.8,-0.048
T12117_1,101.4,-0.053
T3699_1,253.0,-0.03
T12117_2,110.0,-0.006
T3664_1,89.5,0.007
T3669_1,94.8,-0.046
T3664_2,119.1,-0.422
T3650_2,231.2,-0.174
T3651_2,239.8,-0.133
L391_2,339.5,0.371
T3611_2,194.7,-0.299
T3672_2,177.5,-0.091
T3679_1,333.8,0.091
L393_1,309.4,0.082
T12052_2,336.8,0.113
T12052_1,292.0,0.027
T3639_1,116.8,-0.147
T12047_1,29.2,0.149
T3639_2,212.1,-0.325
T12131_1,334.5,0.159
T12146_2,204.1,-0.341
T12112_1,249.2,-0.256
T14944_1,296.5,0.031
T3649_2,214.8,-0.083
T15093_2,315.7,0.549
T12111_2,286.8,0.069
T3670_1,82.8,0.098
T12146_1,177.1,-0.086
T12145_2,247.1,-0.125
T12108_2,176.2,-0.427
T12129_1,352.7,0.117
T3680_2,312.9,0.061
T12159_2,280.3,0.005
T12159_1,63.5,0.022
T12102_2,194.8,-0.131
T3678_1,329.7,0.068
T12102_1,129.8,-0.371
T12053_2,205.7,-0.226
T12145_1,222.1,-0.247
T12138_1,251.9,-0.059
T12138_2,261.3,-0.05
T12108_1,130.8,-0.307
T3665_1,9.1,0.173
T15093_1,151.6,-0.705
T12060_2,260.1,-0.009
T12121_1,238.9,-0.263
T3751_1,179.0,-0.138
T3752_1,194.9,-0.169
L392_1,31.0,0.232
T12133_2,216.1,-0.458
T3648_1,213.8,-0.11
T3675_1,194.4,-0.175
T12126_2,229.1,-0.174
T12127_2,62.9,0.29
T3668_1,157.4,-0.073
T12111_1,232.4,-0.065
L394_3,297.2,0.059
T12161_2,230.1,-0.304
T3669_2,104.1,-0.122
T12126_1,228.4,-0.081
T3665_2,201.1,-0.283
T12137_2,262.3,-0.104
T3678_2,207.9,-0.182
T12156_2,224.0,-0.084
T12142_2,251.2,-0.078
T12092_2,155.8,-0.692
T12156_1,201.0,-0.12
T12092_1,119.3,-0.369
T12130_2,285.5,0.004
T12130_1,168.1,-0.198
T12133_1,214.6,-0.383
L394_2,339.8,0.131
T12110_2,207.9,-0.105
T12134_1,344.4,0.211
T12134_2,317.9,0.42
T3754_2,329.0,0.254
T12080_2,26.1,0.435
T12147_1,41.0,0.451
T12147_2,306.5,0.102
T12144_2,117.7,-0.132
T12129_2,88.5,0.003
T12110_1,193.4,-0.121
T12162_1,89.4,0.003
T12050_2,283.4,0.116
T3679_2,190.5,-0.183
T3670_2,87.2,0.036
T12178_2,152.4,-0.178
T12107_1,2.2,0.096
L393_2,197.6,-0.143
T12178_1,148.8,-0.332
T3728_1,129.6,-0.108
T12131_2,282.3,0.008
T3723_2,39.9,0.179
T3728_2,238.0,-0.054
T12127_1,82.8,0.111
T12175_2,124.4,-0.035
T12107_2,235.1,-0.102
T3682_2,237.0,-0.281
T3682_1,155.9,-0.544
T12097_1,133.4,-0.469
T12144_1,139.6,-0.064
T3680_1,183.4,-0.313
L394_1,124.1,-0.077
T14942_2,207.6,-0.112
L395_3,220.4,-0.168
T12097_2,147.9,-0.639
T12167_1,118.9,-0.117
T12167_2,153.6,-0.129
T12082_2,201.0,-0.153
T12123_2,215.2,-0.566
T12174_2,163.2,-0.11
T12174_1,159.7,-0.163
T12162_2,165.7,-0.208
T3685_2,138.0,-0.281
T3685_1,94.8,-0.045
T12149_2,138.9,-0.121
T3692_1,56.9,0.031
T14942_1,281.0,0.036
L395_2,170.2,-0.032
T12149_1,238.5,-0.036
T12123_1,180.8,-0.659
T12150_2,291.1,0.108
T17023_1,76.2,0.126
T17023_2,248.1,-0.155
T3690_2,69.9,0.183
T3692_2,241.3,-0.152
T12041_1,41.3,0.228
T12041_2,236.4,-0.103
T12186_2,307.5,0.179
T12190_1,15.7,0.425
T12176_1,336.4,0.174
T12142_1,221.2,-0.19
T12176_2,203.8,-0.227
T12050_1,248.1,-0.088
T12161_1,220.6,-0.315
T12080_1,303.1,0.048
T3689_2,225.3,-0.415
T12191_1,51.7,0.148
T12173_2,118.1,-0.104
T3754_1,137.7,-0.07
T12191_2,10.7,0.258
T3723_1,127.1,-0.281
T12137_1,251.1,-0.246
T12188_2,192.0,-0.383
T12166_2,293.4,0.129
T12166_1,67.5,0.036
T12165_2,261.9,-0.021
T3689_1,111.3,-0.304
T12120_1,8.0,0.235
T12065_2,331.3,0.05
T12065_1,292.7,0.068
T12188_1,211.0,-0.383
T3744_1,211.1,-0.119
T12087_2,26.5,0.086
T12087_1,6.7,0.16
T12013_1,72.9,0.079
T12013_2,346.9,0.134
T3701_1,352.8,0.384
T3743_1,110.8,-0.012
T3742_1,182.3,-0.824
T3701_2,14.1,0.206
T17022_2,325.7,0.615
T12158_1,334.4,0.712
T3702_2,270.8,0.0
T12186_1,173.8,-0.268
T12152_2,236.3,-0.331
T12152_1,139.4,-0.468
T17564_2,307.9,0.542
T17022_1,88.7,0.01
T12165_1,142.6,-0.252
T17564_1,150.2,-0.517
L398_2,46.2,0.094
T12197_1,266.1,-0.021
T14850_1,135.8,-0.077
T12025_2,229.5,-0.067
T12025_1,255.4,-0.043
T14945_1,1.7,0.178
T17523_2,349.1,0.053
T12197_2,175.2,-0.393
T12195_2,334.8,0.163
T14945_2,196.1,-0.252
T12150_1,250.4,-0.052
T12151_2,255.1,-0.077
T12151_1,225.5,-0.174
T12158_2,245.2,-0.33
T12193_2,228.1,-0.071
T12193_1,217.6,-0.048
T3676_2,329.0,0.22
T3681_1,31.8,0.144
T12175_1,228.1,-0.066
T3677_1,4.0,0.108
T3895_1,138.7,-0.264
T3722_1,101.9,-0.096
T3722_2,218.3,-0.108
T17555_2,287.9,0.185
T3705_1,25.5,0.569
T12198_2,324.4,0.114
T12128_2,11.9,0.379
T3694_1,149.5,-0.334
T3705_2,338.0,0.269
T12106_1,15.5,0.231
T12128_1,11.8,0.415
T12160_1,147.7,-0.435
T12124_1,26.2,0.079
T3895_2,189.6,-0.575
T12139_2,301.5,0.416
T12139_1,156.3,-0.519
T12124_2,326.9,0.196
T12190_2,303.8,0.122
T17555_1,137.4,-0.471
T3690_1,96.9,-0.071
T12201_1,328.3,0.291
L395_1,167.1,-0.457
T12195_1,170.0,-0.505
T12143_1,228.4,-0.402
T3694_2,155.1,-0.326
T14850_2,108.6,-0.05
T12171_2,97.9,-0.097
AC229_4,140.6,-0.087
T12205_2,225.6,-0.376
T12205_1,80.2,0.07
L396_1,304.3,0.093
T12122_1,163.8,-0.051
T17523_1,60.2,0.025
T12122_2,218.3,-0.123
AC228_1,7.6,0.672
T12179_2,279.1,0.095
T12208_1,339.4,0.44
T3676_1,95.7,-0.0
O18_1,297.9,0.024
O18_3,264.9,-0.005
T12214_2,293.2,0.077
T12169_1,6.2,0.228
T3677_2,346.5,0.179
T12143_2,222.1,-0.492
T16032_2,259.9,-0.083
O18_2,36.7,0.016
T12141_2,307.3,0.461
T3681_2,182.9,-0.014
T12141_1,277.7,0.056
T12106_2,207.0,-0.078
T3646_2,300.2,0.375
T3712_2,303.2,0.444
T3712_1,334.3,0.767
T3646_1,27.6,0.717
T3715_2,352.4,0.127
T12120_2,148.0,-0.266
T12208_2,250.7,-0.165
T3693_1,339.4,0.052
AC220_2,276.6,0.028
T15825_2,31.2,0.011
T12192_2,329.0,0.151
T3744_2,326.2,0.069
L397_2,332.2,0.037
T15825_1,268.5,-0.001
T15296_1,353.5,0.581
T3743_2,172.0,-0.24
O19_1,285.8,0.125
T12170_1,214.2,-0.144
T3609_1,84.8,0.023
L398_1,144.0,-0.002
T12196_2,327.9,0.239
T12170_2,234.4,-0.109
L399_2,236.6,-0.007
T16031_2,306.6,0.27
T3609_2,258.5,-0.039
T3702_1,163.0,-0.225
T12171_1,90.0,-0.0
T17683_2,269.1,-0.007
O19_2,101.9,-0.019
T12169_2,259.2,-0.051
T12218_1,349.3,0.153
T12194_1,349.5,0.277
T12203_2,289.9,0.055
T3718_1,34.2,0.053
T12088_2,15.2,0.566
T12140_1,52.5,0.08
T12140_2,348.6,0.093
T3719_2,79.6,0.065
T12209_1,16.3,0.218
T12154_1,125.8,-0.397
T12183_1,343.5,0.17
T12216_2,46.1,0.126
T12196_1,80.5,0.05
T12198_1,152.5,-0.144
T16031_1,171.5,-0.501
T3704_1,120.8,-0.354
T3704_2,248.3,-0.224
T3698_2,189.2,-0.499
T12192_1,57.1,0.023
T12204_2,181.2,-0.257
T12226_1,339.2,0.274
T3718_2,53.5,0.126
T12044_2,331.1,0.645
T12044_1,36.7,0.497
T12154_2,139.4,-0.451
T15166_2,346.8,0.788
T12160_2,146.9,-0.428
T12201_2,194.9,-0.211
T12204_1,244.2,-0.033
T12173_1,118.2,-0.072
L400_1,202.3,-0.01
T3727_1,324.2,0.038
T3727_2,236.6,-0.054
AC229_3,242.4,-0.341
T12163_1,170.0,-0.584
T15166_1,50.7,0.459
T3697_2,236.8,-0.363
T12163_2,206.4,-0.275
T16032_1,144.2,-0.296
T3698_1,178.7,-0.347
T12179_1,217.9,-0.476
T3717_1,46.9,0.066
T3719_1,129.0,-0.103
O18_4,264.8,-0.037
L396_2,234.4,-0.203
T3696_1,68.5,0.307
T15167_1,51.1,0.48
T12228_2,221.8,-0.095
T12228_1,162.1,-0.381
T15167_2,327.6,0.789
T12224_2,225.2,-0.091
L401_1,133.6,-0.306
T12132_2,311.1,0.083
L397_1,158.0,-0.256
T12214_1,189.4,-0.212
T12180_1,35.3,0.131
T12183_2,196.7,-0.272
T3693_2,324.4,0.089
T12200_2,240.2,-0.245
T12225_2,189.0,-0.114
T3715_1,115.0,-0.032
T3642_2,310.8,0.148
T3642_1,11.9,0.259
T12164_2,302.2,0.407
T12232_1,49.1,0.376
T3772_2,339.8,0.728
T12136_1,307.1,0.047
T12182_1,236.1,-0.369
L401_2,271.2,0.002
T12135_1,32.3,0.111
T12229_1,35.0,0.144
T12135_2,28.5,0.119
L401_3,10.1,0.066
T12222_1,357.1,0.612
T12239_2,331.3,0.316
T12132_1,17.1,0.082
T3697_1,180.2,-0.592
T12232_2,229.1,-0.476
T3607_2,338.7,0.278
T12221_1,350.0,0.133
T15296_2,268.0,-0.02
T12226_2,200.4,-0.356
T12218_2,156.3,-0.22
T3683_1,142.7,-0.511
T12231_1,1.7,0.15
T12199_2,255.6,-0.158
T12153_1,2.0,0.232
T12153_2,314.5,0.265
L398_3,34.0,0.087
T3753_2,273.6,0.028
T12234_2,348.7,0.155
T3753_1,129.5,-0.055
T17565_2,251.4,-0.128
T17565_1,105.9,-0.154
L399_1,355.5,0.126
T12235_1,3.2,0.288
T12203_1,201.3,-0.188
T12181_1,136.6,-0.586
T3683_2,191.4,-0.498
T12180_2,294.4,0.007
T17683_1,298.0,0.13
T12088_1,100.8,-0.147
O19_3,258.9,-0.083
T3666_2,314.1,0.138
T12181_2,174.8,-0.793
T12194_2,209.7,-0.195
T12211_1,267.8,-0.026
T12185_1,144.6,-0.652
T12187_2,239.7,-0.163
T12221_2,324.6,0.088
T12209_2,215.9,-0.26
L402_2,340.4,0.141
L402_1,137.7,-0.301
T3607_1,29.6,0.088
T3717_2,138.9,-0.093
T17553_2,270.1,0.001
T17553_1,147.8,-0.579
T15527_2,312.1,0.075
T12177_1,347.6,0.172
T12177_2,347.7,0.177
T12216_1,156.2,-0.319
T12225_1,190.6,-0.176
T12164_1,254.0,-0.117
T12184_2,220.6,-0.621
T12185_2,171.2,-0.757
L401_4,128.0,-0.432
L400_2,342.2,0.042
T12229_2,175.3,-0.304
T12211_2,204.3,-0.714
T12182_2,228.9,-0.418
L402_3,221.2,-0.135
T12200_1,208.7,-0.448
T3696_2,121.8,-0.484
T12245_2,127.2,-0.034
T12189_2,117.2,-0.095
T12215_2,248.5,-0.233
T12189_1,127.4,-0.067
T12215_1,226.3,-0.455
T12199_1,226.2,-0.35
T12187_1,152.7,-0.641
T3772_1,188.2,-0.079
T12239_1,341.5,0.235
T12184_1,207.4,-0.646
T12250_1,174.5,-0.065
T12250_2,140.6,-0.145
T12251_1,27.1,0.128
T12251_2,14.7,0.146
T3703_2,231.8,-0.308
T12224_1,176.2,-0.209
T3726_2,202.6,-0.039
T3726_1,62.1,0.004
T15822_1,335.3,0.462
T15090_1,300.2,0.331
T15822_2,288.5,0.139
T3703_1,155.9,-0.557
T17554_1,181.3,-0.408
T3724_2,351.1,0.228
T15003_1,19.0,0.204
T17554_2,264.8,-0.039
T12202_1,119.7,-0.36
T3691_1,327.0,0.144
T12136_2,304.8,0.032
AC228_4,252.6,-0.021
T12222_2,350.7,0.396
L403_2,156.9,-0.095
L404_2,286.6,0.011
T12231_2,159.9,-0.082
T12256_2,230.2,-0.101
T12236_2,207.1,-0.033
T3765_2,25.1,0.04
T12236_1,84.9,0.021
T12234_1,196.5,-0.101
T12235_2,187.0,-0.196
T12202_2,157.6,-0.727
T12255_1,154.3,-0.363
T12255_2,150.7,-0.151
AC229_2,313.9,0.108
T12258_2,357.6,0.434
T3666_1,220.7,-0.057
T12258_1,74.5,0.074
T12265_1,57.5,0.189
L403_1,196.5,-0.067
T15527_1,319.8,0.183
AC221_2,239.0,-0.033
T12217_1,230.2,-0.502
L405_2,150.1,-0.31
L404_1,22.1,0.071
T15003_2,214.9,-0.215
T12230_1,52.6,0.093
L405_3,335.6,0.07
T12213_1,318.8,0.304
T12247_1,67.0,0.041
T12220_1,290.4,0.244
T3708_1,20.1,0.606
L405_1,323.9,0.087
T12213_2,323.3,0.135
T3724_1,114.1,-0.053
T12269_1,126.0,-0.112
T12248_2,7.5,0.337
T12262_2,170.3,-0.142
T12269_2,47.3,0.177
T3708_2,226.8,-0.157
T12238_1,49.3,0.443
T12256_1,141.5,-0.098
T3721_1,103.4,-0.152
T12245_1,163.7,-0.146
T12220_2,302.4,0.344
AC228_3,232.4,-0.46
T12240_2,270.0,-0.0
T12261_2,197.8,-0.079
T12261_1,138.5,-0.059
T15090_2,178.4,-0.464
T12268_2,19.3,0.299
T12270_1,133.8,-0.032
T12287_1,141.3,-0.148
T12270_2,243.4,-0.047
T12287_2,225.3,-0.074
L413_1,109.9,-0.041
T3711_2,316.2,0.043
T12274_2,267.5,-0.002
T12265_2,336.5,0.154
T12207_2,315.8,0.567
T12283_1,130.4,-0.021
T12168_2,140.3,-0.075
T3641_2,324.3,0.312
T3641_1,356.2,0.541
T3747_1,125.2,-0.035
T3691_2,22.4,0.024
T12217_2,220.5,-0.61
T3747_2,231.6,-0.052
T3733_2,276.4,0.028
T12281_2,288.5,0.041
T12242_2,185.8,-0.275
T12242_1,176.5,-0.22
T12260_2,313.6,0.073
T12260_1,89.8,0.0
T3528_1,0.9,0.155
T3707_1,359.9,0.405
T12272_1,262.9,-0.043
T12172_2,317.5,0.052
T12227_1,118.8,-0.058
T12172_1,357.7,0.083
T12227_2,334.7,0.105
T15002_2,257.5,-0.061
T15002_1,60.9,0.183
L405_4,58.3,0.012
T3746_1,70.2,0.003
T12273_2,239.5,-0.405
T12271_2,309.1,0.054
T3731_2,273.1,0.029
T3731_1,126.0,-0.561
T3765_1,176.8,-0.205
T12273_1,116.9,-0.114
T12257_1,352.4,0.08
T12230_2,153.4,-0.199
T12281_1,201.9,-0.476
T3733_1,217.0,-0.068
T12290_2,22.2,0.094
T3735_1,307.5,0.223
T12155_1,13.1,0.825
T12237_1,73.9,0.013
T12237_2,220.9,-0.016
T12248_1,187.6,-0.344
T12247_2,34.2,0.056
T3732_1,303.0,0.024
T3736_2,250.6,-0.051
T15531_2,332.1,0.061
T3706_2,356.1,0.217
T3707_2,208.3,-0.11
T3740_1,302.4,0.051
T3740_2,316.1,0.109
T12296_1,1.4,0.221
T3738_1,229.3,-0.058
T12272_2,105.8,-0.056
T3737_1,288.4,0.282
T12285_2,117.0,-0.038
T12285_1,158.5,-0.1
T3739_2,173.9,-0.097
T12259_2,148.0,-0.478
T12238_2,90.1,-0.001
T12306_2,200.5,-0.172
T12288_1,178.1,-0.166
T12262_1,176.7,-0.275
T12263_2,155.2,-0.461
T3750_2,260.2,-0.03
T12289_1,175.2,-0.149
T3749_2,353.8,0.177
T3892_1,108.6,-0.248
T12259_1,137.5,-0.372
T12292_1,172.9,-0.118
AC228_2,304.7,0.083
T14999_2,241.3,-0.195
T14999_1,39.7,0.164
T12293_1,191.4,-0.154
T12312_2,315.7,0.225
T12300_1,329.6,0.118
T12263_1,100.0,-0.052
T12294_2,139.1,-0.155
T3750_1,111.7,-0.034
T3721_2,114.0,-0.144
T12317_2,204.1,-0.197
T12155_2,247.4,-0.35
L406_1,128.1,-0.106
T3527_1,15.5,0.23
T12241_2,263.7,-0.064
T3767_2,339.3,0.119
T12297_1,151.9,-0.539
T12314_2,10.8,0.257
T12240_1,266.8,-0.039
T12267_2,179.5,-0.301
T12241_1,187.9,-0.513
T15531_1,323.0,0.09
T3894_1,98.8,-0.134
T3892_2,153.9,-0.709
T12267_1,148.1,-0.556
T3711_1,144.1,-0.256
T12289_2,186.1,-0.448
T12308_2,146.7,-0.115
T12307_1,226.3,-0.085
T12207_1,254.3,-0.157
T12210_1,79.0,0.036
T12290_1,183.2,-0.137
T12296_2,178.3,-0.307
T3528_2,321.5,0.074
T12304_2,330.5,0.327
T12268_1,196.9,-0.365
T3894_2,152.0,-0.661
T12308_1,273.2,0.006
T12312_1,185.7,-0.378
T12292_2,156.7,-0.241
T12324_1,326.3,0.247
L407_2,139.7,-0.042
T3736_1,209.0,-0.193
T3767_1,157.0,-0.292
T12274_1,246.8,-0.032
T12293_2,167.9,-0.645
T3749_1,190.4,-0.139
T12210_2,302.6,0.103
T12283_2,146.1,-0.065
T12306_1,188.4,-0.116
T12212_1,141.2,-0.574
T3527_2,193.5,-0.145
L407_1,182.7,-0.018
AC221_4,316.1,0.029
T3866_1,116.6,-0.367
T12168_1,157.4,-0.129
T12212_2,157.4,-0.568
T3730_1,48.3,0.041
T12317_1,172.7,-0.348
T12314_1,140.4,-0.24
T12257_2,206.4,-0.262
T12315_2,208.3,-0.124
T3735_2,184.0,-0.207
T12288_2,166.3,-0.299
T3746_2,156.7,-0.102
T12271_1,329.3,0.104
T3771_1,97.1,-0.016
T3771_2,274.4,0.003
T3770_2,341.1,0.106
T3606_1,68.2,0.019
T3732_2,310.9,0.044
T12339_2,214.0,-0.184
L413_3,280.9,0.019
T3766_1,20.7,0.14
T12331_2,306.8,0.331
T3606_2,224.3,-0.139
T12301_1,7.1,0.321
T12313_2,51.8,0.011
T12313_1,91.1,-0.017
T3755_1,53.7,0.173
T3755_2,235.0,-0.255
AC221_3,292.9,0.103
T3774_2,236.2,-0.141
T12323_1,349.5,0.022
T12321_1,16.5,0.087
T3706_1,185.5,-0.259
T12206_1,52.6,0.58
T12206_2,24.1,0.781
T12304_1,336.8,0.068
T12300_2,207.2,-0.201
T3893_1,104.9,-0.232
T3893_2,185.4,-0.742
T3774_1,161.5,-0.3
T15107_2,25.6,0.853
T12264_1,158.0,-0.613
T3738_2,205.4,-0.034
T15101_1,38.1,0.744
T12339_1,189.4,-0.335
T12307_2,185.2,-0.663
T3729_1,112.4,-0.307
T17552_2,262.0,-0.067
T3776_1,342.1,0.12
T3775_2,83.4,0.059
T12243_2,23.2,0.856
T3739_1,181.2,-0.123
T3713_2,274.2,0.064
T3725_2,337.4,0.28
T12243_1,39.8,0.683
T3713_1,318.5,0.513
T12320_2,358.9,0.101
T3764_1,95.3,-0.017
T3764_2,257.0,-0.036
T12157_2,268.5,-0.024
T12291_1,40.2,0.023
T15107_1,145.0,-0.664
T3775_1,137.9,-0.53
T15101_2,151.2,-0.798
T12264_2,201.8,-0.687
L408_2,154.6,-0.017
T15105_2,35.9,0.699
T15104_1,63.7,0.341
T3729_2,162.3,-0.557
T15099_2,26.6,0.784
T15103_2,22.1,0.833
T12311_1,180.6,-0.044
T12311_2,260.3,-0.014
T3770_1,193.9,-0.272
T12320_1,263.8,-0.003
T12294_1,174.7,-0.563
T12297_2,153.2,-0.386
T3730_2,163.9,-0.17
T12318_1,318.9,0.092
T12359_1,345.9,0.039
T12286_2,275.8,0.013
T12286_1,198.0,-0.145
L406_2,158.6,-0.221
T12334_1,269.5,-0.001
T12334_2,255.9,-0.148
T12309_1,322.4,0.145
T12309_2,258.5,-0.039
T15103_1,138.6,-0.682
T12246_2,95.0,-0.08
T3773_2,266.1,-0.025
T15001_1,27.1,0.148
T12343_1,238.8,-0.011
T15099_1,157.9,-0.868
T12301_2,240.6,-0.017
T15104_2,165.6,-0.88
T14853_1,32.9,0.161
T3866_2,155.6,-0.739
T12266_1,353.6,0.563
T17018_2,284.6,0.158
T15105_1,143.8,-0.76
T15001_2,218.6,-0.431
T12148_2,295.5,0.066
T3773_1,122.2,-0.053
T12253_1,121.0,-0.455
T12148_1,49.2,0.114
L408_1,49.3,0.044
T12331_1,168.1,-0.198
T12346_1,175.4,-0.297
T17018_1,82.0,0.092
T12343_2,351.6,0.179
T14853_2,184.2,-0.195
T12324_2,193.8,-0.25
T3759_2,337.5,0.292
T12253_2,182.0,-0.932
T12315_1,187.5,-0.12
T3759_1,129.5,-0.146
T12336_2,204.4,-0.083
T12325_2,336.6,0.279
T15102_1,58.2,0.511
T12348_2,178.9,-0.308
T3748_2,352.5,0.216
T12336_1,258.6,-0.02
L409_2,218.3,-0.025
T17017_1,49.5,0.38
T12319_1,136.3,-0.191
T12322_2,156.9,-0.442
T12322_1,138.7,-0.229
L410_2,240.2,-0.044
T12342_2,279.7,0.069
L410_3,307.0,0.26
T12340_2,239.3,-0.041
T12340_1,215.7,-0.152
T12254_2,294.0,0.194
T12338_1,310.9,0.141
T12266_2,301.9,0.451
T12356_1,190.7,-0.224
T12356_2,218.6,-0.486
T12350_1,195.3,-0.419
T12277_1,54.4,0.435
T17017_2,312.1,0.458
T12342_1,87.7,0.004
T12254_1,210.0,-0.314
L411_1,67.2,0.052
T15102_2,183.0,-0.886
T3769_1,20.6,0.459
T3768_2,348.8,0.203
L412_2,264.4,-0.017
T12359_2,179.1,-0.057
T3766_2,189.6,-0.174
L413_6,276.6,0.024
T12362_2,247.9,-0.044
T12362_1,173.4,-0.106
T12276_1,341.0,0.737
T15920_2,155.1,-0.224
T15966_2,359.9,0.654
T12358_2,201.3,-0.177
T3716_2,281.8,0.12
T12276_2,236.3,-0.378
T12246_1,124.7,-0.47
T3710_1,351.6,0.594
T3763_2,9.3,0.217
T14952_2,326.3,0.538
T12323_2,178.9,-0.185
L413_4,289.3,0.014
L414_3,242.7,-0.183
T12319_2,155.3,-0.41
L414_2,195.6,-0.083
T12321_2,159.8,-0.217
T15920_1,155.0,-0.398
T3763_1,152.0,-0.291
T12345_2,163.8,-0.377
T17552_1,144.0,-0.616
T3776_2,185.6,-0.033
T17550_2,277.6,0.07
T3710_2,310.8,0.579
L409_1,26.6,0.03
T12349_2,315.9,0.081
T14949_2,292.2,0.226
T12252_1,22.4,0.135
T16036_2,311.1,0.387
T3725_1,300.8,0.018
T12291_2,195.0,-0.193
T12380_1,42.3,0.304
T14949_1,153.9,-0.556
T12157_1,273.8,0.056
T12370_1,212.8,-0.033
T15957_2,293.6,0.258
T16036_1,148.4,-0.288
T15089_2,342.1,0.709
T3777_2,312.8,0.068
T14950_2,307.2,0.284
T15095_2,82.7,0.114
L410_1,153.1,-0.121
T12355_1,254.8,-0.029
T12335_1,128.7,-0.19
T15963_1,310.1,0.569
T14950_1,143.1,-0.604
T12380_2,178.5,-0.192
T12278_1,119.8,-0.469
T12337_1,312.7,0.118
T12318_2,203.4,-0.23
T12377_2,296.0,0.04
T12252_2,10.5,0.05
T12381_1,155.7,-0.087
T12377_1,283.3,0.007
T15089_1,114.6,-0.381
T15951_1,306.6,0.539
T12219_1,3.6,0.905
T14947_2,222.8,-0.081
T12219_2,0.1,0.871
T15096_1,21.6,0.749
T12338_2,259.1,-0.024
T15951_2,244.3,-0.323
T17551_2,310.2,0.348
T12351_2,159.4,-0.382
T12351_1,163.4,-0.382
T15959_1,291.1,0.292
T3891_1,92.8,-0.039
T12382_2,177.9,-0.351
T15092_2,289.5,0.211
T3779_2,199.7,-0.117
T3779_1,98.7,-0.025
T3768_1,134.6,-0.077
T12249_2,58.1,0.278
T12332_2,70.1,0.038
T12332_1,151.7,-0.178
T12335_2,229.6,-0.106
T3801_2,292.8,0.286
T14952_1,178.9,-0.509
T12389_1,258.6,-0.017
T15954_1,277.9,0.097
T12385_2,202.0,-0.31
T15963_2,270.3,0.003
T12392_2,223.2,-0.203
T3891_2,165.4,-0.722
T17551_1,205.4,-0.348
T15959_2,238.2,-0.463
T12346_2,194.9,-0.113
T15953_2,280.4,0.131
T15095_1,178.3,-0.889
T3761_1,133.3,-0.363
T3761_2,283.4,0.02
T12368_2,304.0,0.103
T15954_2,231.1,-0.565
T17566_1,301.3,0.36
T3714_1,310.9,0.49
T3714_2,293.8,0.28
T12325_1,209.4,-0.237
T12348_1,197.3,-0.209
T12327_1,19.5,0.086
T3748_1,191.4,-0.104
T3769_2,195.9,-0.251
T12327_2,9.4,0.183
T12277_2,66.0,0.275
T12330_2,293.9,0.253
T3716_1,242.1,-0.294
T12345_1,151.5,-0.483
T12280_1,29.4,0.153
T12278_2,157.8,-0.818
T12353_2,179.8,-0.439
T12330_1,251.0,-0.134
T12401_1,52.2,0.148
T3782_1,20.6,0.246
T12299_1,138.9,-0.656
L412_1,248.3,-0.011
T12350_2,201.1,-0.218
T12299_2,158.0,-0.87
T12414_1,339.6,0.194
T12401_2,186.0,-0.345
L411_2,268.2,-0.001
T17550_1,146.9,-0.741
T12398_1,335.3,0.068
T12282_2,282.2,0.075
T3760_2,343.8,0.494
L414_1,140.0,-0.161
T15957_1,248.9,-0.271
T15960_1,11.7,0.805
T12353_1,156.7,-0.438
T12360_2,300.4,0.293
T14953_2,299.0,0.246
T15960_2,268.1,-0.025
L413_5,131.0,-0.294
T3652_1,6.9,0.69
T12337_2,233.6,-0.092
T12361_1,279.9,0.066
T12347_1,273.0,0.034
T12316_2,253.9,-0.2
T12361_2,228.6,-0.15
T15966_1,244.5,-0.171
T12316_1,232.1,-0.536
L415_2,281.3,0.035
T12398_2,221.2,-0.456
T12397_2,165.8,-0.446
T12358_1,189.6,-0.516
T12400_1,181.1,-0.192
T12400_2,250.9,-0.12
T12399_1,149.6,-0.562
T12391_2,328.9,0.146
T15092_1,148.9,-0.558
T3758_2,111.2,-0.228
T12303_1,145.8,-0.709
T12375_1,150.3,-0.458
T12382_1,348.9,0.161
T12347_2,264.2,-0.062
T14953_1,190.5,-0.418
T15106_2,30.0,0.61
T12295_1,147.7,-0.728
T12249_1,99.9,-0.087
T12370_2,181.0,-0.334
T3652_2,292.4,0.289
T3801_1,172.0,-0.237
T15106_1,126.1,-0.533
T15096_2,141.5,-0.705
T12284_2,215.1,-0.339
T12349_1,328.4,0.021
AC221_1,320.9,0.028
T12303_2,156.9,-0.859
T12373_2,205.2,-0.561
T12373_1,127.5,-0.178
T12409_1,124.6,-0.03
T12409_2,271.2,0.001
T12411_1,94.8,-0.004
T12411_2,267.3,-0.001
T3820_1,95.7,-0.007
T12376_2,323.7,0.144
T12376_1,145.4,-0.09
T12422_1,32.6,0.288
T12360_1,144.1,-0.45
T12425_2,336.0,0.142
T3820_2,272.7,0.002
T12406_1,313.3,0.124
T12427_2,20.0,0.564
T3777_1,219.1,-0.143
T12367_2,186.8,-0.459
T12427_1,66.5,0.168
T12367_1,195.8,-0.315
T12429_1,340.9,0.09
T12355_2,144.6,-0.117
T12395_1,59.4,0.039
T12395_2,211.3,-0.049
T14947_1,168.5,-0.343
T12381_2,211.1,-0.053
T12371_1,270.4,0.005
T12430_2,20.9,0.035
T15953_1,213.1,-0.664
T12424_2,231.3,-0.071
T17566_2,199.1,-0.478
T12414_2,181.0,-0.448
T12389_2,220.0,-0.105
T17547_2,307.1,0.375
T12302_2,171.8,-0.928
T12302_1,147.4,-0.777
T14951_2,306.9,0.404
T12375_2,182.6,-0.333
T3760_1,168.6,-0.381
T12435_1,38.0,0.274
T12435_2,277.2,0.048
T12385_1,167.2,-0.091
T12423_1,51.7,0.098
T12392_1,151.5,-0.387
T12371_2,264.8,-0.055
T12412_2,189.9,-0.091
T12412_1,166.0,-0.135
L416_1,159.7,-0.048
T12368_1,218.7,-0.121
T12379_1,300.8,0.308
T12408_2,301.8,0.213
T12279_2,186.6,-0.762
T12372_2,156.2,-0.093
T12279_1,143.8,-0.701
T12341_2,281.5,0.16
T12429_2,189.0,-0.365
T3782_2,194.1,-0.114
T12372_1,183.4,-0.113
T12425_1,186.2,-0.326
T3788_1,89.2,0.006
T12439_1,121.8,-0.127
T12439_2,189.8,-0.372
T3684_1,178.4,-0.754
T3684_2,203.4,-0.676
T12282_1,175.7,-0.705
T12436_1,28.9,0.133
T12295_2,181.1,-0.822
T12430_1,179.4,-0.232
T3869_1,139.5,-0.666
T3869_2,170.8,-0.847
T14951_1,201.7,-0.306
T12387_2,294.4,0.307
T12284_1,157.8,-0.764
T3758_1,163.7,-0.452
T17548_2,293.5,0.3
T12437_1,186.4,-0.223
T12437_2,250.1,-0.106
T12434_1,7.8,0.301
T12280_2,276.6,0.0
T12399_2,159.7,-0.433
T12397_1,172.4,-0.442
T3762_2,299.7,0.234
T14998_1,31.3,0.143
T12326_2,262.6,-0.066
T12326_1,2.3,0.855
T3868_2,256.8,-0.206
T3868_1,159.7,-0.756
L415_1,149.3,-0.133
T12081_2,19.7,0.145
T17548_1,210.5,-0.596
T3762_1,116.8,-0.226
T3788_2,224.4,-0.182
T12441_1,164.8,-0.101
T12333_2,256.7,-0.182
T15956_2,342.2,0.68
T3778_1,101.1,-0.064
T15026_1,187.2,-0.154
T3778_2,270.9,0.004
T12403_1,137.5,-0.354
T15958_1,8.9,0.883
T14946_2,257.7,-0.027
T17547_1,174.1,-0.752
T15958_2,242.0,-0.245
T12391_1,166.1,-0.105
T14948_1,313.1,0.253
L417_1,337.7,0.078
T12424_1,153.5,-0.075
T12404_2,177.9,-0.58
T12404_1,163.6,-0.594
T3794_2,238.7,-0.192
T12428_2,143.2,-0.054
T3794_1,130.5,-0.332
T12366_1,70.5,0.051
T14948_2,241.7,-0.116
T15026_2,248.5,-0.273
T12446_1,345.5,0.128
T12422_2,188.6,-0.181
T12333_1,240.8,-0.404
T3784_1,50.6,0.253
T3745_2,279.5,0.036
T3802_1,153.6,-0.168
T3802_2,307.8,0.115
T12406_2,162.8,-0.411
T12328_1,157.3,-0.748
T3784_2,284.3,0.22
T12344_2,293.7,0.358
T4123_2,245.1,-0.095
T4123_1,128.6,-0.123
T12366_2,227.4,-0.109
T12344_1,221.2,-0.489
T12354_2,355.0,0.845
T12354_1,6.7,0.921
T12446_2,187.8,-0.273
T12423_2,190.0,-0.36
T15952_2,352.3,0.786
T12396_2,233.6,-0.056
T12449_2,220.2,-0.073
T14998_2,209.5,-0.209
T12408_1,301.7,0.06
T12374_2,282.2,0.142
T12374_1,338.9,0.689
T12421_2,190.6,-0.387
L418_2,298.0,0.028
T12419_1,179.0,-0.417
L419_2,199.5,-0.197
T12421_1,179.4,-0.366
T12305_1,73.2,0.217
T12305_2,11.2,0.713
T3745_1,69.4,0.057
T12459_2,244.5,-0.063
T12387_1,262.8,-0.107
T12363_1,24.6,0.048
L416_2,201.1,-0.058
T12379_2,254.1,-0.185
T15097_1,23.6,0.638
T12463_2,39.5,0.177
T12341_1,225.8,-0.572
T12396_1,148.5,-0.125
T12438_2,271.2,0.001
T12419_2,43.3,0.372
T12418_1,316.7,0.092
T12434_2,96.4,-0.022
T12357_2,249.7,-0.27
T3781_1,110.4,-0.164
T12364_2,242.7,-0.387
T3890_1,87.2,0.044
T12450_2,184.4,-0.278
T12436_2,167.2,-0.101
T3781_2,200.1,-0.54
T3785_1,316.4,0.356
L417_2,169.6,-0.158
T3786_1,329.3,0.587
T12448_1,102.1,-0.017
T3785_2,238.5,-0.349
T4122_1,90.6,-0.005
T4122_2,286.3,0.129
T12402_1,125.5,-0.266
T12431_1,195.7,-0.201
T12449_1,202.5,-0.343
T15091_2,295.4,0.357
T12454_1,144.4,-0.075
L420_1,43.2,0.045
T12441_2,168.4,-0.075
T15956_1,243.9,-0.296
T12453_2,103.1,-0.071
T12328_2,175.2,-0.865
T12352_2,192.7,-0.792
T12329_1,153.9,-0.748
T12329_2,189.7,-0.878
T12402_2,173.7,-0.653
T12403_2,130.3,-0.296
T12081_1,108.6,-0.035
T3789_1,122.0,-0.289
T3783_1,43.2,0.529
L419_1,16.9,0.153
T12363_2,236.9,-0.157
T3800_2,307.7,0.07
T3783_2,82.6,0.074
T3818_2,300.6,0.055
T12504_3,286.5,0.025
T12462_2,220.0,-0.034
T12357_1,167.2,-0.812
T17549_2,312.1,0.544
T3818_1,198.0,-0.739
T16030_1,60.2,0.302
T14946_1,149.8,-0.442
T12418_2,270.8,0.008
T12407_1,211.8,-0.527
L418_1,142.9,-0.36
T12471_1,132.6,-0.086
T12384_1,102.5,-0.1
T12244_2,190.6,-0.095
T12244_1,9.3,0.15
T12428_1,177.8,-0.118
T12384_2,356.5,0.725
T12364_1,198.7,-0.776
T12468_1,123.5,-0.077
T15100_1,1.7,0.679
T12472_2,274.2,0.003
T12365_1,149.4,-0.815
T15091_1,141.8,-0.499
T3890_2,178.6,-0.861
T12456_2,29.7,0.538
T12416_1,12.3,0.275
T12416_2,237.0,-0.106
T3793_1,117.2,-0.252
T12477_1,38.4,0.111
T12452_1,343.3,0.329
T3800_1,163.4,-0.18
T12468_2,204.3,-0.082
T3826_1,336.3,0.084
T12407_2,292.5,0.25
T12352_1,131.6,-0.604
T4121_2,293.3,0.112
T12365_2,157.9,-0.875
T12298_1,338.4,0.813
T3867_2,209.1,-0.634
T12440_1,154.9,-0.284
T12440_2,163.2,-0.419
T16030_2,259.4,-0.15
L418_3,307.9,0.311
T12438_1,179.8,-0.142
T15952_1,217.4,-0.604
T12383_2,106.1,-0.203
T3786_2,212.1,-0.45
T3867_1,202.8,-0.679
T12443_2,159.7,-0.367
T12443_1,133.0,-0.302
T12473_1,336.8,0.195
T17549_1,188.5,-0.561
T12463_1,188.4,-0.234
T12471_2,183.1,-0.211
L422_1,359.7,0.547
L421_2,212.0,-0.114
T12454_2,167.0,-0.237
T12432_1,317.1,0.356
T12459_1,213.1,-0.182
T3853_2,239.7,-0.345
T17016_2,305.9,0.402
T12433_1,351.5,0.703
T15097_2,132.4,-0.628
T12420_2,303.6,0.445
T12275_1,356.8,0.655
T12298_2,306.5,0.52
T3825_2,312.0,0.053
T12469_2,177.6,-0.357
T3808_1,309.8,0.243
T3790_1,54.8,0.45
T12477_2,197.5,-0.179
T12388_2,213.3,-0.651
T4121_1,161.4,-0.241
L422_2,349.8,0.367
T12390_2,213.9,-0.623
T12450_1,166.5,-0.373
T12388_1,203.7,-0.703
T12390_1,191.4,-0.761
T15830_1,16.3,0.159
T15830_2,0.3,0.15
L423_1,40.4,0.296
T12469_1,167.1,-0.357
T3806_2,211.3,-0.015
T12417_1,44.0,0.1
T12417_2,342.2,0.118
T12433_2,278.0,0.108
T3796_1,56.0,0.391
T17546_2,254.3,-0.107
T12464_2,30.0,0.221
T15976_2,292.7,0.274
T15023_1,69.4,0.16
T12386_1,139.9,-0.729
T12448_2,183.7,-0.263
T12431_2,176.0,-0.425
L423_2,273.7,0.007
T3806_1,357.0,0.448
T12453_1,150.2,-0.334
T12457_1,319.2,0.465
L420_2,211.3,-0.22
T12461_2,193.9,-0.303
T12461_1,173.4,-0.13
T3793_2,155.9,-0.516
T12466_1,6.3,0.259
T3796_2,176.5,-0.905
T12432_2,240.4,-0.283
T12310_1,341.7,0.21
T3808_2,213.8,-0.089
T12386_2,135.3,-0.673
T3789_2,90.6,-0.005
T15023_2,253.8,-0.085
T12310_2,324.4,0.217
L424_1,3.1,0.193
T12275_2,307.5,0.312
T12394_2,178.9,-0.908
T3826_2,174.3,-0.084
T12394_1,162.5,-0.888
T17016_1,79.7,0.085
T12462_1,169.5,-0.112
T12473_2,265.0,-0.01
T12378_2,327.5,0.532
T12420_1,216.3,-0.489
T3809_1,352.2,0.057
T12378_1,338.5,0.82
T12445_2,302.1,0.039
T14856_2,283.3,0.056
L424_2,84.5,0.003
T17546_1,176.9,-0.463
T15976_1,168.6,-0.474
T12466_2,202.5,-0.242
T12472_1,177.3,-0.268
T15100_2,132.8,-0.471
T12457_2,255.4,-0.202
T12456_1,169.6,-0.394
T3853_1,224.7,-0.465
T12445_1,148.7,-0.235
T12452_2,166.7,-0.337
T12479_2,274.3,0.007
T12393_2,245.9,-0.234
T12467_2,305.0,0.382
T12494_1,89.9,0.0
T15098_2,337.9,0.721
T3792_1,61.1,0.269
T3792_2,333.1,0.757
T3791_1,315.1,0.07
T3825_1,174.6,-0.102
T12383_1,106.5,-0.222
T3795_2,190.0,-0.544
T15024_2,292.2,0.133
T3812_2,357.3,0.388
T3812_1,189.4,-0.502
T3815_1,1.1,0.192
T3795_1,164.3,-0.589
T12481_1,51.0,0.142
T12467_1,208.8,-0.521
T12393_1,175.7,-0.818
T12497_1,113.0,-0.014
T12479_1,168.1,-0.422
T12475_1,329.3,0.636
T12451_2,192.1,-0.596
T3811_2,247.0,-0.19
L421_1,182.6,-0.214
T15024_1,85.7,0.036
T3900_1,81.6,0.136
T12495_1,156.4,-0.187
T3790_2,76.5,0.164
T15926_2,311.3,0.133
T3814_1,49.6,0.219
L422_3,182.1,-0.305
T3811_1,190.7,-0.369
T3833_2,9.8,0.159
T12464_1,39.8,0.061
T12426_2,215.4,-0.609
T12405_1,162.5,-0.827
T12504_2,217.6,-0.141
T3813_1,89.7,0.001
T12484_2,195.1,-0.374
T12484_1,161.2,-0.391
L423_3,191.3,-0.213
T3803_1,289.9,0.271
T12405_2,164.6,-0.839
T12497_2,160.3,-0.067
T15297_1,9.5,0.574
T12480_2,298.1,0.253
T12476_1,304.7,0.537
T14856_1,140.3,-0.107
T15297_2,274.0,0.046
L425_3,54.5,0.018
T12504_1,115.6,-0.038
T12491_2,294.4,0.256
T3816_2,213.5,-0.043
T3791_2,224.4,-0.149
T15098_1,118.6,-0.317
L425_2,56.7,0.009
T3809_2,194.9,-0.134
T12465_1,158.7,-0.706
T12505_1,182.2,-0.551
T12415_2,205.2,-0.799
T12415_1,160.1,-0.834
T12488_2,191.7,-0.2
T12488_1,181.7,-0.282
T12465_2,190.4,-0.587
T3814_2,226.6,-0.166
T12512_1,75.7,0.011
T12460_2,221.5,-0.268
T12460_1,183.0,-0.234
T12451_1,124.9,-0.321
L424_3,181.9,-0.578
T14919_2,267.9,-0.022
T12500_2,351.3,0.125
T14954_2,257.4,-0.106
T12480_1,241.4,-0.276
T12474_1,284.1,0.196
T12520_1,61.4,0.09
T3900_2,205.0,-0.83
L426_1,316.6,0.025
T12501_2,199.0,-0.206
T12410_1,340.0,0.636
L427_2,214.9,-0.035
T12494_2,269.6,-0.0
T3824_2,319.9,0.276
T12512_2,211.4,-0.063
T16044_1,42.8,0.56
T12516_2,333.6,0.39
L428_1,323.4,0.013
T3833_1,178.7,-0.279
T12500_1,195.7,-0.028
T12491_1,161.8,-0.359
T12455_1,71.9,0.294
T12455_2,189.1,-0.827
T17030_2,282.4,0.149
T12486_2,287.4,0.175
T12519_2,13.6,0.179
T3819_1,347.6,0.18
T3803_2,290.7,0.279
T3817_2,203.8,-0.032
T3817_1,193.1,-0.097
T17030_1,55.2,0.425
T12481_2,205.7,-0.316
T12426_1,180.7,-0.798
T14954_1,166.6,-0.476
T17524_1,25.6,0.068
T17524_2,294.8,0.089
T12413_2,166.9,-0.148
T12516_1,247.2,-0.182
T12483_2,51.1,0.514
T12495_2,303.9,0.015
L427_1,96.4,-0.044
T3815_2,171.3,-0.204
T12475_2,296.8,0.262
T14922_2,308.8,0.529
T12482_2,246.0,-0.277
T15025_2,243.9,-0.175
T12447_2,71.8,0.283
T12507_1,11.8,0.399
T12233_2,310.6,0.11
T16044_2,132.2,-0.054
T12520_2,198.8,-0.421
T3813_2,195.0,-0.079
T15926_1,137.2,-0.305
T12474_2,240.4,-0.38
T12410_2,317.5,0.549
T15025_1,72.1,0.058
L429_1,223.6,-0.014
T3872_2,167.7,-0.392
T12498_2,174.5,-0.503
T12498_1,177.7,-0.292
T12476_2,290.0,0.302
T12482_1,241.4,-0.267
T12447_1,90.3,-0.005
T12519_1,150.6,-0.052
T3872_1,161.0,-0.63
T3822_2,305.3,0.148
T12523_1,320.6,0.255
T12413_1,143.2,-0.153
T15298_1,300.4,0.278
L430_1,55.1,0.067
L425_1,133.3,-0.036
L430_2,148.8,-0.011
T12458_1,147.1,-0.717
T3899_1,113.5,-0.318
T12527_1,82.0,0.004
T12534_2,344.6,0.392
T12493_2,161.2,-0.088
T12493_1,208.1,-0.088
T14919_1,154.8,-0.565
T12505_2,182.7,-0.381
T3819_2,198.8,-0.177
T12458_2,156.8,-0.753
T12442_1,15.8,0.72
T3824_1,165.1,-0.127
T12507_2,249.0,-0.069
T3780_1,99.6,-0.021
T12501_1,145.7,-0.471
T3816_1,175.9,-0.509
T12523_2,283.1,0.059
T12514_2,86.8,0.005
T12514_1,62.4,0.05
T3823_1,45.2,0.221
T15112_2,280.4,0.136
T12522_2,285.3,0.064
T12486_1,250.3,-0.267
T17569_2,287.2,0.199
T12444_2,181.4,-0.808
T3780_2,250.4,-0.073
T12444_1,172.8,-0.799
T12513_2,194.1,-0.232
T12513_1,166.0,-0.231
T12508_2,295.1,0.334
T12508_1,337.8,0.573
L426_2,79.3,0.013
T3830_1,202.1,-0.21
T12442_2,320.1,0.592
T12470_1,95.1,-0.064
T12470_2,109.4,-0.271
T12485_1,341.9,0.734
T17569_1,174.6,-0.747
T14857_2,246.9,-0.047
T3831_2,223.1,-0.12
T3832_2,194.6,-0.33
L428_2,188.5,-0.112
T12483_1,79.6,0.125
T14922_1,164.6,-0.815
T3831_1,210.5,-0.129
T3822_1,161.0,-0.319
T3899_2,208.2,-0.834
L429_2,315.8,0.102
T15112_1,131.2,-0.266
T3821_2,337.2,0.164
T12540_2,257.3,-0.034
T3843_2,252.8,-0.044
T3843_1,221.6,-0.131
T12233_1,119.3,-0.08
T15965_1,306.4,0.171
T15965_2,281.4,0.064
T12527_2,130.8,-0.017
T12524_2,200.1,-0.502
T15298_2,256.0,-0.113
T12524_1,173.6,-0.531
T3804_1,339.9,0.508
T12369_2,311.8,0.437
T12478_2,353.4,0.598
T17028_1,45.8,0.48
T12478_1,48.0,0.479
T3804_2,305.8,0.433
T3823_2,220.4,-0.15
T12540_1,224.8,-0.059
T12529_2,253.0,-0.034
T12489_2,242.7,-0.213
T12522_1,16.3,0.069
T12489_1,149.2,-0.534
L430_3,202.9,-0.322
T3830_2,181.1,-0.384
T3832_1,261.9,-0.026
T12534_1,175.5,-0.345
T12526_2,288.6,0.137
T3949_1,125.4,-0.321
T17568_2,259.9,-0.134
T12485_2,319.4,0.513
T17568_1,147.9,-0.707
T14857_1,168.0,-0.093
T12496_2,354.6,0.309
T15973_1,340.5,0.324
T12529_1,34.8,0.132
T3797_1,346.9,0.681
T12487_2,249.7,-0.297
T12526_1,256.3,-0.092
T3810_2,351.0,0.771
T12537_1,68.4,0.04
T12487_1,224.4,-0.478
T15973_2,282.5,0.068
T14929_2,304.6,0.258
T12541_1,310.9,0.102
T12544_2,314.4,0.294
T12369_1,356.2,0.741
T15970_2,278.9,0.114
T12511_1,295.0,0.289
T12548_1,336.5,0.196
T15974_1,308.7,0.379
T12518_1,336.1,0.158
T17567_2,277.9,0.102
T12536_2,259.6,-0.023
T3949_2,163.7,-0.483
T12554_1,172.7,-0.199
T12536_1,200.0,-0.272
T3839_2,253.4,-0.055
T3839_1,256.2,-0.017
T15975_2,344.2,0.315
T3821_1,175.7,-0.378
T17028_2,260.3,-0.137
T12539_2,288.3,0.18
T3709_1,65.5,0.084
T3709_2,294.2,0.049
T3902_2,233.9,-0.192
T12492_2,143.6,-0.72
T4120_2,306.0,0.159
T14929_1,188.3,-0.581
T12530_2,223.3,-0.444
T3797_2,258.1,-0.161
T15970_1,130.5,-0.543
T12518_2,231.6,-0.286
T17541_1,323.9,0.463
T15975_1,120.8,-0.204
T12496_1,116.0,-0.178
T12499_1,322.4,0.566
T15156_2,338.2,0.645
T14965_2,316.4,0.493
T3898_1,116.7,-0.433
T3898_2,196.3,-0.867
T12502_1,329.7,0.597
T3838_1,65.2,0.203
T12506_2,117.4,-0.334
T3856_1,119.9,-0.249
T12530_1,111.9,-0.243
T3902_1,72.1,0.052
T12564_1,244.3,-0.13
T12544_1,157.9,-0.586
T12541_2,329.8,0.114
T15022_1,35.0,0.182
T15022_2,258.7,-0.102
T12533_2,35.4,0.121
T12533_1,9.3,0.517
T12499_2,297.5,0.316
T3897_2,232.6,-0.545
T3844_2,242.8,-0.047
T3842_1,294.4,0.069
T3897_1,128.2,-0.545
T3844_1,72.1,0.007
T12563_2,265.7,-0.021
T12545_1,14.4,0.163
T12511_2,233.3,-0.498
T12572_2,20.5,0.071
T12502_2,266.7,-0.038
T4120_1,173.7,-0.288
T15925_2,281.3,0.094
T15925_1,149.1,-0.19
T12525_1,175.7,-0.04
T3810_1,208.6,-0.726
T12490_1,121.6,-0.455
L431_1,75.0,0.021
T12537_2,89.9,0.0
T12490_2,139.2,-0.548
T15156_1,111.4,-0.215
T3837_2,73.4,0.201
T12492_1,144.7,-0.728
T12521_1,46.0,0.456
T12510_2,326.8,0.631
T14930_2,264.1,-0.089
T14930_1,178.4,-0.677
T12563_1,204.6,-0.326
T12521_2,318.2,0.582
T12506_1,100.0,-0.106
T3838_2,95.2,-0.043
T3798_2,299.2,0.112
T12552_1,314.9,0.226
T12539_1,280.7,0.131
T12554_2,193.4,-0.351
T12558_2,211.6,-0.245
T12558_1,152.1,-0.206
T3840_2,346.1,0.388
T3798_1,334.6,0.039
T12548_2,175.1,-0.305
T12570_1,172.6,-0.205
T3842_2,238.5,-0.166
T12557_2,224.7,-0.05
T12557_1,113.1,-0.02
T17567_1,204.5,-0.793
T12525_2,262.2,-0.063
T3856_2,152.2,-0.525
T12542_2,284.2,0.192
T12550_1,125.2,-0.179
T3834_2,305.8,0.468
T3841_1,81.1,0.086
T12584_2,206.1,-0.089
T12584_1,217.8,-0.068
T12564_2,208.3,-0.339
T12542_1,289.2,0.269
T12550_2,162.0,-0.447
T3841_2,256.0,-0.07
T3840_1,250.8,-0.022
T12591_2,195.6,-0.225
T12591_1,148.8,-0.311
L432_1,227.5,-0.052
T14855_1,81.0,0.015
T14855_2,267.6,-0.003
T3858_2,214.2,-0.371
T14965_1,127.0,-0.472
T16043_2,141.8,-0.119
T16043_1,85.0,0.028
T12556_2,288.6,0.238
T3807_1,336.2,0.148
T17541_2,196.6,-0.751
T12578_1,86.9,0.012
T3848_2,322.5,0.186
T12578_2,119.2,-0.341
T12510_1,358.8,0.508
T15021_1,0.9,0.216
T12223_2,291.4,0.057
T12223_1,355.1,0.056
T3807_2,219.4,-0.21
T12571_2,13.8,0.112
T14859_2,287.9,0.065
T12556_1,272.8,0.021
T3757_2,321.3,0.194
T12532_1,326.7,0.627
T12528_2,301.5,0.387
T12528_1,38.0,0.318
L433_1,235.5,-0.007
T12568_1,92.4,-0.005
AC227_3,156.3,-0.032
T12572_1,183.9,-0.248
T3835_1,306.9,0.126
AC224_4,190.0,-0.083
T12551_1,7.6,0.222
T15111_2,229.2,-0.225
T15111_1,136.2,-0.27
T3834_1,188.9,-0.31
T12571_1,174.3,-0.14
T12531_1,174.2,-0.039
T3857_2,343.7,0.334
T12545_2,227.7,-0.161
T12531_2,288.7,0.202
T12573_2,328.2,0.359
T15020_2,234.1,-0.287
T15020_1,119.7,-0.088
L431_2,155.2,-0.391
T12570_2,206.9,-0.172
T12517_1,166.2,-0.788
T3837_1,107.8,-0.228
T12517_2,180.0,-0.886
T12608_1,84.5,0.036
T3858_1,251.1,-0.129
T12566_1,310.8,0.139
T12608_2,191.6,-0.369
T12552_2,307.9,0.129
T12555_2,290.3,0.299
T12555_1,299.4,0.41
T12574_2,285.8,0.166
T12610_2,333.5,0.358
T12582_2,233.5,-0.074
T12582_1,217.5,-0.197
T12568_2,107.6,-0.034
T3828_2,75.2,0.194
T12535_1,52.2,0.163
T14859_1,191.2,-0.115
L432_2,344.9,0.111
T12565_1,75.9,0.16
T12532_2,309.9,0.406
T16039_2,169.7,-0.149
T12562_1,63.2,0.234
T12575_2,167.4,-0.48
T3884_2,217.0,-0.679
T12535_2,287.6,0.075
T3884_1,189.6,-0.852
T12616_2,277.8,0.037
T12565_2,93.2,-0.03
T3845_1,221.9,-0.446
T12575_1,128.7,-0.231
T12566_2,146.7,-0.389
T3845_2,278.4,0.11
T3848_1,278.5,0.014
T15021_2,218.1,-0.3
T12503_2,311.5,0.425
T12576_1,288.5,0.169
T15972_2,293.0,0.211
T15972_1,87.3,0.017
T16039_1,141.5,-0.272
AC227_1,221.0,-0.551
T15979_2,293.4,0.266
L434_2,302.6,0.019
T3860_2,325.1,0.446
T15971_1,12.5,0.202
T15971_2,261.9,-0.092
AC224_2,265.3,-0.048
T12561_1,103.9,-0.205
T3757_1,129.2,-0.195
T14963_2,306.0,0.328
T15979_1,126.4,-0.486
T14963_1,142.5,-0.507
L433_2,202.1,-0.201
T3835_2,81.5,0.004
T3860_1,0.9,0.36
T12551_2,192.1,-0.469
T12580_1,22.0,0.225
T12580_2,212.8,-0.143
AC222_2,286.2,0.01
T12592_2,183.5,-0.826
T12592_1,103.9,-0.196
T12538_2,323.1,0.475
L435_1,228.0,-0.021
T12569_2,245.4,-0.165
T12626_1,14.5,0.28
T3857_1,174.6,-0.171
T12546_2,282.4,0.152
T12577_2,282.9,0.075
T12573_1,188.5,-0.349
T3875_1,342.7,0.189
T12546_1,251.1,-0.129
T12569_1,90.5,-0.006
T3855_1,75.7,0.139
T3859_1,114.0,-0.082
T15977_2,310.1,0.225
T14964_2,296.3,0.278
T3877_1,355.1,0.234
T3876_1,315.8,0.197
L437_2,18.5,0.401
T12509_1,333.4,0.519
T12605_2,333.0,0.607
T12561_2,127.1,-0.516
T12538_1,350.5,0.541
L436_2,335.8,0.112
L436_3,332.2,0.17
L438_4,5.3,0.245
T12594_1,356.8,0.17
T12594_2,321.4,0.008
T3854_1,73.3,0.249
T3828_1,92.0,-0.023
T12585_2,298.5,0.146
T14964_1,163.6,-0.35
T12618_2,255.8,-0.031
T12618_1,271.9,0.005
AC224_3,352.6,0.068
T12509_2,301.9,0.287
T12585_1,131.2,-0.289
T12574_1,265.7,-0.047
T12562_2,117.2,-0.254
T3859_2,219.5,-0.158
T12628_2,283.5,0.011
T15977_1,108.5,-0.25
T12611_2,351.5,0.855
T3854_2,123.1,-0.463
T12553_2,109.6,-0.196
T12616_1,191.5,-0.411
T12610_1,203.7,-0.227
T14928_2,287.6,0.242
T12577_1,250.8,-0.182
L437_3,21.1,0.113
L438_1,26.0,0.492
T12576_2,243.8,-0.321
L437_4,292.2,0.103
T12605_1,163.2,-0.618
T12611_1,153.9,-0.318
L438_2,188.8,-0.11
T12543_1,22.7,0.368
T15150_2,319.2,0.317
T3851_1,0.7,0.689
T15150_1,102.2,-0.113
T12515_2,305.5,0.268
T12588_2,276.8,0.077
T12515_1,144.2,-0.321
T12595_2,271.1,0.014
T12595_1,8.3,0.493
T12617_1,246.0,-0.041
T12617_2,244.6,-0.116
AC224_1,351.6,0.662
T12619_1,339.7,0.593
T3870_2,231.4,-0.361
T14967_2,291.2,0.108
T14928_1,169.1,-0.608
AC227_2,300.0,0.098
T12503_1,240.1,-0.358
T3851_2,285.7,0.039
T14967_1,147.5,-0.307
T3855_2,191.7,-0.632
T12621_1,24.8,0.387
T12590_1,108.0,-0.179
T3852_1,163.0,-0.516
T3852_2,224.9,-0.375
T12645_2,175.9,-0.182
T12581_1,100.1,-0.129
L434_1,131.9,-0.173
T12607_1,18.4,0.825
T12607_2,258.1,-0.143
T15969_1,307.0,0.395
T3799_1,298.9,0.022
T3876_2,168.2,-0.293
T3836_2,304.0,0.17
T3799_2,303.3,0.063
T15832_2,322.6,0.041
T3836_1,87.3,0.015
T12619_2,191.0,-0.406
T3896_1,99.8,-0.147
T12590_2,239.4,-0.292
T3870_1,120.8,-0.432
T3787_1,72.3,0.039
T3885_1,14.2,0.139
T3871_1,162.0,-0.628
T12543_2,287.8,0.117
T3871_2,231.0,-0.54
T3886_2,323.1,0.354
T12602_1,118.2,-0.341
T12579_1,66.3,0.059
T12579_2,341.3,0.138
L435_2,178.0,-0.16
T12626_2,177.8,-0.36
T12632_2,344.1,0.702
T15924_1,93.4,-0.012
T3877_2,220.6,-0.251
T12628_1,199.6,-0.331
T3896_2,208.5,-0.799
T12635_2,307.9,0.31
T3875_2,189.5,-0.117
L436_1,193.9,-0.213
T12635_1,157.8,-0.408
T12586_1,79.0,0.18
T12640_1,65.3,0.075
T12640_2,171.7,-0.232
L439_1,48.5,0.228
T12604_1,128.2,-0.364
T12604_2,212.6,-0.472
T12553_1,134.0,-0.382
L439_2,32.5,0.054
T15110_1,164.5,-0.315
T12549_2,278.2,0.038
T12549_1,68.7,0.1
T3901_2,295.9,0.08
T15110_2,288.5,0.198
T17218_1,319.8,0.065
T14960_2,223.9,-0.099
L437_1,142.9,-0.16
T12598_2,339.2,0.635
T12598_1,356.1,0.377
T3901_1,151.4,-0.261
T12656_2,250.2,-0.131
T12656_1,114.8,-0.071
T3861_1,0.8,0.505
T12602_2,144.7,-0.51
T12560_2,225.7,-0.657
T3864_2,91.1,-0.012
T3862_2,310.6,0.365
T3805_2,318.4,0.54
T3805_1,16.5,0.614
T12621_2,169.7,-0.74
T12589_1,170.9,-0.604
T3787_2,288.6,0.064
T12560_1,186.0,-0.931
T12667_2,223.4,-0.08
T12667_1,42.7,0.09
L438_3,189.1,-0.322
T12666_2,108.8,-0.021
L440_2,182.8,-0.152
T3862_1,199.2,-0.216
T3861_2,289.6,0.23
T12632_1,167.4,-0.631
T12581_2,120.7,-0.347
T3827_1,333.6,0.541
T12588_1,260.0,-0.121
T12654_2,286.2,0.034
T15924_2,244.9,-0.213
T12586_2,124.8,-0.533
T3885_2,202.8,-0.255
T3864_1,114.7,-0.202
T12613_1,132.5,-0.479
L441_2,283.0,0.022
T12559_1,31.5,0.637
T12559_2,352.8,0.722
T12622_2,356.7,0.785
T15955_1,19.2,0.771
T15832_1,318.8,0.028
T15955_2,235.9,-0.444
T15969_2,195.5,-0.582
T12589_2,173.2,-0.602
T12613_2,162.4,-0.696
T12645_1,145.7,-0.183
T12644_2,223.7,-0.2
T12649_1,301.9,0.025
L440_1,39.5,0.23
T3886_1,145.2,-0.254
T12644_1,157.1,-0.719
T14960_1,123.3,-0.376
T3985_2,274.5,0.008
T12609_1,243.0,-0.021
T12609_2,277.5,0.006
T4019_1,103.8,-0.06
T12547_1,330.5,0.393
T12547_2,325.1,0.46
T12634_1,185.3,-0.588
T3986_2,323.6,0.191
L440_3,274.7,0.009
T12627_2,243.6,-0.112
T12627_1,157.4,-0.518
T12599_2,344.3,0.674
T12599_1,16.4,0.582
T14958_2,285.4,0.043
L442_1,155.4,-0.141
T12634_2,277.5,0.101
T12587_1,328.5,0.633
T12643_2,326.5,0.511
AC222_3,311.6,0.186
L443_2,26.1,0.067
T12596_1,161.2,-0.716
T12631_1,122.6,-0.423
L443_1,37.0,0.063
T12601_1,261.6,-0.115
T4019_2,225.5,-0.115
T17218_2,249.1,-0.027
T3873_2,305.0,0.385
L439_3,207.8,-0.111
T12654_1,161.8,-0.203
T12647_2,225.4,-0.238
T12603_1,130.0,-0.585
T12647_1,307.9,0.042
T12629_1,147.0,-0.427
T12629_2,272.2,0.013
T12596_2,244.3,-0.332
T12603_2,180.3,-0.789
T12642_2,51.7,0.415
T14958_1,130.6,-0.448
T15444_2,101.7,-0.119
T12606_2,235.5,-0.464
T12614_2,229.2,-0.38
T15448_2,332.2,0.768
T15448_1,94.8,-0.075
T3865_1,106.7,-0.259
T12583_2,185.1,-0.895
T12666_1,29.1,0.026
T12641_2,265.5,-0.043
T12659_2,25.6,0.229
T12614_1,149.4,-0.603
T3846_1,68.1,0.253
T3846_2,8.9,0.702
T12583_1,182.9,-0.863
T12662_2,224.8,-0.054
T3827_2,290.2,0.224
T15109_2,278.8,0.078
T12643_1,287.4,0.062
T12663_2,294.9,0.178
T12659_1,208.8,-0.23
T12622_1,13.0,0.665
T12567_2,53.9,0.341
T12641_1,198.9,-0.417
T12650_2,340.8,0.816
T12653_2,347.0,0.447
T12636_2,97.5,-0.06
L441_1,225.3,-0.27
T12662_1,156.2,-0.501
T12649_2,232.1,-0.062
L444_1,135.7,-0.098
T3931_2,300.7,0.152
T12606_1,237.2,-0.465
T12639_2,345.8,0.629
T12639_1,39.3,0.415
T12642_1,119.6,-0.4
T3906_2,79.9,0.033
T12623_2,173.0,-0.589
T12638_1,1.2,0.634
T3873_1,263.3,-0.057
T3904_1,95.3,-0.085
T3850_2,6.8,0.064
T12657_2,245.4,-0.088
T12587_2,259.1,-0.141
T12671_1,356.7,0.241
T12657_1,57.1,0.026
T12623_1,134.9,-0.426
T12658_2,305.3,0.073
T12636_1,95.6,-0.038
T12684_1,1.5,0.067
L445_1,284.0,0.006
T3906_1,71.0,0.106
T15444_1,129.6,-0.49
T3932_1,25.8,0.48
T12653_1,147.4,-0.402
T3985_1,198.8,-0.237
T3850_1,9.4,0.165
T12650_1,302.6,0.314
T3986_1,167.4,-0.141
T15109_1,141.7,-0.19
T3904_2,158.8,-0.764
T12567_1,79.1,0.113
T12612_1,83.2,0.085
L442_2,172.1,-0.089
T12597_2,320.0,0.674
T12597_1,353.3,0.876
T12600_2,208.1,-0.85
T12631_2,136.8,-0.583
T12658_1,184.3,-0.132
T3847_1,109.2,-0.159
T3847_2,356.0,0.45
T12600_1,198.5,-0.82
T12601_2,207.8,-0.293
T3934_2,7.3,0.183
T14957_2,206.6,-0.123
T12691_1,46.5,0.154
T12637_2,213.8,-0.181
T12668_1,100.5,-0.04
T3887_2,337.7,0.821
T3887_1,330.1,0.751
T3883_2,224.9,-0.607
T12593_1,327.4,0.735
T12680_2,221.7,-0.211
T12680_1,38.7,0.195
T3911_2,116.6,-0.147
L446_1,23.5,0.154
T3930_1,332.3,0.538
T15019_2,221.3,-0.253
T3865_2,160.5,-0.687
L446_2,234.8,-0.012
T15449_1,118.4,-0.29
T15449_2,337.1,0.637
T12637_1,140.9,-0.616
T14957_1,180.9,-0.469
T3829_1,94.7,-0.05
T3829_2,334.1,0.477
T12663_1,219.9,-0.26
T15446_1,122.7,-0.229
T15447_2,351.5,0.421
T12681_2,315.8,0.427
T12593_2,310.8,0.592
T15445_1,15.4,0.649
T12612_2,155.6,-0.687
T15019_1,38.4,0.203
T15451_2,78.6,0.143
T3883_1,192.1,-0.776
T3930_2,200.9,-0.586
T12624_1,180.4,-0.732
T12676_1,350.6,0.201
T3931_1,199.2,-0.351
L444_2,234.1,-0.23
T15447_1,105.6,-0.206
T12638_2,320.4,0.423
T3878_1,96.6,-0.044
T12671_2,299.5,0.062
T3878_2,276.9,0.006
T12633_1,295.0,0.208
L447_2,294.5,0.08
T3933_1,358.9,0.367
T12624_2,230.5,-0.508
T12633_2,261.1,-0.114
T15155_2,313.7,0.229
T3874_1,4.2,0.285
T12646_2,216.4,-0.262
T3909_1,136.0,-0.604
T3909_2,228.5,-0.567
T15923_1,87.5,0.011
T15923_2,255.9,-0.074
T15155_1,91.9,-0.021
T3889_2,205.0,-0.571
T3889_1,77.6,0.118
T12684_2,233.3,-0.265
L445_2,267.8,-0.004
L447_1,143.4,-0.166
T3932_2,202.7,-0.364
T12668_2,112.0,-0.075
L447_3,215.5,-0.159
T12648_2,272.3,0.036
T12648_1,13.3,0.558
AC223_2,168.9,-0.05
T15446_2,114.4,-0.175
T12665_2,277.0,0.108
T3984_2,257.8,-0.045
T15450_2,39.4,0.486
T12655_2,334.4,0.129
T3983_2,311.9,0.085
T12651_2,272.1,0.029
T12630_2,297.1,0.05
T3874_2,274.4,0.025
T12625_1,357.2,0.668
T3984_1,184.2,-0.06
T15018_2,265.1,-0.056
T15018_1,53.5,0.339
T12669_1,16.1,0.446
L446_3,248.8,-0.119
T12691_2,212.8,-0.102
T12646_1,154.4,-0.653
T3911_1,65.2,0.171
T12670_1,353.4,0.726
T15962_2,276.4,0.092
T12669_2,325.0,0.451
T15108_2,306.0,0.337
T3934_1,190.3,-0.198
AC222_1,276.9,0.003
T12681_1,138.1,-0.362
T3908_1,46.9,0.076
T12620_2,294.8,0.257
T12620_1,351.4,0.546
T15962_1,354.1,0.739
T14961_2,13.7,0.648
T14966_2,294.4,0.167
T3882_1,310.9,0.28
T3882_2,319.1,0.415
T12688_2,103.4,-0.028
T12682_1,119.8,-0.414
T12670_2,257.9,-0.192
T16317_1,357.4,0.45
T3888_2,287.9,0.26
T17844_2,335.7,0.715
T3888_1,337.5,0.654
T12683_2,275.6,0.08
AC223_1,256.2,-0.104
T15445_2,135.1,-0.481
T15451_1,113.3,-0.328
T12676_2,229.4,-0.111
T3933_2,209.6,-0.214
T12688_1,172.6,-0.484
T3849_2,238.1,-0.053
L448_2,143.7,-0.142
T12625_2,308.4,0.392
T17844_1,270.4,0.006
T3849_1,343.5,0.218
T15532_2,255.4,-0.037
T14961_1,265.0,-0.023
T12651_1,259.9,-0.115
T15113_2,283.7,0.094
L449_2,90.2,-0.0
L449_1,345.2,0.067
T12683_1,182.5,-0.697
T14962_1,310.4,0.105
T12677_1,300.6,0.298
T14962_2,294.5,0.099
T12665_1,266.4,-0.059
T3983_1,208.7,-0.12
T12682_2,156.7,-0.748
T16316_2,348.0,0.223
T12693_2,251.8,-0.058
T15450_1,137.9,-0.467
T12655_1,123.6,-0.139
T12686_1,155.8,-0.604
T12630_1,176.4,-0.098
T12677_2,327.5,0.564
T12686_2,171.8,-0.732
T16317_2,199.6,-0.275
T12690_1,90.5,-0.004
T3908_2,213.3,-0.211
L451_4,288.9,0.14
T15922_2,268.4,-0.006
L448_1,5.6,0.098
T14941_2,317.7,0.641
T14966_1,169.6,-0.599
T12679_2,347.0,0.553
T12673_1,354.9,0.732
T12700_2,332.7,0.321
T12673_2,300.3,0.368
T15108_1,160.4,-0.446
T15922_1,94.1,-0.012
T12696_1,311.6,0.615
T14956_2,350.3,0.414
T15961_1,335.8,0.543
T12679_1,336.5,0.383
T12678_1,283.3,0.194
T17833_2,300.8,0.438
T17833_1,341.5,0.744
T12615_2,296.1,0.328
L450_3,305.7,0.335
L450_2,251.8,-0.054
T12698_2,298.8,0.403
T12674_1,333.3,0.619
T12698_1,39.8,0.69
T14941_1,27.7,0.436
T15113_1,189.3,-0.585
T12704_1,57.4,0.132
T15978_2,278.4,0.109
L451_1,103.2,-0.174
L451_2,174.0,-0.093
T12716_2,306.4,0.175
AC223_3,201.8,-0.074
T12693_1,176.7,-0.232
T15978_1,178.6,-0.25
T12685_2,333.8,0.579
T12685_1,17.3,0.805
T16046_2,269.1,-0.008
T17842_1,325.5,0.638
T16046_1,94.7,-0.028
T12694_1,316.2,0.339
T15532_1,143.4,-0.191
T12704_2,295.3,0.076
T16313_2,323.1,0.209
T12674_2,312.2,0.449
L449_3,198.1,-0.25
T16047_2,280.9,0.124
T12700_1,169.7,-0.265
L452_1,68.8,0.202
T16047_1,113.2,-0.133
T17841_1,25.1,0.822
T12687_2,24.8,0.854
T12696_2,269.0,-0.01
T12692_2,124.6,-0.085
T12692_1,112.5,-0.039
L451_3,218.1,-0.763
T12705_2,8.5,0.141
T12660_1,43.4,0.149
T3907_1,88.0,0.025
T3907_2,226.3,-0.625
T17841_2,283.0,0.198
T12652_2,270.6,0.003
T12675_1,289.5,0.157
T12652_1,298.7,0.142
L452_2,240.8,-0.043
T15964_2,236.1,-0.311
T15964_1,196.4,-0.319
T12732_2,356.0,0.361
T15015_1,31.2,0.304
T16316_1,199.5,-0.16
T3919_1,53.9,0.434
T3919_2,252.0,-0.188
T12703_2,286.6,0.184
T12703_1,35.2,0.539
T12705_1,63.6,0.103
T12664_2,327.9,0.47
T12664_1,9.8,0.416
T12695_1,30.7,0.49
T15154_2,293.3,0.116
L453_2,166.4,-0.027
L450_1,156.3,-0.855
T12690_2,132.8,-0.429
T12716_1,109.5,-0.038
T3915_1,281.0,0.132
T12687_1,40.2,0.672
L453_1,325.9,0.402
T17195_1,11.2,0.285
T14858_2,259.6,-0.021
T12678_2,195.6,-0.641
T15154_1,86.5,0.033
T12718_2,338.5,0.262
T12718_1,40.3,0.153
T12702_1,109.4,-0.199
T14959_2,293.5,0.132
T12732_1,65.4,0.2
T14956_1,157.5,-0.542
T14955_1,317.7,0.545
L452_3,212.8,-0.225
T15961_2,254.4,-0.162
T17195_2,238.1,-0.06
T12695_2,291.1,0.156
T14926_2,285.3,0.227
L454_3,274.1,0.058
T12615_1,279.2,0.123
L454_2,121.1,-0.136
T14858_1,137.3,-0.119
T16322_2,337.4,0.499
T17842_2,267.5,-0.038
T15015_2,223.3,-0.238
L460_3,329.4,0.612
T4124_2,244.7,-0.116
T12660_2,234.3,-0.088
T12675_2,253.4,-0.178
T12713_1,14.1,0.268
L455_2,162.4,-0.152
T3910_2,322.3,0.706
T12694_2,238.5,-0.304
T3920_1,4.6,0.372
T16313_1,192.9,-0.188
T14959_1,254.0,-0.071
T12711_1,2.8,0.223
L456_3,339.4,0.59
T17214_2,13.5,0.192
T12715_2,266.7,-0.007
T12715_1,101.1,-0.061
T14926_1,164.9,-0.559
T3920_2,4.1,0.27
L463_5,305.5,0.297
T12734_2,329.5,0.391
T12709_2,284.8,0.06
T12729_2,23.6,0.385
T12709_1,61.9,0.103
L456_4,275.3,0.061
T12702_2,145.3,-0.491
L456_2,328.5,0.043
T3913_1,7.5,0.408
T3913_2,337.6,0.461
T12711_2,219.8,-0.296
T3910_1,130.0,-0.352
T16323_2,246.2,-0.148
T14972_2,323.6,0.446
T3912_2,311.2,0.351
T12689_1,101.5,-0.099
T3915_2,260.0,-0.095
T12766_2,358.9,0.326
T4018_1,114.1,-0.068
L454_1,80.6,0.097
T16323_1,182.4,-0.392
T3863_1,14.4,0.566
L455_3,339.4,0.326
L457_2,277.8,0.034
T14969_1,0.8,0.412
T12672_2,353.7,0.616
T3921_1,126.4,-0.301
T12758_2,310.9,0.074
L458_2,180.0,-0.046
L457_3,230.0,-0.133
L458_1,23.7,0.196
T14969_2,270.9,0.009
T4018_2,231.2,-0.107
T3922_2,258.8,-0.089
T3922_1,156.3,-0.179
T12689_2,284.9,0.104
T12708_2,275.4,0.041
T12720_2,312.6,0.079
T12720_1,63.7,0.05
T17216_1,13.9,0.122
T16322_1,167.6,-0.707
T12737_2,215.6,-0.087
T12737_1,200.6,-0.091
T3921_2,240.2,-0.281
T14955_2,300.8,0.283
T12753_1,338.5,0.072
T3918_2,227.7,-0.556
T3912_1,159.7,-0.607
L459_3,334.4,0.415
L459_2,281.9,0.004
L460_2,92.7,-0.0
T12728_1,53.8,0.053
T3918_1,172.9,-0.36
T3863_2,322.2,0.432
T4124_1,140.5,-0.2
T12708_1,229.9,-0.322
T12740_2,105.0,-0.154
L455_1,44.2,0.14
T12755_2,153.8,-0.066
T12764_1,16.0,0.133
T12755_1,66.0,0.114
T12699_1,48.4,0.493
T12729_1,240.0,-0.246
T12734_1,136.5,-0.266
T3917_2,262.4,-0.1
T12699_2,62.8,0.312
T12672_1,54.8,0.132
T15149_1,27.8,0.296
T15147_1,253.2,-0.045
T12941_1,178.3,-0.584
T12728_2,210.8,-0.018
T12712_2,138.3,-0.541
T12712_1,138.2,-0.626
T12736_2,325.7,0.127
T12736_1,94.5,-0.01
T12747_2,252.5,-0.17
T12735_1,61.2,0.166
T12713_2,199.6,-0.064
T3996_2,250.1,-0.107
L463_6,234.7,-0.28
T12710_2,48.8,0.511
T15148_1,32.1,0.572
T12742_2,288.7,0.121
T3917_1,174.3,-0.619
T15149_2,263.8,-0.041
T17214_1,211.0,-0.189
T15148_2,249.3,-0.254
T12747_1,175.9,-0.565
T12766_1,154.1,-0.305
T12735_2,303.8,0.136
L456_1,150.3,-0.467
T12761_2,264.9,-0.012
T12741_1,120.4,-0.438
T12761_1,121.5,-0.057
T12780_2,149.5,-0.339
T12738_1,22.1,0.05
T12739_2,11.5,0.101
L463_4,212.1,-0.213
T12739_1,47.6,0.127
L462_1,105.2,-0.079
T12706_1,329.1,0.16
T12731_1,53.8,0.244
T12731_2,250.4,-0.13
T17215_1,345.2,0.052
T12780_1,95.7,-0.055
T12758_1,173.7,-0.233
T12710_1,57.1,0.431
T14970_2,301.1,0.288
T14972_1,212.7,-0.371
T12661_1,344.4,0.584
T3929_2,243.8,-0.16
T15123_2,262.4,-0.046
T12789_2,19.6,0.092
T14970_1,85.5,0.04
T12785_1,70.4,0.107
T12752_1,9.1,0.524
L457_1,124.5,-0.133
T12754_2,335.7,0.173
T12784_1,45.6,0.207
L461_2,15.3,0.024
T3996_1,180.8,-0.175
L458_3,223.8,-0.163
T12779_2,351.7,0.252
T12779_1,62.7,0.182
T12799_2,350.8,0.295
L462_2,262.3,-0.021
T12714_2,358.1,0.798
T17840_1,35.6,0.668
T17840_2,302.1,0.458
L463_3,222.4,-0.046
T12661_2,293.3,0.224
L463_1,76.4,0.118
T12753_2,169.6,-0.212
T12764_2,267.9,-0.003
T12721_1,107.0,-0.14
T12754_1,48.8,0.154
T12751_1,191.3,-0.164
T12751_2,212.3,-0.072
T17216_2,217.3,-0.151
L459_1,160.7,-0.463
T17211_2,335.4,0.055
T12773_2,276.3,0.007
T12773_1,15.1,0.302
T12721_2,163.6,-0.504
T12775_2,312.9,0.274
T12784_2,99.6,-0.015
T12794_1,117.6,-0.116
T12746_2,326.0,0.319
T12746_1,105.0,-0.097
T3927_1,17.4,0.144
T3927_2,337.4,0.424
T12769_1,143.4,-0.256
T12742_1,156.5,-0.59
T12769_2,4.5,0.398
T12794_2,201.0,-0.34
T12781_1,336.3,0.489
T12756_2,346.5,0.388
T17211_1,211.1,-0.354
T3925_1,94.7,-0.038
T3926_1,28.5,0.194
T14971_2,285.6,0.13
T12743_1,252.2,-0.182
T12743_2,231.3,-0.33
T14971_1,104.5,-0.118
L460_1,140.8,-0.589
T17215_2,268.2,-0.007
T12730_2,330.9,0.235
T12730_1,19.6,0.059
T12726_2,46.0,0.337
T12738_2,247.6,-0.118
T12740_1,101.9,-0.154
T15123_1,151.1,-0.568
L464_3,215.7,-0.353
L464_2,237.3,-0.084
L465_2,315.7,0.168
L470_3,304.6,0.331
T3923_1,10.4,0.177
T12785_2,242.1,-0.141
T12714_1,46.9,0.615
T14924_2,286.4,0.195
L463_2,206.6,-0.593
T14868_1,144.0,-0.2
T12748_2,293.0,0.283
T12752_2,216.6,-0.334
T12748_1,219.0,-0.349
T16318_1,281.7,0.021
T12756_1,111.7,-0.189
T14868_2,272.2,0.005
T3929_1,69.3,0.034
T12807_3,258.7,-0.067
T12750_2,197.0,-0.473
T12750_1,154.4,-0.471
T12707_2,225.3,-0.124
T12798_2,24.7,0.32
L466_2,64.3,0.005
T12707_1,31.2,0.184
T15921_2,267.0,-0.023
T12789_1,45.4,0.135
L467_1,79.4,0.01
L461_1,15.0,0.048
T12706_2,227.6,-0.335
T12763_1,9.7,0.141
L468_1,233.4,-0.139
T12725_2,236.7,-0.354
T12741_2,141.3,-0.635
T17213_1,23.5,0.345
T3965_2,273.7,0.007
L469_1,163.3,-0.01
T12772_2,339.1,0.644
T12772_1,120.4,-0.245
L470_2,246.3,-0.003
L471_1,97.8,-0.033
T15016_2,253.2,-0.078
T15876_2,356.1,0.093
T15016_1,46.3,0.284
T12725_1,219.8,-0.464
T12805_1,321.0,0.171
L471_2,48.4,0.012
T3923_2,209.7,-0.154
L462_3,238.9,-0.152
T12800_2,247.0,-0.116
T15873_2,50.8,0.132
T12797_1,355.6,0.444
L465_1,81.5,0.016
L477_1,86.2,0.027
T12777_2,2.5,0.397
T12775_1,155.1,-0.548
T12807_1,76.1,0.036
T12807_2,167.1,-0.211
L472_1,40.4,0.106
T12757_1,308.3,0.508
T15872_2,351.9,0.138
T12799_1,55.1,0.191
T15874_1,13.6,0.156
L472_2,37.9,0.023
T14924_1,166.6,-0.745
T15873_1,24.4,0.162
T12798_1,13.5,0.072
T12800_1,213.0,-0.136
T14927_2,316.3,0.555
T12829_2,283.6,0.108
T12817_1,40.4,0.112
L469_2,313.7,0.088
T12781_2,128.1,-0.018
T15146_2,235.4,-0.222
L473_3,58.3,0.074
T15146_1,43.2,0.479
T3926_2,156.7,-0.518
T17213_2,200.6,-0.288
T12774_2,233.6,-0.403
T12824_1,41.0,0.238
T12811_2,251.4,-0.071
T12726_1,126.2,-0.408
T12717_1,328.2,0.668
T12817_2,225.9,-0.111
T12821_2,24.9,0.592
T17217_2,3.8,0.4
T12821_1,16.6,0.574
L464_1,129.6,-0.224
L473_2,60.0,0.004
T12824_2,98.7,-0.026
T16318_2,238.2,-0.054
T12815_1,151.7,-0.342
T12745_2,13.5,0.057
T12745_1,43.9,0.243
T15872_1,3.5,0.063
T12815_2,229.2,-0.204
L468_2,202.6,-0.34
T12811_1,183.0,-0.365
L474_2,255.7,-0.006
T12774_1,131.2,-0.32
T12823_2,299.7,0.14
T12701_1,30.3,0.14
L467_2,193.1,-0.241
T12717_2,305.7,0.343
L473_1,86.7,0.008
T12763_2,203.3,-0.232
L471_3,216.6,-0.266
L475_2,315.1,0.041
L466_1,170.3,-0.253
T15921_1,252.6,-0.133
T12701_2,249.3,-0.051
T3950_1,70.4,0.069
T12823_1,107.4,-0.055
T12812_1,18.3,0.308
T3881_1,93.3,-0.011
T3881_2,80.0,0.023
T14927_1,172.9,-0.788
T12777_1,157.9,-0.15
T12757_2,270.2,0.003
T3965_1,177.9,-0.198
L476_1,288.1,0.004
L470_1,87.2,0.021
T3928_1,116.0,-0.18
T12797_2,16.7,0.207
L474_1,293.3,0.105
T15874_2,34.1,0.306
T12749_1,256.2,-0.147
T15876_1,185.1,-0.102
T12805_2,208.4,-0.274
T3950_2,235.7,-0.183
T3903_1,20.2,0.113
T3903_2,218.9,-0.19
L477_4,348.7,0.421
T12836_1,66.9,0.252
T12836_2,274.6,0.061
T12829_1,180.5,-0.42
T12816_1,11.0,0.369
T12770_2,354.1,0.456
T17217_1,249.5,-0.074
T12832_2,281.6,0.022
T15871_2,77.5,0.035
T3924_2,11.5,0.263
L472_3,207.4,-0.452
L477_3,321.7,0.124
T12803_1,165.6,-0.31
T12791_1,32.6,0.305
T12848_2,344.7,0.808
T3963_2,243.5,-0.14
T16812_1,147.0,-0.202
T12826_1,340.8,0.295
T3980_1,85.6,0.036
L475_1,136.6,-0.126
T12803_2,176.7,-0.514
T12812_2,215.3,-0.129
T12697_2,319.2,0.119
T12832_1,152.7,-0.411
T12796_2,283.9,0.063
T12796_1,53.5,0.231
T12838_2,8.8,0.246
L478_1,359.4,0.218
T12791_2,268.9,-0.003
T12848_1,139.1,-0.587
L478_2,145.8,-0.181
T12762_2,278.4,0.093
T12762_1,328.3,0.462
L479_2,284.8,0.026
L479_3,287.4,0.133
T4049_2,259.5,-0.048
T15152_1,48.0,0.388
T12786_2,54.1,0.382
T12849_1,316.4,0.161
T12722_2,221.7,-0.571
L480_2,202.8,-0.122
T17208_1,13.5,0.777
T12760_2,326.4,0.651
T12760_1,325.6,0.452
T12839_1,96.2,-0.065
T3961_2,265.1,-0.026
T12816_2,197.5,-0.363
T12851_1,118.9,-0.087
T4004_1,25.6,0.436
T12767_2,348.7,0.475
T3961_1,146.3,-0.291
T12865_2,3.1,0.347
T12851_2,268.1,-0.008
T12839_2,242.6,-0.086
T3980_2,239.5,-0.215
T4004_2,219.8,-0.266
T12792_1,315.5,0.623
T12792_2,282.8,0.197
T12722_1,174.2,-0.873
T12804_2,18.6,0.09
T12804_1,32.9,0.29
T3955_2,103.6,-0.11
T3951_1,359.3,0.096
T12782_1,323.3,0.421
T15534_1,323.0,0.288
T12783_2,328.5,0.664
T12863_2,318.0,0.308
T12786_1,77.6,0.154
T12749_2,239.8,-0.306
T12820_1,51.5,0.107
T12727_2,294.0,0.287
T12727_1,354.9,0.584
T12719_2,330.0,0.295
T12778_1,62.7,0.112
T12863_1,167.0,-0.346
L481_1,105.5,-0.01
T17209_1,358.2,0.295
T12814_1,37.0,0.208
L479_1,110.0,-0.232
T15871_1,343.2,0.195
T12782_2,262.6,-0.067
T12788_1,332.9,0.532
T3914_2,236.3,-0.149
T3914_1,38.7,0.189
T3955_1,210.9,-0.002
T14865_1,121.8,-0.137
T17199_2,2.2,0.45
T3982_2,247.8,-0.137
T12814_2,316.5,0.181
T12787_2,261.4,-0.048
T15152_2,236.1,-0.342
T12787_1,22.2,0.269
T12826_2,173.1,-0.524
T17207_2,358.7,0.383
T17208_2,326.4,0.174
T12802_2,285.7,0.16
L491_3,46.8,0.027
L482_1,225.4,-0.147
T12744_2,311.7,0.557
L486_1,94.7,-0.037
T12744_1,348.4,0.835
L483_2,357.2,0.062
T12849_2,187.5,-0.461
T12719_1,136.0,-0.269
T3944_2,333.0,0.751
L488_3,303.6,0.072
T12723_2,355.4,0.258
T12723_1,339.2,0.252
T12770_1,85.8,0.014
T16314_1,320.2,0.188
T3951_2,217.6,-0.291
T12873_2,250.9,-0.036
T12801_1,358.5,0.643
T12778_2,322.7,0.218
T12846_2,1.0,0.302
T14925_2,321.1,0.631
T3928_2,140.7,-0.231
T16315_1,4.7,0.267
T12802_1,203.4,-0.328
L484_1,291.6,0.026
T12865_1,134.7,-0.27
L476_2,242.4,-0.021
T15875_2,114.1,-0.072
T12820_2,126.3,-0.065
T12759_1,2.9,0.61
L483_1,101.0,-0.027
T15870_1,135.8,-0.064
T3963_1,194.4,-0.455
T16811_1,73.9,0.003
T16314_2,208.9,-0.21
T12771_2,326.7,0.538
T12771_1,347.4,0.764
T12733_2,351.5,0.682
T15533_2,315.4,0.331
T12806_2,352.5,0.377
T12806_1,8.9,0.255
T17206_2,26.4,0.466
T17212_1,349.5,0.246
T15145_1,78.2,0.138
T15145_2,273.8,0.042
L478_3,155.8,-0.481
L477_2,145.2,-0.361
T17205_1,10.7,0.279
L485_1,349.1,0.248
T3942_2,281.6,0.174
T16315_2,259.1,-0.009
T12809_2,304.7,0.476
T3924_1,205.3,-0.203
T17210_2,341.1,0.202
T12801_2,214.6,-0.686
T17206_1,229.4,-0.253
T12767_1,85.5,0.041
T12697_1,77.6,0.05
T12822_2,247.0,-0.254
T12838_1,214.9,-0.384
T4002_2,310.8,0.392
T15534_2,155.0,-0.31
T15870_2,183.8,-0.139
T12852_2,275.5,0.057
T14865_2,253.8,-0.068
T16812_2,278.8,0.02
T12733_1,95.8,-0.075
T12795_1,67.0,0.258
T12862_1,49.9,0.058
T17207_1,273.5,0.006
T12759_2,297.5,0.234
T17200_2,193.2,-0.256
T17200_1,37.3,0.416
T17212_2,209.5,-0.112
T3964_2,238.5,-0.015
T3982_1,198.2,-0.077
T12819_1,346.4,0.228
T12835_1,57.1,0.09
T12835_2,332.0,0.18
T12822_1,216.4,-0.252
L491_4,290.9,0.064
T17209_2,194.2,-0.124
T15877_2,355.1,0.517
T12852_1,86.1,0.038
T12864_2,141.4,-0.366
T12861_1,278.5,0.026
T3998_1,309.5,0.137
L486_4,327.7,0.224
T15533_1,159.0,-0.111
T4049_1,217.7,-0.339
T12904_2,3.0,0.538
T12882_2,310.0,0.124
T12882_1,156.8,-0.431
T15877_1,147.1,-0.17
L484_2,297.2,0.057
T12793_1,347.2,0.43
T3966_2,346.3,0.286
T3966_1,121.8,-0.442
T12885_2,242.9,-0.121
L487_3,352.8,0.032
T12793_2,240.1,-0.188
T12885_1,189.3,-0.434
T15014_2,343.3,0.666
T12765_2,33.5,0.165
T3938_2,265.1,-0.044
L483_3,255.5,-0.073
T12907_2,57.2,0.261
L486_3,315.2,0.128
T12904_1,190.2,-0.23
L480_1,90.7,-0.005
L487_1,350.1,0.086
T15881_2,311.6,0.057
T12765_1,243.4,-0.155
T12859_1,344.9,0.081
T16042_2,217.3,-0.15
T16042_1,133.1,-0.092
T12902_1,77.6,0.026
T12884_1,86.4,0.043
T12884_2,211.3,-0.635
T15014_1,191.5,-0.218
T17199_1,221.0,-0.106
T3935_1,336.9,0.478
T4003_1,335.5,0.2
T4003_2,235.4,-0.349
L488_2,304.0,0.14
T3939_2,327.7,0.53
T12768_1,286.3,0.034
T12783_1,281.7,0.076
L492_3,325.2,0.121
T15875_1,338.7,0.328
T12788_2,226.6,-0.326
L489_2,222.5,-0.202
T3940_2,215.3,-0.615
T3940_1,353.8,0.741
T12876_2,301.1,0.064
T3962_2,261.0,-0.084
T12873_1,239.3,-0.057
L481_2,333.6,0.063
L490_2,257.6,-0.014
T3935_2,242.2,-0.191
T15013_1,34.6,0.352
T14925_1,177.1,-0.698
T12893_2,226.2,-0.054
T14867_2,225.6,-0.161
T12776_2,339.4,0.386
T3946_2,49.4,0.26
T3946_1,78.2,0.164
T12795_2,103.8,-0.126
T14867_1,74.2,0.077
T14968_2,315.2,0.42
T3944_1,222.1,-0.651
L482_2,205.7,-0.406
L490_1,47.7,0.105
T12859_2,276.2,0.017
T12818_2,297.3,0.293
T12881_2,205.9,-0.164
T12881_1,179.4,-0.293
T12808_1,308.1,0.292
T3937_1,342.3,0.855
T12846_1,196.3,-0.281
L491_2,303.6,0.089
T3998_2,158.9,-0.21
T16811_2,193.5,-0.086
T12845_1,49.6,0.444
T12845_2,28.2,0.348
T12866_2,8.9,0.368
T12862_2,140.2,-0.174
T15017_2,285.5,0.091
T12854_2,263.3,-0.019
T12894_1,154.8,-0.487
T14866_2,312.0,0.096
T12894_2,163.4,-0.676
T3938_1,214.3,-0.422
T3937_2,239.2,-0.468
T12808_2,243.8,-0.31
T14866_1,173.5,-0.268
T17205_2,207.7,-0.124
T12854_1,90.6,-0.001
T3939_1,199.2,-0.581
T15017_1,90.3,-0.001
T12828_2,311.6,0.549
L486_2,163.5,-0.488
T17530_1,24.2,0.032
T12860_2,291.8,0.059
L485_2,8.2,0.075
T3942_1,231.7,-0.474
T12809_1,257.5,-0.148
T4002_1,195.4,-0.581
L492_2,248.2,-0.049
T12825_1,0.5,0.55
T12900_2,245.3,-0.06
T12860_1,170.5,-0.411
T3997_2,317.7,0.139
T17210_1,180.2,-0.365
T3962_1,144.7,-0.274
T16045_2,256.3,-0.085
T16045_1,86.5,0.026
T12818_1,210.5,-0.463
T12831_2,256.5,-0.15
T12819_2,148.8,-0.237
T12900_1,174.4,-0.408
T12850_2,245.1,-0.171
T12887_1,245.2,-0.047
T12864_1,153.0,-0.574
T12825_2,225.6,-0.506
T3964_1,164.6,-0.067
T12890_2,0.6,0.215
T15968_2,288.0,0.082
T15968_1,55.1,0.159
T12768_2,96.7,-0.033
T12876_1,170.7,-0.177
T12861_2,184.3,-0.427
T3880_1,112.0,-0.092
T12828_1,191.6,-0.66
T3880_2,47.2,0.032
T12868_1,5.6,0.106
T12857_2,316.5,0.071
T12834_2,291.7,0.033
T12902_2,193.1,-0.305
T12837_2,302.5,0.322
T12830_2,286.6,0.182
T12790_2,282.7,0.042
T3956_1,2.8,0.332
T12790_1,56.7,0.077
T3948_2,201.4,-0.298
T15880_2,111.3,-0.012
T12905_1,195.7,-0.077
T12869_2,243.1,-0.185
T12889_2,349.7,0.384
T3936_1,313.4,0.512
T12905_2,136.4,-0.182
T12907_1,134.9,-0.228
T12891_2,346.8,0.228
T15880_1,255.8,-0.028
T3976_1,51.6,0.086
T15881_1,300.5,0.023
T15456_2,268.7,-0.015
T15456_1,204.9,-0.028
L493_2,69.4,0.014
T4017_2,224.0,-0.11
T4016_3,41.3,0.165
T12892_2,160.3,-0.709
L487_2,55.9,0.013
T3948_1,145.0,-0.289
T12868_2,263.1,-0.003
L493_1,137.8,-0.225
T12866_1,72.5,0.14
T15013_2,230.6,-0.176
T12911_2,151.8,-0.553
T3997_1,174.1,-0.483
T12879_1,206.4,-0.292
T12879_2,291.5,0.109
L489_1,204.5,-0.31
T15536_1,140.0,-0.18
T15536_2,300.3,0.211
T12872_1,202.0,-0.318
L491_1,99.1,-0.004
L488_1,188.9,-0.116
T12830_1,194.2,-0.672
T12776_1,162.9,-0.334
T4017_1,83.5,0.072
T12842_1,259.5,-0.081
T12916_1,343.9,0.071
T12843_2,248.4,-0.181
L494_1,359.8,0.076
L495_2,141.6,-0.064
T12893_1,181.1,-0.369
T12895_2,330.4,0.09
L496_2,108.9,-0.046
T3975_1,158.3,-0.142
T12853_2,304.5,0.399
T17839_2,304.5,0.425
T12834_1,60.0,0.045
T12906_2,244.6,-0.115
T17839_1,41.7,0.501
T3975_2,235.9,-0.017
T12912_2,310.7,0.318
T3976_2,191.0,-0.218
T14968_1,176.0,-0.398
T12916_2,146.7,-0.284
T12912_1,169.5,-0.374
T15144_1,47.4,0.359
T3941_2,358.6,0.677
T17530_2,287.3,0.026
L493_3,200.3,-0.224
T12889_1,219.4,-0.159
T15144_2,276.6,0.049
T3947_2,18.2,0.323
T4001_1,74.9,0.072
T17837_1,299.8,0.175
T12810_2,54.8,0.501
T12867_2,227.0,-0.256
T12913_2,15.0,0.232
T12913_1,24.7,0.262
T12901_1,125.4,-0.229
T12901_2,149.8,-0.217
T3958_2,290.3,0.32
T3958_1,333.5,0.792
T12877_2,298.0,0.443
T12858_1,36.0,0.137
T12892_1,154.7,-0.717
T12906_1,169.9,-0.158
T12896_1,62.3,0.04
T12926_2,14.4,0.185
T17837_2,309.5,0.337
T12895_1,127.1,-0.067
T12837_1,236.0,-0.234
T12908_2,204.0,-0.052
T12867_1,177.3,-0.423
T12908_1,168.7,-0.279
L492_1,157.6,-0.263
T12869_1,320.1,0.236
T3941_1,94.6,-0.046
T12896_2,46.9,0.192
L495_1,31.3,0.086
T15888_1,239.7,-0.064
T12853_1,284.1,0.127
T3959_1,323.0,0.771
T12841_1,321.9,0.615
T12841_2,312.4,0.609
T12874_2,134.4,-0.543
T12874_1,111.3,-0.269
T12840_2,300.7,0.286
T12850_1,197.0,-0.45
L494_2,314.1,0.125
T4001_2,231.3,-0.338
T12831_1,212.6,-0.673
T12883_2,313.2,0.082
T12883_1,334.4,0.109
T12857_1,166.4,-0.103
O509_1,32.2,0.276
T12887_2,187.2,-0.128
T12890_1,153.0,-0.401
T3979_2,263.7,-0.04
T12810_1,74.9,0.223
T3947_1,100.2,-0.128
T12931_2,324.7,0.179
T15882_2,151.4,-0.038
T3957_1,24.8,0.253
T12931_1,69.5,0.07
T12891_1,189.3,-0.187
T3977_2,168.7,-0.055
T3977_1,221.8,-0.007
T12872_2,266.7,-0.048
T3956_2,297.4,0.056
O509_2,54.4,0.115
T12927_1,3.3,0.24
T12920_1,190.1,-0.63
T15887_2,183.7,-0.099
T12847_2,301.0,0.406
T12847_1,345.1,0.57
T3945_1,300.3,0.358
T12870_1,34.2,0.069
T15882_1,258.3,-0.017
T12920_2,195.7,-0.461
T12844_2,247.9,-0.201
T3936_2,212.1,-0.708
T12926_1,71.8,0.017
L497_1,276.2,0.009
T12903_2,24.2,0.065
T12936_3,357.5,0.252
T12870_2,259.5,-0.027
T12871_1,347.0,0.03
L498_2,200.9,-0.022
T12871_2,228.1,-0.117
T12924_2,213.7,-0.177
T12918_1,107.6,-0.042
T12911_1,159.1,-0.663
T12840_1,203.0,-0.506
T12888_2,314.7,0.137
T12844_1,223.5,-0.223
T12918_2,224.3,-0.145
T12842_2,204.8,-0.601
T12880_2,277.3,0.07
L500_3,266.7,-0.008
T12843_1,233.4,-0.364
T3978_1,156.5,-0.359
L499_2,252.4,-0.005
L500_2,271.3,0.002
T3979_1,125.4,-0.232
L496_1,161.2,-0.175
T17201_1,15.7,0.319
T17527_1,107.2,-0.025
T12924_1,96.4,-0.028
T14864_2,258.8,-0.037
L501_3,313.0,0.115
L501_2,321.1,0.159
T12827_2,352.6,0.261
T3959_2,266.3,-0.064
T15967_1,68.0,0.074
T12914_2,123.4,-0.059
T12858_2,243.4,-0.071
T12856_2,279.5,0.084
T3957_2,205.6,-0.128
T12877_1,259.0,-0.18
T3943_2,295.2,0.376
T3943_1,339.4,0.8
T12880_1,206.1,-0.086
T15126_2,296.2,0.302
T12856_1,247.4,-0.094
T15535_2,334.2,0.271
T12724_2,235.4,-0.042
T12724_1,36.5,0.129
T12936_2,140.8,-0.322
T12936_1,157.4,-0.294
T12923_2,178.9,-0.374
T12813_2,25.6,0.472
T15151_1,59.1,0.217
T3945_2,265.5,-0.052
T12875_1,283.9,0.18
T15888_2,246.2,-0.027
T12886_1,297.2,0.358
T15143_1,0.6,0.586
T12942_2,12.2,0.181
T12875_2,299.9,0.334
T3954_1,26.0,0.148
T12942_1,92.4,-0.004
T12888_1,159.6,-0.107
T12923_1,148.5,-0.559
T17527_2,252.2,-0.008
T12921_2,358.4,0.718
T12938_2,285.8,0.078
T17201_2,215.1,-0.196
T12938_1,125.4,-0.124
T12947_2,230.7,-0.193
T15124_2,304.4,0.405
T3978_2,170.9,-0.421
T12897_2,267.6,-0.007
T12899_1,63.1,0.174
T3981_2,231.8,-0.024
O509_3,208.7,-0.193
T12925_1,160.6,-0.395
T12925_2,160.9,-0.545
T12919_1,267.1,-0.026
L500_1,133.1,-0.07
T12897_1,166.1,-0.197
T3981_1,205.6,-0.094
T15967_2,245.6,-0.072
T12813_1,92.9,-0.028
L499_1,33.8,0.038
T15887_1,239.3,-0.049
T17838_2,336.5,0.416
T3974_1,21.0,0.711
T12898_1,256.2,-0.161
T12917_1,7.2,0.239
T12917_2,275.3,0.08
T12940_2,315.5,0.461
T12899_2,292.2,0.242
T15124_1,181.4,-0.395
T3974_2,292.1,0.274
T12919_2,169.1,-0.62
L497_2,243.8,-0.083
T12903_1,58.9,0.055
T12921_1,343.3,0.234
L498_1,235.6,-0.026
T15151_2,269.8,-0.002
T17838_1,58.8,0.342
T12914_1,232.7,-0.053
T12952_1,350.5,0.183
T12947_1,176.8,-0.278
L502_2,101.8,-0.005
L503_2,165.4,-0.275
T16040_1,69.1,0.132
T12972_2,0.5,0.128
O510_1,32.9,0.128
T15126_1,140.6,-0.512
L502_3,1.0,0.235
T12827_1,140.4,-0.287
T12929_1,339.1,0.35
T14864_1,145.6,-0.209
L501_1,114.7,-0.123
O510_2,16.7,0.156
T12944_1,180.5,-0.228
T12944_2,219.0,-0.202
T12886_2,269.1,-0.012
T16040_2,212.6,-0.173
L502_1,155.3,-0.116
T3960_1,292.3,0.236
T12952_2,237.7,-0.138
T12972_1,196.9,-0.193
T15535_1,177.6,-0.38
T12898_2,213.7,-0.613
T12940_1,149.2,-0.331
T12953_1,326.5,0.544
T3954_2,216.0,-0.162
T12929_2,159.2,-0.608
L504_3,82.5,0.033
T12975_1,171.5,-0.255
T12962_1,240.4,-0.022
L504_2,49.6,0.127
T12962_2,279.0,0.021
T3879_2,343.3,0.157
T15835_1,246.3,-0.022
T12932_1,257.4,-0.151
T12930_1,2.0,0.424
T12930_2,351.9,0.591
T12977_2,221.1,-0.082
T4014_2,271.4,0.009
T4015_2,249.9,-0.08
T12943_1,22.8,0.09
T12943_2,222.3,-0.277
T3879_1,145.6,-0.145
T12976_2,255.7,-0.047
T12949_2,345.5,0.303
T12953_2,238.6,-0.161
T12946_2,33.8,0.56
T17528_2,21.8,0.079
T12997_1,67.7,0.076
T12964_2,305.1,0.056
T12964_1,121.7,-0.078
T4074_2,251.2,-0.09
T4075_1,319.3,0.062
L505_1,331.0,0.004
T4014_1,150.6,-0.181
T17529_2,357.7,0.185
T12932_2,278.8,0.136
T13006_1,152.4,-0.235
T12975_2,231.9,-0.092
T12934_1,195.9,-0.541
O510_3,241.3,-0.18
T12981_2,209.9,-0.113
L503_1,148.4,-0.539
T12982_2,191.6,-0.056
T12945_2,262.1,-0.08
T12945_1,120.6,-0.346
T12934_2,246.5,-0.28
T12939_1,167.6,-0.2
T12939_2,257.9,-0.141
T12998_1,235.0,-0.023
T12998_2,255.9,-0.027
T12991_1,176.1,-0.257
T12991_2,102.0,-0.059
T17202_1,19.1,0.301
T12958_2,246.8,-0.03
T12996_1,67.2,0.051
T12996_2,301.7,0.189
T12941_2,234.1,-0.223
T13013_1,59.2,0.138
T17202_2,212.9,-0.146
T12933_2,267.2,-0.004
T12933_1,64.5,0.092
L507_3,307.7,0.128
T12978_2,301.5,0.137
T12949_1,174.4,-0.259
T13012_2,91.6,-0.009
T3960_2,260.1,-0.066
T12976_1,236.2,-0.057
T12958_1,172.0,-0.21
T13001_2,300.4,0.089
T15835_2,266.8,-0.005
T13018_1,153.8,-0.24
T12969_1,353.0,0.424
T13003_2,261.8,-0.036
L506_2,1.9,0.148
T13004_1,48.5,0.471
T12963_1,346.6,0.228
T13016_2,165.6,-0.594
T12977_1,185.1,-0.226
L507_2,309.7,0.153
T14861_2,316.2,0.132
T12910_2,326.4,0.367
L505_2,175.0,-0.218
T12910_1,85.1,0.048
T12959_2,319.8,0.222
T12990_2,282.1,0.014
T12990_1,220.0,-0.088
T3989_2,263.3,-0.015
T3989_1,89.6,0.002
L504_1,324.0,0.197
T12988_2,258.2,-0.076
T3990_1,93.3,-0.018
T4015_1,241.3,-0.088
T4075_2,200.2,-0.369
T12997_2,202.3,-0.354
T3994_2,286.1,0.058
T4070_1,187.9,-0.148
T4070_2,227.7,-0.099
T4074_1,197.5,-0.28
T17843_1,28.3,0.42
T12909_2,12.9,0.573
T12992_1,129.3,-0.233
T13016_1,164.7,-0.375
T4068_2,307.4,0.555
T4068_1,196.4,-0.043
T12948_1,127.0,-0.339
T12948_2,318.7,0.486
T12989_1,334.6,0.398
T3988_1,35.9,0.424
T12946_1,120.9,-0.244
T17528_1,157.3,-0.06
T13003_1,233.3,-0.17
T13006_2,165.9,-0.192
T12928_1,149.9,-0.488
T12928_2,153.3,-0.395
T12983_2,331.2,0.621
T17529_1,143.4,-0.056
T17203_1,9.8,0.344
T12909_1,52.8,0.496
T14923_2,280.4,0.102
T12935_1,65.0,0.333
T12935_2,13.5,0.579
T12988_1,135.9,-0.219
T4005_2,320.9,0.571
T12978_1,141.4,-0.206
T12983_1,175.7,-0.062
T12855_2,247.3,-0.207
T12855_1,85.8,0.018
T16041_1,86.3,0.035
T4005_1,159.4,-0.339
T12979_2,293.5,0.044
T12999_1,329.7,0.172
T3995_2,231.5,-0.127
T16041_2,232.1,-0.234
T3995_1,142.8,-0.183
T12979_1,126.1,-0.114
T12959_1,106.0,-0.077
T4053_2,222.5,-0.175
T12963_2,151.3,-0.324
T13004_2,173.1,-0.264
T12981_1,201.6,-0.08
T12966_2,92.0,-0.019
T12969_2,79.7,0.01
T17843_2,263.2,-0.093
T12982_1,179.9,-0.081
T12878_2,232.0,-0.092
T12878_1,41.5,0.088
T12987_1,38.0,0.162
T12968_2,95.5,-0.046
T3988_2,189.4,-0.134
T12992_2,147.9,-0.323
T13015_2,322.6,0.056
T13027_2,238.9,-0.179
T13025_2,306.5,0.043
T3987_1,182.9,-0.509
T13013_2,179.4,-0.764
T13001_1,202.1,-0.239
T12995_2,331.2,0.275
L507_1,153.3,-0.239
T13015_1,170.4,-0.105
T12987_2,225.3,-0.228
T13012_1,175.0,-0.848
T13018_2,169.8,-0.574
T4048_2,261.0,-0.028
T17203_2,206.4,-0.179
T14861_1,152.2,-0.248
T13028_2,214.0,-0.111
T13039_1,82.0,0.056
T13039_2,256.8,-0.169
L508_2,68.0,0.058
T17198_1,19.8,0.353
T13011_1,128.5,-0.233
T13011_2,292.4,0.154
T12957_2,336.2,0.448
T12973_2,150.9,-0.544
T17198_2,209.3,-0.13
L506_1,239.0,-0.049
T4048_1,154.7,-0.153
T12961_1,183.8,-0.327
T14923_1,188.4,-0.415
T12986_2,311.3,0.378
T3967_2,329.1,0.434
T3994_1,181.8,-0.3
T13014_2,27.0,0.473
T3953_1,25.3,0.232
L509_2,14.0,0.022
T4073_2,267.3,-0.009
L508_1,78.8,0.03
T17196_1,336.8,0.245
T12922_2,275.0,0.011
T12967_2,75.6,0.156
T13014_1,229.7,-0.089
T13019_2,332.8,0.599
T3953_2,228.0,-0.164
T12999_2,175.6,-0.28
T12966_1,108.0,-0.164
T4069_1,164.1,-0.252
T4069_2,221.0,-0.262
T3967_1,106.8,-0.129
L510_3,46.1,0.176
T4077_2,215.8,-0.149
T13036_1,203.7,-0.08
T12960_2,346.7,0.09
T13063_1,42.5,0.321
T12960_1,63.9,0.054
T3990_2,150.6,-0.278
L510_2,271.4,0.0
T12995_1,148.8,-0.233
O511_2,33.2,0.399
T13042_2,220.7,-0.049
T12986_1,224.4,-0.323
T13066_2,209.5,-0.189
T12961_2,111.9,-0.194
T4006_2,276.9,0.02
T17196_2,215.4,-0.136
T12989_2,163.8,-0.274
T12922_1,57.6,0.08
T4073_1,163.3,-0.167
L511_2,127.7,-0.126
T12980_1,112.3,-0.1
T4006_1,121.7,-0.063
T3987_2,158.0,-0.533
O511_4,225.7,-0.271
O511_3,334.7,0.35
T12980_2,226.3,-0.166
T12915_2,282.4,0.141
T4053_1,212.5,-0.205
T12956_1,1.6,0.073
T13009_2,147.0,-0.164
T13029_1,191.1,-0.305
T13029_2,212.2,-0.33
T12985_1,10.3,0.111
O511_1,126.3,-0.527
T12985_2,304.5,0.113
T12968_1,162.0,-0.67
T13045_2,14.9,0.099
T13045_1,129.6,-0.09
T13041_2,356.9,0.09
T13033_2,0.1,0.469
T13063_2,191.1,-0.516
T13027_1,190.3,-0.131
T13025_1,198.0,-0.095
T12915_1,238.7,-0.041
L511_1,54.3,0.232
T12973_1,161.0,-0.839
T13042_1,201.2,-0.19
T13020_2,145.7,-0.124
T13046_2,39.6,0.294
T3992_1,51.5,0.293
T13046_1,70.4,0.172
T13000_1,284.8,0.231
T13009_1,130.9,-0.246
T12937_1,45.7,0.106
L511_3,5.0,0.3
T12967_1,100.0,-0.107
T13028_1,206.9,-0.272
T13077_1,49.8,0.241
T14862_2,312.1,0.148
T13024_2,166.6,-0.206
T13030_1,141.3,-0.128
T16029_2,269.9,-0.001
T13024_1,131.9,-0.177
T13030_2,237.8,-0.069
T3999_1,150.4,-0.197
T13093_1,204.8,-0.598
T3999_2,202.4,-0.171
T13005_2,11.7,0.678
T3973_1,13.6,0.708
T12957_1,155.4,-0.097
T3992_2,243.6,-0.176
T13020_3,331.9,0.51
T13010_2,201.9,-0.439
L509_1,157.3,-0.315
T13095_2,38.7,0.144
T16029_1,85.4,0.046
T4000_2,329.0,0.691
T13034_2,328.9,0.389
T4077_1,264.6,-0.013
T13019_1,141.9,-0.067
T4025_2,310.6,0.337
T12951_1,8.7,0.016
T3973_2,255.6,-0.141
T13073_1,328.4,0.226
T13038_1,40.2,0.159
T13038_2,217.1,-0.435
T14862_1,153.6,-0.167
T13084_1,50.5,0.074
T13021_2,35.3,0.098
T13032_2,257.0,-0.024
T13032_1,116.9,-0.009
T12833_2,278.3,0.014
T13093_2,228.7,-0.376
T12937_2,294.8,0.051
T13036_2,216.8,-0.135
T17836_1,28.9,0.403
T12971_2,22.3,0.577
T15122_2,304.5,0.415
T12971_1,59.6,0.431
T13075_2,249.3,-0.069
T13075_1,255.0,-0.018
T4025_1,165.8,-0.603
L510_1,154.3,-0.328
T13034_1,122.5,-0.177
T12833_1,45.5,0.28
T13047_1,37.5,0.129
T13101_2,320.3,0.194
T13068_2,336.9,0.166
T12956_2,265.9,-0.003
T13069_1,36.8,0.232
T13066_1,200.6,-0.195
T13033_1,155.1,-0.428
T13077_2,34.0,0.059
T3993_2,253.7,-0.143
T3993_1,11.9,0.357
O512_2,3.3,0.298
T16048_1,87.3,0.032
T4000_1,155.1,-0.205
T17197_1,356.9,0.19
T3952_2,325.9,0.213
T16048_2,280.4,0.08
T4042_2,313.1,0.26
T13100_1,7.8,0.339
L512_3,244.9,-0.061
L512_2,224.3,-0.051
T13010_1,144.5,-0.551
T3952_1,87.7,0.012
T13083_1,321.5,0.192
T4024_2,295.5,0.071
T13026_2,274.0,0.027
T4043_1,22.9,0.458
T13008_2,250.9,-0.005
T13116_2,344.2,0.134
T13008_1,22.3,0.238
T13026_1,182.6,-0.196
T13017_2,260.0,-0.085
T15122_1,164.2,-0.557
T13082_2,232.4,-0.127
T13082_1,203.4,-0.209
T4042_1,194.5,-0.394
T13005_1,70.0,0.216
T13017_1,223.0,-0.092
T15885_1,159.6,-0.163
T15885_2,247.4,-0.073
T13000_2,283.4,0.222
T17197_2,203.2,-0.252
T12974_1,137.7,-0.427
T12974_2,313.5,0.093
T13041_1,169.5,-0.429
T13100_2,229.2,-0.217
T13084_2,226.6,-0.032
T13064_2,238.6,-0.223
T13064_1,67.9,0.109
L513_3,350.8,0.45
T4009_2,264.9,-0.015
T13096_1,341.5,0.15
T3916_2,7.9,0.677
T15142_1,48.0,0.454
T3916_1,82.5,0.088
T13037_2,239.7,-0.289
O513_1,22.1,0.227
T13037_1,153.2,-0.658
T13035_1,337.8,0.569
T13094_2,268.9,-0.011
T13083_2,172.6,-0.507
T13020_1,145.7,-0.146
T13021_1,152.9,-0.189
L513_1,247.9,-0.012
T4146_1,102.3,-0.134
T17836_2,261.7,-0.114
T13094_1,273.8,0.038
T13040_2,261.4,-0.059
T13047_2,282.2,0.01
T13073_2,173.0,-0.246
T13031_2,116.2,-0.265
T4007_1,112.4,-0.217
T13002_2,34.6,0.435
T13099_2,220.5,-0.176
T4147_2,56.2,0.381
T4047_2,249.4,-0.101
T4047_1,110.5,-0.023
T4062_1,174.3,-0.054
T4062_2,183.1,-0.14
T13095_1,80.5,0.012
T13114_2,235.1,-0.111
T13114_1,111.2,-0.116
T13126_2,309.4,0.173
T3972_2,299.9,0.326
T13068_1,213.2,-0.121
T13099_1,155.2,-0.123
T13090_2,214.5,-0.354
T13090_1,126.7,-0.063
T12951_2,63.3,0.006
T13101_1,154.2,-0.165
T3972_1,67.4,0.202
T13002_1,93.8,-0.045
T14921_1,300.7,0.256
L513_2,163.7,-0.731
T13061_2,299.3,0.238
T4024_1,177.1,-0.254
T13198_2,88.8,0.016
T13131_1,24.4,0.04
T13069_2,182.5,-0.33
T13126_1,120.7,-0.166
T13092_1,122.0,-0.244
L514_1,108.3,-0.063
O512_1,312.4,0.126
T14863_2,309.6,0.098
T13065_1,78.3,0.089
T13065_2,250.2,-0.242
T15142_2,248.0,-0.247
T13040_1,215.1,-0.384
T4011_1,19.6,0.306
T4012_2,348.9,0.356
T4043_2,204.0,-0.314
T15886_2,300.7,0.184
T15886_1,90.9,-0.004
T4146_2,181.7,-0.629
L512_1,130.0,-0.132
T17204_2,266.7,-0.032
T17204_1,49.7,0.144
T13096_2,223.9,-0.133
T13129_1,101.6,-0.038
O513_3,238.4,-0.09
T13085_2,199.9,-0.403
T13085_1,191.9,-0.354
T13059_2,246.8,-0.211
T13116_1,359.7,0.151
T13121_2,236.8,-0.096
T4012_1,80.4,0.035
L515_2,70.5,0.013
T13102_2,331.2,0.489
O513_2,175.6,-0.944
T4038_2,181.8,-0.921
T13102_1,149.0,-0.119
T4038_1,154.2,-0.631
L515_1,136.0,-0.018
L516_3,326.3,0.4
T13145_2,228.7,-0.125
T13144_2,213.4,-0.15
T4016_1,65.6,0.283
T13145_1,205.6,-0.308
T13035_2,166.6,-0.377
L516_1,335.1,0.027
T4009_1,212.5,-0.121
T12984_2,11.0,0.739
T13129_2,193.1,-0.129
T13130_2,324.5,0.289
T13111_1,108.7,-0.214
T4040_2,304.3,0.242
T13060_2,246.6,-0.233
T13074_2,325.4,0.346
T12994_2,251.1,-0.096
T14921_2,187.2,-0.682
T12994_1,343.2,0.09
T13111_2,228.5,-0.463
T4013_1,153.8,-0.249
T4013_2,282.2,0.135
T13147_1,122.1,-0.083
T13147_2,202.0,-0.13
T17532_1,56.7,0.045
T12954_2,324.3,0.635
T4008_2,64.0,0.311
T13031_1,102.6,-0.133
T4007_2,110.9,-0.165
T13113_2,292.9,0.236
T13140_2,168.9,-0.17
T13097_1,341.6,0.497
T4010_2,219.2,-0.319
T4010_1,28.6,0.182
T4147_1,141.5,-0.46
T13107_2,278.3,0.032
T13059_1,220.3,-0.604
L517_1,277.7,0.002
T4016_2,201.8,-0.152
T15538_2,313.8,0.28
T15538_1,156.7,-0.295
T4040_1,146.4,-0.193
T4011_2,304.2,0.021
T13067_2,221.8,-0.483
T4041_2,308.4,0.19
T4039_1,6.6,0.567
L518_3,184.9,-0.188
T13087_2,331.9,0.18
T15831_1,56.4,0.092
T13060_1,209.4,-0.465
T13061_1,203.1,-0.372
L519_3,269.9,-0.002
T13067_1,208.3,-0.591
T13092_2,153.3,-0.578
T13052_1,24.0,0.26
T13131_2,179.9,-0.177
T13081_2,334.2,0.664
O512_3,223.4,-0.312
T13052_2,311.2,0.222
T4041_1,171.7,-0.42
L518_2,216.4,-0.005
O513_4,202.6,-0.473
L514_2,250.4,-0.117
T14863_1,150.5,-0.121
T4059_2,325.4,0.613
T13128_2,245.4,-0.071
T13104_1,63.9,0.055
T13134_1,17.8,0.257
T13104_2,324.4,0.23
T13128_1,146.4,-0.124
T4046_2,244.8,-0.139
T12954_1,44.1,0.217
T13115_1,155.5,-0.794
T13115_2,170.9,-0.33
T13121_1,207.9,-0.194
T15831_2,27.6,0.072
T13106_2,275.8,0.03
T13135_1,67.1,0.067
T13107_1,225.4,-0.149
T13130_1,166.9,-0.471
T13118_1,149.2,-0.34
T13118_2,222.4,-0.184
T4021_2,11.6,0.49
T4021_1,35.5,0.394
T4008_1,65.7,0.292
T4028_2,236.1,-0.191
T4039_2,233.8,-0.296
T13097_2,327.1,0.358
T13144_1,196.9,-0.372
T13098_1,286.2,0.052
T13134_2,212.3,-0.138
T13141_1,346.1,0.352
T4032_1,52.4,0.257
T12984_1,21.3,0.465
T13159_1,28.6,0.251
T13176_1,19.4,0.684
T4050_1,97.7,-0.037
L519_2,6.6,0.032
T4032_2,255.5,-0.072
T4059_1,99.7,-0.08
T13087_1,121.9,-0.128
T13105_2,50.7,0.439
T13074_1,151.0,-0.276
T4028_1,187.9,-0.299
T13091_2,317.4,0.643
T13120_1,125.9,-0.184
T13091_1,302.2,0.262
T13120_2,234.4,-0.121
T13135_2,202.2,-0.246
L520_2,37.5,0.03
T4046_1,206.9,-0.178
L516_2,151.0,-0.314
T13127_1,151.4,-0.091
T4050_2,219.2,-0.156
T13138_1,170.7,-0.091
T12993_1,33.9,0.234
T4022_2,9.8,0.381
T13138_2,192.5,-0.094
T13127_2,297.1,0.075
T13167_2,56.4,0.129
T13089_2,51.7,0.488
L517_2,257.7,-0.047
T17835_1,47.9,0.502
O514_2,30.1,0.36
L521_3,207.4,-0.28
T13148_1,47.5,0.154
T13175_2,268.7,-0.005
T13142_2,341.9,0.461
T13140_1,237.8,-0.042
T13159_2,121.9,-0.138
T17835_2,286.6,0.174
T17532_2,191.5,-0.174
T13119_1,311.2,0.237
T13143_2,305.8,0.311
T13153_1,69.3,0.042
T13153_2,28.6,0.094
T13113_1,216.6,-0.298
T13098_2,250.7,-0.062
T4022_1,124.5,-0.117
T13169_2,228.5,-0.067
T13169_1,174.3,-0.136
T13168_1,353.6,0.035
T13183_1,315.1,0.247
T15338_1,37.7,0.142
T13139_1,73.7,0.112
T13139_2,235.6,-0.317
T13148_2,259.5,-0.045
T13173_2,192.5,-0.116
T13106_1,193.8,-0.232
T13183_2,178.0,-0.223
T4058_2,258.4,-0.095
L521_2,82.8,0.002
T13081_1,122.6,-0.141
T13119_2,229.3,-0.203
T15537_2,294.7,0.157
T13181_1,159.3,-0.047
T13181_2,222.5,-0.131
T13184_1,320.9,0.56
T13163_2,147.0,-0.279
T13163_1,108.1,-0.042
T4052_1,158.0,-0.096
T13184_2,164.4,-0.396
T4052_2,211.0,-0.119
L518_1,167.8,-0.126
T13141_2,196.0,-0.162
T4058_1,193.3,-0.439
T4054_1,270.5,0.001
L520_1,189.5,-0.217
T13086_2,32.4,0.166
T13086_1,44.2,0.464
L522_1,288.5,0.012
L522_2,356.0,0.296
T15153_1,64.7,0.193
T13133_2,265.9,-0.041
T3991_1,290.7,0.326
T13158_1,0.3,0.154
T4045_1,96.5,-0.041
T4045_2,223.3,-0.225
T12993_2,5.7,0.209
T13202_2,267.2,-0.017
T13175_1,158.5,-0.355
T13202_1,140.8,-0.469
T13142_1,158.4,-0.244
T4054_2,42.7,0.089
T13194_1,219.7,-0.08
T13105_1,112.2,-0.254
T4051_1,128.2,-0.08
T13198_3,183.6,-0.168
T13198_1,146.7,-0.293
T13191_2,179.9,-0.267
O514_1,291.1,0.031
L523_2,255.5,-0.013
T4076_1,188.0,-0.16
T4076_2,249.0,-0.075
T13195_1,59.7,0.094
T13196_2,293.7,0.122
O514_3,212.8,-0.325
T13076_1,356.0,0.433
T13205_2,223.5,-0.098
T13197_2,342.0,0.419
T13205_1,166.8,-0.271
T13133_1,193.1,-0.591
T13123_1,16.2,0.789
T13108_2,266.0,-0.009
T13203_2,198.0,-0.294
T15246_1,53.2,0.548
T15338_2,235.3,-0.126
T15141_2,209.6,-0.468
T15141_1,3.7,0.826
T13204_1,250.0,-0.048
T3971_1,59.8,0.319
T13117_1,14.0,0.606
T13117_2,37.4,0.38
T13089_1,69.0,0.307
T13154_2,334.4,0.401
T15244_1,28.1,0.737
T13124_2,33.7,0.762
T3991_2,282.9,0.211
T13137_2,201.0,-0.329
T13110_1,87.3,0.038
L524_2,234.5,-0.033
T13103_1,281.6,0.021
T13176_2,22.5,0.212
T13123_2,330.9,0.37
T13199_1,115.6,-0.02
T13110_2,197.3,-0.743
L519_1,216.4,-0.218
T13076_2,259.0,-0.116
T15883_2,150.6,-0.12
T13143_1,146.9,-0.522
T15138_1,24.9,0.578
T15246_2,327.4,0.497
T15883_1,135.3,-0.093
T15138_2,236.6,-0.406
T15244_2,318.3,0.609
T13164_2,182.8,-0.207
T13164_1,195.6,-0.142
T13137_1,154.1,-0.645
T17531_2,32.1,0.019
T15125_2,295.3,0.342
T13166_1,51.2,0.177
T13179_2,24.3,0.293
T4051_2,266.1,-0.029
T13168_2,157.6,-0.124
T13166_2,292.4,0.089
T15884_2,105.1,-0.093
T13158_2,217.3,-0.144
T13185_1,354.9,0.702
T13167_1,160.1,-0.241
T3971_2,295.1,0.226
T13189_1,10.2,0.138
T4100_1,57.5,0.23
T15884_1,138.6,-0.149
T13132_2,8.5,0.571
T3970_1,353.3,0.516
T13132_1,70.8,0.195
T13192_2,355.7,0.247
T13149_1,108.4,-0.074
T13149_2,232.3,-0.103
T4044_1,115.6,-0.14
T13155_2,326.0,0.653
T13146_2,51.6,0.472
T16050_1,98.1,-0.046
T4044_2,218.8,-0.26
T16050_2,258.6,-0.03
T4061_2,150.2,-0.054
T4072_2,276.3,0.037
T13210_2,5.7,0.196
T3970_2,221.3,-0.456
T15537_1,159.2,-0.218
T15153_2,274.7,0.044
T13226_2,223.4,-0.22
T4066_1,119.8,-0.083
T3969_2,250.1,-0.245
T3969_1,25.9,0.674
T13224_2,7.3,0.29
T4099_1,12.6,0.257
T4099_2,274.0,0.024
T13197_1,175.1,-0.586
T13162_2,192.9,-0.083
T13162_1,157.7,-0.068
T13146_1,43.0,0.457
T13171_1,293.3,0.021
T4061_1,175.3,-0.047
T13173_1,150.2,-0.154
T13228_2,210.9,-0.665
T13189_2,217.4,-0.398
L521_1,186.8,-0.213
T13220_1,106.2,-0.095
T13195_2,207.1,-0.152
T13150_1,18.4,0.498
T13234_2,346.9,0.398
T13124_1,26.3,0.833
T15139_2,331.1,0.495
T13196_1,234.4,-0.139
T4100_2,188.4,-0.039
T13211_2,333.6,0.282
T13211_1,46.2,0.255
T13150_2,18.2,0.392
T15890_1,146.5,-0.201
T15125_1,155.1,-0.377
T4035_1,65.4,0.142
T15890_2,155.7,-0.424
T13212_1,152.8,-0.093
T13212_2,242.2,-0.082
T4067_1,104.6,-0.074
T14869_2,285.5,0.041
T13199_2,202.8,-0.266
T13206_1,160.3,-0.283
T13206_2,223.1,-0.271
L522_3,189.4,-0.366
L525_2,194.9,-0.119
T13186_2,271.1,0.011
T13179_1,61.6,0.12
T13160_1,31.1,0.156
T13171_2,260.7,-0.045
L526_1,209.7,-0.031
T13234_1,156.8,-0.526
L525_1,165.2,-0.08
T15341_2,271.1,0.002
T13226_1,163.5,-0.138
T13215_1,293.7,0.066
T14869_1,164.9,-0.169
T13228_1,172.2,-0.508
T15118_1,309.9,0.555
T13194_2,195.1,-0.316
T13180_1,119.2,-0.114
T13125_2,276.2,0.007
T13180_2,110.5,-0.048
T13125_1,31.3,0.099
T13191_1,181.3,-0.115
T13208_1,339.0,0.23
T13204_2,190.3,-0.213
T13108_1,125.3,-0.105
T15341_1,39.0,0.139
T4031_1,37.7,0.016
L525_3,246.0,-0.058
T13224_1,177.1,-0.407
T13185_2,263.4,-0.015
L523_1,21.1,0.08
T13155_1,278.6,0.068
T13203_1,216.1,-0.176
T13200_2,209.1,-0.156
T13200_1,183.6,-0.175
T4072_1,91.5,-0.004
T4029_1,46.3,0.446
T4029_2,64.7,0.278
T13154_1,136.1,-0.205
T4020_2,16.4,0.668
T3968_1,39.8,0.551
L524_1,146.2,-0.389
T13103_2,173.0,-0.475
T13193_1,294.4,0.143
T4034_1,49.3,0.471
T13216_2,330.6,0.426
T13172_1,320.4,0.094
T13201_2,92.6,-0.008
T17531_1,88.2,0.002
T13223_1,71.3,0.053
T4034_2,259.8,-0.119
T4030_2,79.3,0.104
T13221_2,142.1,-0.46
T4078_1,133.9,-0.099
T13161_2,5.2,0.173
T13161_1,20.0,0.13
T13109_1,350.2,0.205
T13172_2,301.1,0.23
T14860_1,152.5,-0.084
T13170_1,64.0,0.282
T13192_1,212.7,-0.278
T4035_2,288.0,0.065
T4055_1,339.4,0.703
T13223_2,243.7,-0.073
T13220_2,181.6,-0.175
T13216_1,88.5,0.006
T4067_2,180.4,-0.447
T13210_1,198.8,-0.096
T4055_2,304.9,0.414
T4020_1,88.1,0.017
T13151_1,196.3,-0.519
T13250_1,88.6,0.013
T13250_2,304.3,0.294
T13251_1,34.0,0.047
T13174_1,95.6,-0.059
T13201_1,145.5,-0.452
T15340_1,352.3,0.293
T13151_2,224.0,-0.368
L528_3,286.2,0.09
T13109_2,273.5,0.008
L527_1,74.9,0.106
L527_2,308.5,0.012
T13186_1,198.0,-0.497
T13160_2,13.1,0.12
T13215_2,216.0,-0.358
L528_2,252.2,-0.014
T15139_1,199.4,-0.584
T13122_1,16.3,0.316
T13122_2,358.8,0.378
T13269_2,19.8,0.393
T13236_2,5.3,0.101
T13236_1,42.0,0.185
T4079_1,156.0,-0.541
T4079_2,179.1,-0.296
T13112_1,234.7,-0.183
T13112_2,22.3,0.269
T3968_2,226.1,-0.368
T13156_2,340.8,0.232
T13156_1,39.4,0.103
T13218_2,270.7,0.006
T13218_1,64.8,0.157
T13241_1,213.2,-0.071
T13241_2,190.5,-0.079
O515_3,25.1,0.52
T13174_2,105.0,-0.049
T13007_2,180.0,-0.591
T13222_2,260.1,-0.115
T13007_1,153.3,-0.561
T13157_1,126.1,-0.395
T13157_2,174.1,-0.773
L526_2,202.8,-0.082
T15889_2,164.8,-0.251
T15118_2,179.8,-0.585
T13276_1,4.6,0.347
T4033_1,45.6,0.425
T13208_2,137.3,-0.028
O516_1,24.2,0.572
T13231_2,321.3,0.181
O517_5,5.9,0.638
T4071_2,279.5,0.14
T4031_2,196.2,-0.095
T4085_1,142.8,-0.541
T13193_2,238.3,-0.17
T14860_2,263.4,-0.043
T13275_1,22.6,0.167
T13165_2,212.2,-0.56
T4082_1,178.9,-0.214
T4033_2,272.8,0.016
T13213_1,181.7,-0.299
T13213_2,270.2,0.001
L527_3,234.1,-0.374
T13263_2,348.4,0.399
T13245_1,1.0,0.314
T13248_1,222.0,-0.275
T13227_1,5.3,0.335
T13221_1,143.2,-0.427
T4023_1,28.0,0.337
T4023_2,216.4,-0.289
T4057_1,323.3,0.518
T4037_1,14.7,0.507
T4087_2,253.4,-0.034
T13249_2,311.2,0.206
T13249_1,283.4,0.033
T4085_2,181.5,-0.65
T13275_2,122.9,-0.072
T13222_1,183.3,-0.573
T324_2,6.5,0.705
T15834_1,89.4,0.001
T15834_2,317.5,0.015
T4060_2,284.8,0.168
T4060_1,90.1,-0.002
T15116_1,319.2,0.605
T4030_1,133.0,-0.281
T13248_2,242.1,-0.138
T13264_1,1.2,0.173
T4057_2,246.3,-0.154
T4088_2,245.5,-0.072
T4078_2,153.3,-0.459
T13267_2,345.7,0.276
T13267_1,56.6,0.323
T15340_2,199.4,-0.371
T4094_1,27.7,0.599
T13257_2,183.6,-0.262
T4088_1,148.6,-0.214
T13170_2,118.0,-0.199
T13269_1,101.6,-0.015
T13232_2,296.6,0.302
T4084_1,171.4,-0.719
T4084_2,189.4,-0.706
T13270_2,257.4,-0.023
T13251_2,111.6,-0.015
T13187_1,127.4,-0.428
T13266_2,109.5,-0.039
T4082_2,188.0,-0.154
T4167_2,275.6,0.015
T13177_2,230.5,-0.418
O516_2,88.4,0.002
T13209_2,150.1,-0.589
T13268_2,223.4,-0.038
T4037_2,297.6,0.348
T13165_1,195.3,-0.74
L528_1,113.0,-0.037
T13209_1,156.2,-0.642
T324_1,182.6,-0.601
L529_2,295.4,0.015
T15342_2,271.8,0.008
T15342_1,59.3,0.087
O515_1,25.4,0.125
T4080_2,240.4,-0.038
T4080_1,103.8,-0.022
T13231_1,170.6,-0.144
T15116_2,172.1,-0.445
T13256_1,185.1,-0.19
T4071_1,226.2,-0.437
T13270_1,164.7,-0.09
T13263_1,94.2,-0.019
T15140_2,220.5,-0.467
T15140_1,26.5,0.751
T13256_2,188.6,-0.285
L529_1,79.6,0.019
T4093_1,13.0,0.637
T13187_2,163.3,-0.536
T15889_1,155.6,-0.317
T4094_2,192.6,-0.441
T13257_1,176.0,-0.177
T13284_1,95.8,-0.076
L530_2,5.1,0.017
T12950_2,8.5,0.595
T13276_2,158.1,-0.058
T4087_1,175.0,-0.096
T13245_2,14.0,0.329
L530_1,46.4,0.266
T4167_1,179.0,-0.381
T13177_1,204.8,-0.69
T13227_2,106.9,-0.039
T13233_2,321.8,0.573
T17029_2,296.9,0.305
T4056_1,22.1,0.24
T4056_2,272.0,0.02
T13282_2,338.0,0.382
T17026_2,326.1,0.575
T13233_1,159.6,-0.368
T13229_2,229.6,-0.438
T15358_2,342.4,0.234
T13307_2,19.4,0.191
T13255_1,77.2,0.081
T13308_2,302.4,0.288
T13277_2,67.7,0.081
T13207_1,301.9,0.025
T13207_2,86.5,0.018
T13308_1,131.9,-0.463
T4093_2,198.5,-0.379
L531_2,170.5,-0.051
T13255_2,345.2,0.167
T17834_1,37.1,0.417
T13284_2,206.8,-0.362
T13242_2,291.0,0.318
T15119_1,321.4,0.383
L529_3,219.6,-0.078
T13264_2,16.1,0.102
T13265_1,146.3,-0.078
T13265_2,213.2,-0.061
T13318_1,16.8,0.507
T13262_2,316.1,0.559
T13232_1,181.6,-0.303
T13219_1,11.6,0.798
T13219_2,348.8,0.795
T13316_2,218.1,-0.175
T13230_2,348.7,0.753
T13230_1,245.1,-0.09
L532_1,256.6,-0.003
T13312_2,297.8,0.08
T4117_2,225.9,-0.126
T13271_2,301.4,0.228
T13322_2,207.8,-0.434
T17834_2,317.5,0.346
T4117_1,152.8,-0.085
T13238_1,335.3,0.533
T13266_1,142.1,-0.132
T13285_1,329.3,0.345
L530_3,213.3,-0.509
O516_3,182.8,-0.219
T13271_1,254.9,-0.104
T17026_1,167.2,-0.485
T13268_1,197.9,-0.185
T13289_1,145.8,-0.095
T13316_1,169.8,-0.105
T13214_1,2.3,0.732
T13289_2,222.7,-0.075
T13243_2,310.4,0.389
T13229_1,218.2,-0.549
T15245_2,341.3,0.632
T15245_1,16.4,0.715
T12950_1,103.1,-0.143
T13321_2,191.0,-0.065
T13320_1,191.4,-0.273
T15114_1,307.6,0.405
T13315_1,199.0,-0.038
L533_2,208.8,-0.008
T13225_1,294.6,0.075
T13136_2,324.0,0.282
O515_2,210.9,-0.333
T13306_1,163.6,-0.117
T13321_1,169.1,-0.085
T13320_2,147.2,-0.524
T13214_2,344.5,0.627
L531_1,1.2,0.547
T17027_1,3.6,0.559
T13280_2,359.0,0.642
L534_1,156.0,-0.008
T13280_1,23.6,0.661
T13225_2,229.7,-0.49
T13262_1,185.6,-0.141
L533_3,296.5,0.199
T13235_2,3.8,0.766
T13235_1,14.3,0.724
T13244_2,291.5,0.149
T13244_1,9.4,0.678
T15114_2,239.4,-0.251
T13190_1,11.7,0.623
T15121_2,349.0,0.691
T15131_1,358.9,0.684
T13306_2,184.5,-0.047
T13190_2,344.7,0.743
T17029_1,52.3,0.244
T13152_2,0.6,0.086
T13152_1,36.3,0.067
T13307_1,94.5,-0.012
T13242_1,211.2,-0.676
T4083_1,145.5,-0.564
T13238_2,332.3,0.579
L535_1,312.6,0.022
T4175_2,144.1,-0.061
L536_2,143.0,-0.016
T13323_1,196.8,-0.168
T17039_2,308.6,0.479
T4175_1,196.5,-0.049
L533_1,193.4,-0.288
T13282_1,188.1,-0.607
T13259_1,39.1,0.563
T13259_2,240.4,-0.089
T15120_2,357.2,0.577
T13239_1,145.9,-0.29
T13239_2,356.5,0.071
T15134_2,317.7,0.307
T4112_1,350.3,0.226
T4112_2,221.8,-0.574
T13188_2,341.2,0.226
T13188_1,145.0,-0.234
T4086_1,45.5,0.389
T4086_2,36.8,0.623
T13346_1,149.5,-0.296
T17037_1,22.6,0.737
T15127_2,354.4,0.656
T4111_2,318.3,0.546
T13318_2,177.7,-0.154
T13291_1,298.0,0.169
T4110_1,359.9,0.762
L539_3,287.4,0.155
T13285_2,173.5,-0.495
T13312_1,146.4,-0.2
T15129_2,318.4,0.226
T13339_2,262.4,-0.07
T4187_1,125.6,-0.082
T15358_1,197.4,-0.398
T13237_1,359.5,0.831
T13329_2,228.2,-0.108
T13313_1,175.4,-0.378
T17031_2,342.9,0.553
T4109_2,319.4,0.582
T4186_1,164.9,-0.013
T13339_1,353.5,0.243
T13313_2,211.0,-0.397
T13136_1,148.9,-0.201
T13277_1,84.8,0.018
T13317_1,52.6,0.145
L538_3,314.1,0.319
T13240_1,343.5,0.442
L537_1,353.7,0.151
T13293_1,120.5,-0.052
T13293_2,261.8,-0.051
T4083_2,163.9,-0.481
T15115_2,280.6,0.057
T13300_2,319.8,0.151
T4026_2,300.6,0.357
T4026_1,3.2,0.553
L538_1,18.2,0.516
T13258_1,125.3,-0.204
T13287_1,13.6,0.805
T15131_2,255.7,-0.079
T13260_2,329.5,0.524
T13260_1,16.4,0.657
T13314_2,257.0,-0.013
T13287_2,228.2,-0.3
T13303_2,347.9,0.652
T13305_2,357.2,0.587
T13333_2,323.1,0.403
T13237_2,350.3,0.596
T17039_1,154.2,-0.509
T4111_1,215.0,-0.465
L535_2,260.7,-0.013
T13311_2,12.6,0.057
T4187_2,233.1,-0.107
T13252_2,352.1,0.612
T15119_2,171.9,-0.585
T4110_2,209.2,-0.803
T15121_1,199.6,-0.582
T13252_1,233.0,-0.148
T13314_1,158.4,-0.191
T15130_2,341.0,0.659
T15128_1,274.7,0.023
T13298_1,29.9,0.172
T13178_1,72.1,0.034
T4101_2,241.2,-0.137
T13088_2,253.3,-0.097
T13311_1,65.2,0.027
T13296_1,348.3,0.657
T15117_1,348.6,0.619
T13088_1,150.7,-0.082
L532_2,220.7,-0.055
T13281_2,266.5,-0.022
L538_2,150.7,-0.034
T13330_2,349.6,0.127
T13322_1,210.1,-0.119
T4091_2,358.5,0.54
L536_3,191.1,-0.129
T4089_2,273.7,0.024
T4109_1,169.0,-0.762
T15128_2,253.2,-0.073
T13327_1,113.5,-0.228
T13319_2,346.6,0.416
T13297_1,6.3,0.183
T17031_1,21.5,0.265
T15339_1,12.5,0.202
T13291_2,235.5,-0.214
T13298_2,286.7,0.057
T13243_1,221.5,-0.504
T4092_2,306.0,0.34
T13346_2,197.0,-0.272
T13305_1,147.5,-0.408
T13247_1,30.2,0.618
T15893_2,194.4,-0.248
T13217_2,342.9,0.265
L536_1,7.6,0.047
T15132_1,349.8,0.599
T15130_1,208.3,-0.254
T13272_1,9.9,0.844
T15157_1,345.4,0.643
T13333_1,172.2,-0.11
T13315_2,179.4,-0.188
T13247_2,336.5,0.57
T15160_2,293.4,0.186
T15133_1,358.4,0.455
T15136_2,238.1,-0.143
T15136_1,12.1,0.756
T13254_2,241.6,-0.382
T13329_1,190.8,-0.322
T17027_2,212.1,-0.558
L534_2,132.5,-0.103
T13297_2,162.1,-0.314
T13261_1,134.5,-0.443
T4186_2,170.6,-0.207
T13253_2,155.4,-0.587
T15356_2,241.0,-0.092
T15356_1,29.8,0.331
T13253_1,139.1,-0.548
T15893_1,126.6,-0.193
T4169_2,273.6,0.021
T13295_1,116.5,-0.132
T13295_2,297.5,0.1
T13304_1,344.6,0.276
T13327_2,129.2,-0.208
T13281_1,116.6,-0.038
T13300_1,155.2,-0.438
T13309_2,311.0,0.22
T15352_2,330.1,0.46
T13323_2,274.4,0.006
T13272_2,204.8,-0.296
L539_2,5.5,0.014
T13362_1,26.6,0.21
T4090_2,322.2,0.408
L540_1,317.5,0.014
T13343_2,350.0,0.574
T13368_2,215.8,-0.381
T13368_1,201.0,-0.359
T4097_2,193.7,-0.478
T15157_2,216.6,-0.302
T13258_2,163.3,-0.634
T13357_2,319.0,0.078
L541_3,315.4,0.114
T15120_1,172.9,-0.533
T15134_1,169.0,-0.732
T13332_2,333.4,0.33
T4097_1,182.8,-0.625
T13317_2,199.5,-0.24
T15133_2,239.1,-0.283
T17037_2,195.1,-0.722
T13261_2,180.9,-0.645
T15127_1,202.5,-0.619
L541_2,3.4,0.068
T4169_1,126.3,-0.107
T13290_1,293.9,0.105
L537_2,121.1,-0.039
T4101_1,243.0,-0.063
T13254_1,214.7,-0.686
T15129_1,197.4,-0.563
L542_3,298.3,0.015
L542_2,108.9,-0.035
T13357_1,318.1,0.102
T15164_2,321.0,0.238
T4027_2,284.9,0.128
T13350_1,57.6,0.086
T13332_1,157.4,-0.529
T4092_1,236.5,-0.274
T15137_1,65.7,0.174
T17533_2,345.7,0.101
T13240_2,279.9,0.089
T15833_1,124.0,-0.204
T15833_2,296.7,0.023
T13350_2,236.7,-0.133
T13292_1,284.2,0.088
T15115_1,172.0,-0.548
T13349_1,127.9,-0.056
T15137_2,260.9,-0.078
T13336_2,268.9,-0.008
T13319_1,348.3,0.135
T13324_1,38.9,0.281
T13334_1,11.4,0.371
T13303_1,217.4,-0.057
L538_4,193.9,-0.155
T13340_1,355.9,0.265
T13324_2,272.5,0.006
T15164_1,239.6,-0.075
T4103_2,246.4,-0.07
T15132_2,203.9,-0.452
T4106_2,223.3,-0.156
T15163_2,313.0,0.245
T13334_2,267.4,-0.006
T4104_1,41.7,0.206
T13296_2,232.9,-0.45
T13310_2,240.6,-0.363
T13178_2,211.3,-0.103
T15117_2,204.2,-0.437
T13290_2,214.7,-0.219
T4091_1,206.7,-0.396
T13309_1,109.4,-0.155
T13330_1,269.3,-0.001
T13360_2,6.2,0.261
T4089_1,215.9,-0.618
L543_2,303.3,0.012
T13356_1,61.8,0.286
L545_2,96.0,-0.009
T15339_2,213.8,-0.288
T13286_1,177.8,-0.593
T13343_1,155.6,-0.442
T15160_1,174.0,-0.64
T13347_2,92.7,-0.005
T13347_1,67.7,0.086
T13335_1,188.3,-0.297
T13217_1,313.0,0.438
T13362_2,168.8,-0.177
T13286_2,165.1,-0.52
T13304_2,164.4,-0.308
T4114_2,307.7,0.277
L542_1,183.0,-0.189
T13349_2,181.5,-0.102
T13294_2,222.9,-0.401
T17035_2,266.7,-0.037
T17035_1,120.8,-0.292
T15352_1,194.1,-0.363
T13288_2,184.8,-0.598
T13279_1,39.7,0.199
T13288_1,169.7,-0.645
T4106_1,152.9,-0.357
T13325_2,177.6,-0.555
T13325_1,169.5,-0.69
L539_1,81.3,0.022
T13246_2,295.8,0.24
T13246_1,346.2,0.48
T4115_1,328.0,0.434
T4090_1,201.7,-0.694
L540_2,302.1,0.016
T13302_2,242.6,-0.335
T13335_2,237.8,-0.294
T13279_2,270.8,0.002
T4113_2,324.3,0.335
T13294_1,163.9,-0.443
T13310_1,251.0,-0.176
T13375_2,238.9,-0.099
T13372_1,236.9,-0.077
T13375_1,234.1,-0.098
T4096_1,140.4,-0.55
T13301_1,63.3,0.388
T13301_2,71.3,0.249
L541_1,149.6,-0.079
T4114_1,186.6,-0.511
T13302_1,144.2,-0.588
T13328_1,153.9,-0.413
T15135_1,18.0,0.75
L545_1,118.2,-0.113
T13361_2,349.0,0.424
T4153_1,74.5,0.182
T13328_2,176.7,-0.566
T4174_2,196.8,-0.197
T13376_1,192.3,-0.118
T4174_1,236.1,-0.032
T13336_1,162.9,-0.281
T4154_2,41.3,0.566
T15135_2,249.1,-0.083
L544_2,42.6,0.001
T4096_2,189.6,-0.669
L545_3,303.0,0.114
T13337_2,206.1,-0.521
T4027_1,208.9,-0.422
T4102_2,330.6,0.051
T15354_1,11.2,0.175
T13356_2,126.1,-0.197
T15894_2,237.2,-0.188
T13369_1,310.0,0.336
T17533_1,91.3,-0.002
T13394_2,225.8,-0.212
T13292_2,218.9,-0.569
T13358_2,262.4,-0.033
T13337_1,166.1,-0.661
T13358_1,134.6,-0.322
T16793_1,357.0,0.167
T4098_1,97.7,-0.041
T13394_1,115.6,-0.078
T13342_2,285.4,0.138
T13340_2,166.1,-0.13
T4103_1,94.8,-0.005
T13369_2,178.0,-0.632
T4115_2,190.9,-0.647
T4189_1,187.8,-0.115
T4189_2,163.5,-0.168
T13386_2,166.4,-0.144
L548_2,352.8,0.077
T15163_1,209.4,-0.335
T15354_2,215.9,-0.294
T4104_2,216.9,-0.161
T4113_1,181.0,-0.586
T4095_2,321.7,0.151
T4095_1,71.4,0.101
T17054_1,34.8,0.253
T13299_2,15.8,0.543
T15894_1,164.0,-0.212
T13363_1,43.6,0.048
T4116_2,257.2,-0.064
T13342_1,180.2,-0.108
T13360_1,232.8,-0.133
L543_1,327.2,0.087
T16792_1,356.8,0.328
T13374_2,219.7,-0.308
T13374_1,195.3,-0.328
T13367_1,312.6,0.487
T17040_2,265.3,-0.043
T17040_1,65.1,0.293
T4153_2,199.6,-0.549
T13344_1,347.2,0.766
T15159_1,326.9,0.579
T13344_2,295.2,0.184
L546_1,285.6,0.016
T4118_2,213.8,-0.172
T13341_1,174.4,-0.665
T13388_2,254.8,-0.046
T13388_1,99.1,-0.012
T15351_2,325.2,0.146
T15353_1,7.6,0.251
L547_1,91.6,-0.01
T13389_2,293.4,0.043
L547_2,52.7,0.003
T16815_2,234.1,-0.042
T16815_1,92.8,-0.037
T4129_1,343.4,0.152
T15457_2,267.5,-0.037
T15457_1,166.4,-0.086
T13390_1,200.9,-0.079
L548_1,287.4,0.047
T4118_1,139.4,-0.116
T13385_1,92.2,-0.014
T13385_2,243.2,-0.199
T13379_2,274.0,0.014
T13326_1,179.7,-0.679
T13278_1,41.2,0.138
T13361_1,162.8,-0.504
T13365_2,238.3,-0.289
T13387_2,317.3,0.378
T13326_2,183.3,-0.578
T13299_1,112.2,-0.227
T4098_2,101.6,-0.039
T13397_1,233.9,-0.117
T13278_2,44.1,0.108
T13331_2,205.8,-0.628
T15161_2,326.2,0.609
T13352_2,288.2,0.096
T15158_1,352.4,0.754
T13387_1,158.2,-0.488
T13379_1,140.6,-0.12
T4129_2,207.6,-0.258
T13283_2,236.4,-0.083
T16793_2,137.8,-0.16
T13372_2,212.0,-0.177
T4116_1,134.2,-0.084
T13404_2,236.4,-0.165
T13352_1,168.5,-0.144
T13331_1,178.5,-0.644
T4108_2,289.1,0.093
T4154_1,138.8,-0.627
T13351_2,193.0,-0.737
T17054_2,242.2,-0.281
T16051_1,116.9,-0.223
T13376_2,191.9,-0.1
T13283_1,175.2,-0.365
T13345_1,143.9,-0.228
T13345_2,318.9,0.158
T16795_1,357.9,0.474
L544_1,12.6,0.074
T13393_2,292.9,0.134
L545_4,153.0,-0.222
T15343_2,304.1,0.234
T15355_1,57.2,0.165
T4102_1,210.2,-0.097
T15162_1,351.3,0.677
T13397_2,253.3,-0.226
T13341_2,202.9,-0.644
T13367_2,272.1,0.029
T13396_1,315.8,0.236
T13348_1,159.6,-0.64
T13378_1,310.2,0.318
L546_2,216.4,-0.065
T13354_1,117.1,-0.274
T13383_2,210.0,-0.118
T13386_1,151.6,-0.245
T13383_1,117.4,-0.05
T13273_1,349.4,0.075
T13273_2,342.1,0.083
T13393_1,153.6,-0.672
T13274_2,330.5,0.063
T4126_2,237.8,-0.118
T15343_1,145.0,-0.272
T13363_2,167.5,-0.185
T13348_2,178.2,-0.828
L547_3,279.2,0.004
T13398_1,333.6,0.366
T13396_2,184.3,-0.849
T16792_2,185.0,-0.067
T4119_2,224.0,-0.059
T4119_1,173.9,-0.073
T16051_2,275.0,0.017
L549_1,186.7,-0.039
T13365_1,236.1,-0.16
T15159_2,175.8,-0.705
T13401_1,322.5,0.213
L548_3,205.7,-0.306
T13371_1,4.6,0.139
T15355_2,261.0,-0.053
T13402_1,100.1,-0.029
T13354_2,190.8,-0.699
T15351_1,201.6,-0.363
T4107_1,162.1,-0.667
T15353_2,209.7,-0.238
T13390_2,197.9,-0.078
T13389_1,162.9,-0.277
L550_1,314.5,0.013
T15161_1,164.4,-0.759
T13371_2,221.3,-0.19
T13382_1,44.5,0.405
T4126_1,161.2,-0.239
T13382_2,29.9,0.32
T15158_2,193.2,-0.659
T13351_1,151.3,-0.533
T13403_1,319.9,0.256
T4108_1,154.9,-0.395
T13370_1,323.3,0.296
T13421_1,39.4,0.247
T13404_1,191.0,-0.305
L551_2,349.2,0.049
T13414_1,32.4,0.515
T13377_1,101.5,-0.094
L549_2,227.4,-0.149
T13414_2,17.3,0.238
T13353_2,246.2,-0.109
T13353_1,202.7,-0.372
T13432_1,21.8,0.518
T13380_2,239.8,-0.18
T13408_2,250.9,-0.04
T13377_2,164.0,-0.384
T13403_2,182.0,-0.723
T4168_2,248.6,-0.065
T13411_2,208.3,-0.075
T13416_2,204.6,-0.093
T4128_1,16.8,0.213
T16795_2,178.0,-0.391
T4107_2,210.1,-0.575
T13381_2,271.1,0.005
T13429_2,28.9,0.524
T13359_2,229.7,-0.526
T4105_2,270.8,0.007
T13359_1,189.8,-0.654
T4168_1,146.4,-0.067
T13400_2,163.1,-0.211
T13400_1,177.4,-0.138
T15162_2,192.5,-0.546
T13378_2,226.8,-0.277
T13419_1,142.6,-0.055
T13398_2,162.8,-0.602
T13380_1,180.9,-0.561
T16049_2,243.9,-0.027
L552_1,307.5,0.041
T13381_1,199.9,-0.259
T13422_1,193.9,-0.034
T13422_2,217.2,-0.072
T13408_1,199.2,-0.293
T13423_2,274.9,0.01
T13447_1,336.5,0.404
T16049_1,76.3,0.104
T13401_2,179.4,-0.377
T4133_1,331.7,0.743
T4133_2,276.3,0.059
T13411_1,204.9,-0.081
T13406_1,82.2,0.04
T13406_2,263.9,-0.061
L552_2,177.4,-0.012
T13427_1,235.2,-0.013
T13421_2,156.1,-0.146
T4128_2,202.3,-0.304
T13425_2,231.6,-0.125
T4134_1,74.8,0.142
T13425_1,52.5,0.129
T13274_1,77.0,0.012
T4105_1,162.2,-0.771
T13426_2,177.5,-0.086
T13364_1,176.8,-0.653
T13417_1,358.4,0.103
T13364_2,209.7,-0.559
T13432_2,69.5,0.115
T4135_2,6.9,0.598
L553_2,201.8,-0.033
T13440_2,183.2,-0.121
T13434_2,172.0,-0.131
T13440_1,158.9,-0.07
T4134_2,78.5,0.141
T16796_1,156.8,-0.448
T13451_1,13.0,0.209
T13402_2,185.0,-0.252
L617_4,284.9,0.029
T4164_2,256.8,-0.051
T4131_1,170.8,-0.236
T4188_1,176.0,-0.291
T4130_1,334.1,0.129
T17034_2,283.0,0.106
T13450_2,314.6,0.087
T13392_2,266.6,-0.02
T4164_1,141.6,-0.188
L554_2,268.5,-0.002
T13418_2,318.1,0.57
T13417_2,214.3,-0.302
T13355_2,346.4,0.458
T13395_1,56.8,0.315
T13444_1,181.5,-0.064
T13424_2,318.5,0.408
T13449_2,249.8,-0.045
T13424_1,150.0,-0.713
T13182_2,198.4,-0.146
T13452_3,229.0,-0.039
L550_2,108.0,-0.007
T13452_1,298.8,0.19
T13355_1,154.1,-0.131
T13182_1,212.9,-0.138
T13429_1,123.8,-0.175
T4127_1,28.9,0.237
T13373_1,166.7,-0.782
L554_3,47.2,0.02
L554_1,103.7,-0.101
T13457_2,208.5,-0.17
T15690_2,226.6,-0.245
T13373_2,192.5,-0.65
T13370_2,207.8,-0.102
T15544_2,281.3,0.026
T13395_2,358.7,0.396
T13392_1,246.5,-0.023
L551_1,167.0,-0.251
T15544_1,153.1,-0.158
T15892_2,239.6,-0.155
T15891_2,255.7,-0.028
T13431_1,283.3,0.114
T15690_1,97.3,-0.036
L552_3,211.2,-0.107
T13407_2,39.2,0.68
T13463_1,204.3,-0.147
T13437_2,15.7,0.214
T13471_1,181.6,-0.037
T13471_2,137.5,-0.015
T13445_2,166.6,-0.334
T17034_1,149.5,-0.49
T4125_2,92.4,-0.022
T13416_1,209.6,-0.107
T13467_2,334.0,0.261
T13415_1,120.6,-0.249
T13435_1,70.4,0.081
T13468_1,37.0,0.356
T13428_1,165.0,-0.069
L554_4,198.8,-0.548
T13428_2,219.4,-0.07
T13415_2,161.0,-0.397
T15895_2,346.3,0.142
T13431_2,245.6,-0.203
T13419_2,201.8,-0.094
T15895_1,341.8,0.169
T13469_2,14.9,0.035
T13418_1,190.3,-0.418
T4081_2,342.5,0.139
T13438_2,20.9,0.395
T13443_2,83.3,0.002
T13451_2,188.6,-0.174
T13423_1,185.3,-0.116
T15357_1,29.4,0.283
T16796_2,192.9,-0.371
T13420_2,308.4,0.42
L555_3,228.8,-0.211
T13427_2,192.7,-0.079
T13420_1,203.3,-0.371
T15892_1,176.3,-0.312
T14874_1,113.9,-0.05
T13426_1,204.4,-0.122
T4136_1,87.1,0.036
T4135_1,182.2,-0.367
T4130_2,206.9,-0.049
T14874_2,253.8,-0.047
T13469_1,258.7,-0.049
T4136_2,139.5,-0.551
T13434_1,250.2,-0.004
T4131_2,337.3,0.099
L555_2,86.8,0.0
T13467_1,198.4,-0.27
T15357_2,219.2,-0.156
L553_1,210.8,-0.089
T13496_1,113.9,-0.11
T13486_2,254.1,-0.087
T13438_1,151.4,-0.483
T13384_2,291.7,0.057
T13496_2,249.2,-0.084
T13384_1,338.7,0.036
T13509_2,260.3,-0.056
T13460_1,326.7,0.349
T4081_1,14.6,0.291
T13435_2,173.4,-0.278
T13490_2,117.0,-0.194
T4138_1,298.8,0.135
T13488_2,340.0,0.119
T4188_2,130.1,-0.242
T13482_1,139.5,-0.186
T4127_2,198.3,-0.482
L556_2,124.2,-0.002
T17038_2,292.2,0.224
L557_1,33.9,0.635
T13449_1,196.6,-0.271
T4163_2,339.3,0.308
T13445_1,214.4,-0.208
T13444_2,190.8,-0.176
T13450_1,205.1,-0.108
T13441_2,126.6,-0.079
T13490_1,82.4,0.027
L557_2,217.6,-0.137
T15891_1,115.9,-0.158
T4132_1,277.0,0.087
T13517_2,277.4,0.057
T13517_1,127.9,-0.387
T13452_2,184.4,-0.352
T4163_1,191.6,-0.266
T13437_1,65.8,0.208
O517_4,235.6,-0.031
T13512_1,47.0,0.081
L558_1,278.3,0.047
T13486_1,157.9,-0.258
T13430_2,210.8,-0.123
T13457_1,193.8,-0.14
T13482_2,172.4,-0.292
T16429_2,250.7,-0.064
T16429_1,133.9,-0.133
T15689_1,97.3,-0.049
T13468_2,53.7,0.172
T15689_2,270.8,0.008
T13430_1,131.3,-0.334
T13509_1,135.5,-0.141
T14872_2,305.5,0.208
T4137_2,22.8,0.415
T13488_1,192.6,-0.416
T13463_2,208.6,-0.121
T13407_1,135.8,-0.543
T13519_2,339.7,0.564
T14872_1,129.0,-0.166
L559_1,39.2,0.061
L560_2,13.1,0.016
T4125_1,92.3,-0.023
T13487_1,177.6,-0.151
T13487_2,196.1,-0.138
T13456_1,144.1,-0.247
T13461_2,334.9,0.257
T13464_2,311.0,0.149
T13433_1,158.2,-0.198
T13433_2,347.9,0.499
L567_3,305.8,0.24
T13519_1,181.7,-0.834
L563_5,236.6,-0.238
T13473_1,355.9,0.541
T13441_1,157.1,-0.388
L561_1,331.3,0.067
L561_2,159.0,-0.016
T13443_1,171.7,-0.389
T17047_1,312.2,0.269
T13366_1,72.6,0.047
T13366_2,335.0,0.313
T13527_2,302.2,0.07
T13409_2,3.3,0.306
T13465_1,303.4,0.214
T13480_2,317.1,0.061
T13516_2,161.6,-0.155
T13515_2,149.9,-0.096
T13492_1,85.1,0.019
T17047_2,201.7,-0.494
T13492_2,235.2,-0.217
T13516_1,154.7,-0.268
T13461_1,165.9,-0.357
T13439_1,105.6,-0.038
T13442_2,359.0,0.656
T13442_1,3.6,0.676
T13458_1,6.3,0.637
T13460_2,331.8,0.059
T4138_2,221.3,-0.165
T13456_2,184.6,-0.548
T13522_2,205.1,-0.279
T13522_1,206.5,-0.249
L555_1,289.9,0.007
T15879_2,216.8,-0.198
T16794_2,336.4,0.429
T13455_1,19.7,0.301
T13455_2,260.9,-0.084
T4152_1,56.6,0.404
T15879_1,148.4,-0.289
T17038_1,140.9,-0.425
T13436_2,289.0,0.22
T15350_1,23.7,0.369
T13510_1,171.3,-0.186
T13508_2,24.1,0.506
T13506_1,34.3,0.719
T13508_1,35.8,0.583
T13493_1,139.0,-0.07
T13446_1,340.5,0.149
T13510_2,236.3,-0.112
T4137_1,41.3,0.37
L556_1,243.0,-0.055
T16791_2,317.1,0.224
T13526_1,49.9,0.391
T16791_1,131.9,-0.453
T13464_1,166.5,-0.392
T13527_1,48.8,0.016
T4132_2,242.4,-0.304
T16794_1,151.2,-0.532
T13478_1,281.4,0.013
L557_3,73.1,0.028
T13458_2,317.5,0.272
T13512_2,228.8,-0.036
L568_3,291.1,0.159
L562_1,292.2,0.014
T13466_2,349.5,0.503
T15350_2,243.4,-0.119
T16433_2,296.8,0.147
T13481_1,196.4,-0.091
T13481_2,2.6,0.143
T13459_2,81.4,0.124
T13473_2,174.8,-0.561
T4272_1,191.9,-0.11
T13513_1,240.2,-0.11
L558_2,339.3,0.043
T4156_2,284.4,0.102
T13501_1,322.4,0.097
T13466_1,126.2,-0.158
T13453_1,46.9,0.316
T13453_2,350.8,0.53
T13521_2,284.7,0.168
T13483_2,18.5,0.645
T13470_1,32.2,0.404
T13462_2,3.3,0.529
T15347_1,15.9,0.236
T4272_2,150.4,-0.139
T13459_1,151.4,-0.672
T13518_2,136.7,-0.057
T4142_2,266.3,-0.026
T4142_1,199.7,-0.107
T13470_2,249.2,-0.112
T13543_1,158.1,-0.328
T13498_1,27.5,0.323
T13543_2,281.7,0.094
L561_3,192.3,-0.376
T13479_2,267.6,-0.014
T13540_1,67.1,0.105
T4155_2,239.9,-0.314
L563_3,14.1,0.09
T13513_2,323.2,0.146
T15347_2,199.3,-0.257
T13501_2,210.9,-0.264
T13514_1,88.7,0.016
T13549_1,269.0,-0.006
T13514_2,219.2,-0.5
T13541_2,9.9,0.142
L563_2,215.6,-0.325
T13483_1,163.9,-0.597
L563_4,235.0,-0.027
T13499_2,332.7,0.163
T4141_1,24.7,0.242
T13454_1,67.7,0.316
T13436_1,215.4,-0.714
T13523_1,177.3,-0.214
T13521_1,283.9,0.056
T13480_1,222.7,-0.139
T13540_2,192.2,-0.532
T13499_1,78.8,0.021
L560_1,177.0,-0.189
T13474_1,346.8,0.69
L559_2,338.6,0.029
T13409_1,148.0,-0.294
T13454_2,114.8,-0.374
T4155_1,155.2,-0.693
T4141_2,249.2,-0.107
O517_1,52.9,0.125
T16433_1,127.5,-0.209
L564_1,307.7,0.069
T4140_2,251.0,-0.305
T4140_1,52.7,0.551
T4181_2,313.8,0.124
L565_2,117.7,-0.05
T4143_2,24.3,0.17
T13462_1,91.5,-0.012
L566_3,197.8,-0.348
T15349_1,19.3,0.281
L566_2,108.3,-0.065
T13515_1,167.6,-0.509
T4152_2,172.7,-0.563
T4180_2,306.6,0.183
T4182_1,45.3,0.053
T13446_2,297.4,0.074
T13523_2,274.0,0.005
T15349_2,210.8,-0.493
T13552_2,343.6,0.445
T17053_2,315.4,0.335
T15694_2,263.7,-0.057
O517_2,239.2,-0.031
T4182_2,207.0,-0.342
T13526_2,203.0,-0.144
T13555_2,317.0,0.184
T13465_2,203.2,-0.314
T15543_2,309.2,0.084
T13541_1,193.9,-0.671
T4180_1,175.4,-0.797
T13506_2,205.7,-0.173
L567_2,246.7,-0.124
T13479_1,185.8,-0.408
T4148_1,99.7,-0.129
T13491_2,187.7,-0.049
T13491_1,174.4,-0.139
T13547_2,226.3,-0.105
T13485_1,66.5,0.313
T13485_2,287.1,0.117
T13410_2,337.4,0.308
T13410_1,26.8,0.308
T13528_1,165.8,-0.291
L568_2,129.1,-0.026
T13535_2,200.2,-0.164
T17050_1,9.9,0.36
T4144_1,141.0,-0.529
T13528_2,182.2,-0.215
T15543_1,195.0,-0.205
T13413_2,290.9,0.14
T13413_1,9.0,0.461
T13530_2,213.5,-0.104
L568_1,92.9,-0.009
T4148_2,181.1,-0.856
T13476_2,213.3,-0.086
T13439_2,168.0,-0.274
T4144_2,156.0,-0.713
T13525_1,205.9,-0.081
T13553_1,171.4,-0.116
T13553_2,116.0,-0.094
T13493_2,163.4,-0.093
T15694_1,121.3,-0.208
T4157_1,352.4,0.317
T4181_1,162.9,-0.54
T13494_2,21.7,0.409
T13551_1,128.4,-0.055
T4162_2,155.3,-0.193
T13533_2,141.4,-0.132
L568_4,214.5,-0.322
L563_1,160.8,-0.575
T13546_2,337.5,0.186
T13564_1,317.7,0.209
L569_1,93.2,-0.002
T17049_1,324.6,0.268
T4162_1,123.9,-0.153
T13472_2,313.4,0.219
T17048_1,351.5,0.401
T13477_2,89.6,0.004
T4156_1,191.5,-0.37
T13489_1,36.4,0.241
T13503_2,327.7,0.486
T17053_1,152.0,-0.528
T13500_1,152.8,-0.514
O517_3,336.0,0.1
T17045_1,0.8,0.361
T13505_2,157.4,-0.436
T4160_2,183.5,-0.073
T4160_1,174.5,-0.075
T13554_1,142.7,-0.248
T13558_2,191.6,-0.107
T13500_2,239.6,-0.069
T13489_2,314.0,0.19
T13478_2,187.2,-0.389
T13550_2,331.7,0.655
L570_1,26.3,0.497
T13534_2,102.2,-0.007
T13550_1,182.4,-0.673
L562_2,233.7,-0.043
T13505_1,202.4,-0.118
T4150_1,99.0,-0.14
T13472_1,351.6,0.307
T13475_1,65.0,0.099
T13475_2,264.8,-0.018
T13503_1,129.5,-0.349
T13498_2,173.0,-0.513
T13582_2,321.4,0.12
T13537_1,156.3,-0.506
T13576_2,302.9,0.323
T13518_1,171.0,-0.026
T13538_1,218.1,-0.193
L570_2,285.3,0.007
T13474_2,159.2,-0.603
T13538_2,247.0,-0.047
T4159_1,78.3,0.07
T4159_2,272.8,0.039
T13476_1,97.7,-0.057
T13563_2,349.2,0.288
T4143_1,209.5,-0.407
T13563_1,50.5,0.164
T4150_2,166.7,-0.906
T13544_1,209.2,-0.047
T17050_2,281.2,0.063
T13562_2,259.7,-0.019
T13448_2,233.1,-0.332
T13504_1,326.0,0.531
T13448_1,354.1,0.382
T13548_2,217.6,-0.272
T13497_1,277.8,0.004
T17048_2,233.2,-0.197
L565_1,326.8,0.105
T4158_1,123.4,-0.238
T4157_2,194.5,-0.388
T13548_1,153.7,-0.575
T4158_2,183.8,-0.661
L564_2,184.8,-0.311
T17049_2,226.5,-0.187
T13520_2,311.4,0.261
T13520_1,21.4,0.486
L566_1,190.3,-0.433
T13534_1,177.8,-0.334
T13555_1,198.3,-0.499
T13576_1,123.0,-0.078
O518_3,327.2,0.176
T13511_2,99.5,-0.147
T13551_2,163.6,-0.281
T13535_1,187.1,-0.185
T13569_1,102.3,-0.026
T13552_1,191.8,-0.532
T13525_2,238.9,-0.048
T15896_2,121.2,-0.142
T13484_1,156.5,-0.802
T17046_2,265.3,-0.032
T17046_1,39.7,0.218
T13530_1,219.6,-0.061
T13562_1,189.3,-0.248
T13573_2,227.5,-0.283
T13529_2,5.8,0.703
T13507_1,55.1,0.315
L567_1,71.2,0.073
T13547_1,201.7,-0.165
T13556_2,135.5,-0.164
T17043_1,336.3,0.434
T15896_1,114.0,-0.276
T14871_2,250.2,-0.05
T13572_2,291.2,0.065
T4165_1,83.6,0.051
T13564_2,243.8,-0.031
T15346_1,16.8,0.342
T13531_1,167.6,-0.167
T13531_2,203.4,-0.112
T14871_1,104.2,-0.063
T13537_2,306.7,0.127
T13494_1,87.2,0.012
T13533_1,163.4,-0.305
T13554_2,167.4,-0.165
L571_1,271.0,0.0
T13577_1,244.6,-0.016
T13497_2,212.7,-0.193
T4165_2,236.9,-0.153
T13575_2,244.9,-0.023
T13575_1,172.1,-0.091
T13477_1,128.4,-0.365
T13546_1,207.2,-0.283
T13585_2,224.9,-0.07
L569_2,220.4,-0.099
T13484_2,183.1,-0.901
T13559_2,183.0,-0.231
T13559_1,169.6,-0.172
T13558_1,169.4,-0.549
L571_2,189.4,-0.049
T13568_1,172.8,-0.099
T13568_2,302.0,0.034
T4149_2,188.0,-0.881
T4149_1,112.4,-0.348
T17045_2,219.2,-0.399
T13601_1,118.2,-0.158
T13601_2,263.7,-0.09
T13569_2,202.4,-0.264
L570_3,325.7,0.05
T4177_1,60.6,0.366
T13570_2,254.3,-0.043
T13529_1,94.4,-0.026
T16428_2,324.9,0.229
T13567_2,155.7,-0.11
T13570_1,139.7,-0.198
T13502_2,150.7,-0.068
T13502_1,226.7,-0.053
T13507_2,356.8,0.344
T13565_2,175.5,-0.11
T13561_2,222.0,-0.138
T13583_1,198.1,-0.176
T13578_1,279.3,0.002
T13524_1,17.6,0.219
T13557_2,148.6,-0.434
T4166_1,157.0,-0.073
T4166_2,219.6,-0.164
O518_5,239.1,-0.255
T15692_2,299.2,0.224
T13579_1,180.9,-0.322
T13544_2,188.8,-0.246
T13573_1,155.0,-0.207
T13582_1,40.4,0.106
T15346_2,211.3,-0.246
T13511_1,106.3,-0.251
T15693_1,310.6,0.144
O518_2,17.3,0.17
T13557_1,131.3,-0.44
T13504_2,236.6,-0.358
T4173_2,191.4,-0.051
T4173_1,171.3,-0.065
T13587_2,205.0,-0.039
T4177_2,161.0,-0.487
T13536_1,97.7,-0.04
T13536_2,343.7,0.086
T4201_1,354.2,0.69
T13539_2,324.5,0.129
T4184_2,274.1,0.044
T4184_1,140.8,-0.385
T13524_2,209.2,-0.213
T4201_2,347.5,0.577
T4145_1,129.6,-0.601
T4202_1,167.9,-0.085
O518_1,73.3,0.079
T17043_2,227.8,-0.256
T13532_1,311.7,0.227
T13571_2,208.8,-0.295
T13583_2,93.1,-0.007
T4161_1,142.7,-0.308
L572_1,6.4,0.017
T13597_1,159.6,-0.213
T16787_1,142.2,-0.112
T4145_2,195.3,-0.651
T13605_2,326.2,0.074
T13579_2,195.0,-0.337
T16790_1,348.4,0.218
T13603_2,154.1,-0.098
O519_1,1.3,0.218
T13586_1,175.3,-0.291
T4185_1,175.9,-0.381
T13580_2,218.7,-0.105
T13580_1,214.5,-0.106
T13539_1,38.0,0.43
T16428_1,173.0,-0.374
T13600_2,314.6,0.286
T13572_1,181.7,-0.465
T13581_1,177.3,-0.248
T13556_1,170.9,-0.169
O518_4,194.4,-0.548
T13560_1,0.4,0.094
T13561_1,164.9,-0.269
T15692_1,129.3,-0.147
T13589_2,301.2,0.099
T13574_1,164.7,-0.331
T13618_2,267.3,-0.006
T4192_2,291.0,0.127
T15693_2,198.4,-0.513
T13560_2,207.9,-0.23
T13594_1,130.3,-0.278
T13577_2,278.8,0.017
T4179_2,295.0,0.05
T4176_1,314.7,0.079
L573_1,343.5,0.005
T4179_1,154.5,-0.293
T4185_2,158.3,-0.466
T13594_2,150.9,-0.306
T13593_2,218.2,-0.258
T13609_1,245.8,-0.025
T4139_1,74.7,0.099
T4139_2,277.1,0.065
T13585_1,191.1,-0.304
T13599_1,265.4,-0.005
T13595_2,121.5,-0.385
T13588_2,238.6,-0.056
T13588_1,220.6,-0.067
T13616_2,69.2,0.007
T13611_2,230.0,-0.052
T15348_2,297.5,0.266
T13620_2,251.1,-0.091
T13593_1,121.1,-0.018
T13571_1,162.9,-0.184
T13565_1,200.7,-0.105
T13574_2,246.9,-0.088
T13578_2,216.4,-0.103
T13602_2,358.2,0.214
T13567_1,168.0,-0.277
T13617_2,305.4,0.07
L572_2,191.0,-0.066
T17044_2,284.4,0.081
T15348_1,90.7,-0.004
T16787_2,208.2,-0.134
T13532_2,215.3,-0.311
T13603_1,124.4,-0.253
T16789_1,111.1,-0.031
T17044_1,54.4,0.195
T13617_1,208.0,-0.27
T13599_2,112.5,-0.075
T13587_1,201.9,-0.111
T17036_1,14.7,0.543
T17036_2,253.5,-0.151
T4202_2,147.1,-0.459
T4192_1,203.1,-0.497
T4178_1,135.0,-0.346
T13591_1,116.6,-0.114
T13542_2,317.5,0.099
T13615_2,336.9,0.152
T13619_1,62.4,0.251
T13622_2,256.9,-0.109
T15345_1,98.9,-0.052
T13619_2,325.3,0.074
T4183_1,81.9,0.066
T13597_2,196.7,-0.024
O522_1,15.2,0.281
T15344_2,313.4,0.297
T4161_2,165.7,-0.345
T13581_2,176.8,-0.267
O528_3,345.1,0.389
T16789_2,191.2,-0.345
T13632_1,249.0,-0.051
T13629_1,149.0,-0.208
T13592_2,17.8,0.74
T13605_1,220.5,-0.115
T13633_1,226.6,-0.058
T13586_2,159.1,-0.236
O522_2,315.1,0.062
T16790_2,147.3,-0.258
T15345_2,253.7,-0.174
O528_2,316.9,0.091
T13634_2,308.7,0.509
T17052_1,21.4,0.471
T13635_1,209.3,-0.047
T13591_2,219.1,-0.227
T4190_1,351.2,0.603
T17052_2,259.9,-0.065
T13600_1,145.0,-0.138
T13615_1,70.3,0.032
T4193_1,265.7,-0.007
T13627_2,283.7,0.044
T4190_2,191.8,-0.633
O529_2,9.2,0.337
T4178_2,200.3,-0.657
T13637_1,207.9,-0.302
T13637_2,212.4,-0.253
T13634_1,88.1,0.018
T17051_2,333.0,0.335
T13622_1,160.1,-0.443
T13631_1,285.5,0.052
T13618_1,201.6,-0.086
O519_3,282.7,0.064
T13616_1,78.4,0.013
T13589_1,209.9,-0.127
T13629_2,276.4,0.017
L573_2,91.7,-0.001
T13609_2,204.5,-0.099
T13590_1,106.2,-0.018
T17041_2,282.7,0.122
T13590_2,13.1,0.046
T13610_2,260.0,-0.001
T4176_2,194.0,-0.17
O529_1,328.0,0.152
T4191_2,310.9,0.161
T4194_1,229.2,-0.107
T17051_1,209.9,-0.342
T16797_2,337.4,0.214
T15840_1,40.1,0.07
T13620_1,169.2,-0.178
T13595_1,149.2,-0.372
T13644_2,237.8,-0.049
T16432_1,179.1,-0.205
T15840_2,284.5,0.013
T16432_2,328.8,0.226
T13633_2,190.8,-0.388
T13625_1,50.6,0.057
T4197_2,274.9,0.022
T13606_1,238.9,-0.13
O522_3,217.6,-0.325
T13611_1,208.4,-0.183
T13644_1,152.6,-0.224
T13645_1,322.9,0.196
T16431_2,331.0,0.24
T13566_1,113.4,-0.346
T13602_1,210.8,-0.105
T13566_2,140.0,-0.65
T13627_1,207.4,-0.282
T4198_1,73.2,0.115
T4196_2,315.9,0.463
T13610_1,155.4,-0.376
T16797_1,104.7,-0.021
T13632_2,226.4,-0.141
T4198_2,285.6,0.084
T13584_1,296.4,0.111
T13626_2,22.3,0.034
T13613_2,320.3,0.17
T13648_2,45.9,0.072
L574_3,219.2,-0.233
L574_2,0.3,0.075
T13645_2,203.1,-0.311
T13607_1,303.7,0.117
O528_1,196.6,-0.297
T13542_1,69.5,0.113
T15344_1,158.8,-0.507
T13592_1,187.0,-0.482
T13606_2,193.5,-0.379
T13650_1,115.7,-0.239
T13647_2,36.8,0.568
T17042_1,347.4,0.47
T4183_2,192.8,-0.516
T13655_1,129.4,-0.141
T13655_2,230.4,-0.112
T13621_1,106.6,-0.049
T13621_2,77.4,0.021
T13651_1,164.2,-0.418
T13651_2,224.1,-0.361
T13647_1,69.0,0.272
T4200_2,178.5,-0.266
T13638_2,221.6,-0.215
T13638_1,155.2,-0.325
T13584_2,229.7,-0.28
O529_3,196.6,-0.393
T4200_1,224.2,-0.095
T13626_1,189.3,-0.099
T13625_2,195.9,-0.179
T13640_2,181.9,-0.118
T13635_2,184.2,-0.343
L575_2,324.6,0.044
T4196_1,176.9,-0.582
T4193_2,197.9,-0.467
T4197_1,192.8,-0.324
T13671_2,326.4,0.212
T13612_2,183.0,-0.152
T13612_1,148.1,-0.259
T13664_2,205.7,-0.08
T17041_1,137.6,-0.437
T13631_2,198.2,-0.656
T13664_1,203.9,-0.185
T13613_1,170.9,-0.336
T13654_1,211.1,-0.151
T4191_1,189.6,-0.376
T13608_1,302.2,0.414
L617_8,285.6,0.157
T4194_2,208.2,-0.101
T13607_2,235.8,-0.136
T13662_2,309.9,0.114
T4199_1,343.1,0.172
T16431_1,169.3,-0.303
L579_4,264.8,-0.016
T4212_1,138.4,-0.276
T4212_2,293.0,0.054
T13624_2,243.9,-0.171
T13669_1,125.2,-0.006
L575_1,52.4,0.37
T4204_1,312.3,0.12
T13650_2,222.6,-0.286
T13661_1,109.2,-0.024
T4195_1,178.0,-0.581
T4195_2,214.5,-0.282
T13545_2,242.1,-0.117
T13545_1,153.1,-0.13
T13642_2,253.5,-0.064
L574_1,116.3,-0.362
T16814_2,210.8,-0.086
T16814_1,94.6,-0.059
T13666_2,162.5,-0.079
T13665_2,291.1,0.045
T13596_1,140.6,-0.498
T13681_1,255.2,-0.017
T13663_2,4.6,0.217
T13640_1,134.0,-0.163
T4210_2,321.9,0.301
T4205_1,335.8,0.281
T4220_1,82.3,0.022
T13608_2,265.8,-0.061
T13648_1,209.7,-0.11
T13646_2,277.2,0.015
T13678_1,337.2,0.039
T17042_2,192.2,-0.552
T13675_2,209.1,-0.12
T13657_1,153.9,-0.213
T13670_2,338.5,0.036
T13596_2,193.1,-0.606
T13604_2,196.5,-0.418
T13642_1,124.7,-0.1
T13657_2,227.5,-0.194
T13658_2,145.1,-0.37
T13672_1,26.4,0.075
T13624_1,189.8,-0.606
T13675_1,92.7,-0.004
O530_3,252.5,-0.121
T13685_2,335.7,0.296
T13678_2,220.3,-0.191
O530_2,319.2,0.068
T13604_1,127.4,-0.497
O530_1,37.2,0.235
T13614_2,217.5,-0.367
T13672_2,229.5,-0.163
O519_4,222.0,-0.145
T4205_2,190.4,-0.48
T4210_1,167.2,-0.318
T4203_2,193.7,-0.547
T13686_1,3.8,0.149
T4220_2,168.2,-0.194
T13671_1,190.6,-0.223
T4199_2,188.5,-0.363
T13641_1,76.5,0.109
T13646_1,75.2,0.025
T13641_2,69.1,0.025
T13669_2,179.1,-0.227
T13660_2,3.9,0.198
O531_1,13.8,0.337
T13654_2,193.2,-0.774
T13679_1,119.0,-0.088
T13660_1,117.6,-0.182
T13658_1,122.6,-0.164
L617_2,94.2,-0.028
T13665_1,122.1,-0.043
T13679_2,226.8,-0.187
T13682_1,36.7,0.122
L579_1,108.4,-0.05
L576_2,216.3,-0.023
O531_2,186.8,-0.136
L577_2,226.1,-0.188
T13694_1,189.2,-0.388
T13694_2,226.0,-0.182
T13704_2,322.0,0.14
T13662_1,265.5,-0.013
T13666_1,71.8,0.013
T4204_2,220.1,-0.21
T13695_2,200.5,-0.538
T13695_1,106.8,-0.203
T13412_1,354.2,0.118
T13412_2,317.6,0.11
T13681_2,210.6,-0.069
T13661_2,162.7,-0.273
T13643_1,145.0,-0.572
T13699_1,49.0,0.409
T13639_1,21.9,0.437
T13639_2,335.5,0.651
T13691_2,20.0,0.342
T13405_1,71.0,0.047
T13405_2,324.0,0.089
T13667_1,262.5,-0.097
T13673_1,79.2,0.095
T14916_1,140.0,-0.096
T13699_2,157.0,-0.456
T13643_2,176.4,-0.598
T13691_1,91.9,-0.015
T13663_1,104.8,-0.006
T14915_1,157.3,-0.104
T14914_2,75.9,0.048
T13614_1,154.4,-0.554
T15542_1,192.2,-0.143
T15542_2,241.6,-0.032
T13683_1,117.8,-0.172
T13670_1,182.2,-0.061
T13698_1,326.4,0.134
T13687_1,256.8,-0.01
T13683_2,183.9,-0.693
L576_1,182.3,-0.606
T13674_2,358.4,0.594
T4170_2,242.2,-0.055
T13702_2,274.6,0.005
L578_1,22.7,0.047
T13685_1,234.5,-0.2
T4217_2,245.4,-0.202
T13630_1,114.9,-0.118
T13630_2,302.1,0.111
T4170_1,255.9,-0.019
T13653_1,39.9,0.519
T4206_2,276.9,0.06
T4217_1,157.9,-0.372
T4211_2,281.0,0.062
T13713_1,179.3,-0.456
T13713_2,202.5,-0.761
L579_2,169.4,-0.077
T13686_2,169.4,-0.171
T4206_1,49.9,0.39
T13690_2,167.9,-0.113
L579_5,273.5,0.015
T13652_2,238.2,-0.263
T13696_1,144.9,-0.155
T4218_1,114.1,-0.322
T4218_2,238.2,-0.427
T4211_1,147.5,-0.248
T4203_1,147.3,-0.526
L579_3,113.0,-0.248
L577_1,191.4,-0.532
T13399_2,306.6,0.153
T13399_1,98.6,-0.042
T13688_2,349.8,0.11
T13711_2,211.9,-0.279
T13711_1,184.1,-0.1
L580_1,156.3,-0.664
O531_3,203.9,-0.313
T13667_2,191.2,-0.896
T13628_1,12.5,0.174
T13628_2,223.6,-0.143
T13659_1,138.8,-0.473
T13703_2,96.5,-0.016
T13700_1,16.4,0.039
T13659_2,245.2,-0.291
T13721_2,323.5,0.441
T13721_1,112.5,-0.178
T13656_2,223.3,-0.515
L580_2,182.1,-0.115
T15688_2,272.2,0.011
T13696_2,244.8,-0.039
T13705_1,164.6,-0.192
T13682_2,83.3,0.018
T13649_1,190.6,-0.716
T13649_2,210.6,-0.73
T13697_2,148.7,-0.18
T16788_1,66.2,0.063
T16788_2,246.1,-0.019
T13690_1,142.8,-0.558
T13703_1,194.5,-0.023
T13689_1,87.4,0.019
T13709_2,349.6,0.131
T13689_2,323.5,0.291
T13704_1,199.0,-0.275
T13715_2,237.9,-0.136
T13652_1,176.3,-0.606
T4251_1,72.1,0.072
T4251_2,230.2,-0.167
T13677_2,91.9,-0.002
L581_2,85.4,0.003
T13733_2,264.2,-0.057
L581_1,175.1,-0.307
T13724_2,234.5,-0.021
T13673_2,73.0,0.16
O532_1,22.0,0.309
T14916_2,144.8,-0.16
T13722_2,321.3,0.303
T13674_1,67.9,0.165
T13724_1,247.8,-0.085
T13623_2,241.3,-0.042
T13623_1,1.5,0.093
T14915_2,165.7,-0.095
T13653_2,172.3,-0.138
T13727_2,249.2,-0.089
L582_2,287.5,0.002
T14914_1,58.6,0.101
T13705_2,257.0,-0.06
L582_1,74.1,0.113
T13697_1,157.4,-0.256
T4214_1,18.0,0.491
L581_3,238.1,-0.217
T13598_2,226.8,-0.108
T13733_1,271.5,0.018
T4235_1,83.1,0.072
T4235_2,249.6,-0.291
T13391_2,0.4,0.075
T13391_1,18.4,0.111
T13729_1,58.9,0.178
O532_2,212.0,-0.026
T15688_1,159.6,-0.384
T13687_2,242.9,-0.135
T13729_2,273.6,0.015
T13701_2,187.0,-0.151
T13701_1,120.7,-0.027
T13698_2,196.2,-0.119
T4227_1,41.0,0.309
T4208_2,341.8,0.449
L583_3,299.8,0.031
T14917_2,320.9,0.019
T4213_1,43.5,0.578
T4213_2,341.1,0.849
T13715_1,147.1,-0.057
T13730_1,354.4,0.152
T13702_1,198.2,-0.168
T13656_1,178.1,-0.714
T13735_1,124.7,-0.095
T4227_2,182.7,-0.731
L578_2,203.0,-0.258
T13735_2,223.5,-0.138
T13737_1,54.5,0.278
T13706_1,49.0,0.427
L583_1,44.3,0.013
T4225_1,33.1,0.247
T13706_2,300.2,0.321
L582_3,300.6,0.363
T13736_1,247.1,-0.125
T4269_2,177.4,-0.105
T13709_1,225.7,-0.071
T13750_2,287.9,0.075
T4269_1,126.5,-0.077
T13731_1,230.8,-0.095
T13740_1,222.9,-0.124
T13742_1,160.4,-0.302
T13727_1,283.3,0.072
T13738_2,192.5,-0.186
T13707_2,193.9,-0.591
T13738_1,216.0,-0.199
T13708_2,180.5,-0.085
T13708_1,212.5,-0.104
T13726_2,305.8,0.063
T4228_1,313.4,0.097
T13684_2,333.2,0.072
T13598_1,181.7,-0.116
T13684_1,50.3,0.043
T4225_2,199.4,-0.539
L584_1,254.9,-0.063
T13736_2,218.6,-0.591
T4226_1,31.5,0.286
L585_2,191.5,-0.092
T13688_1,207.5,-0.139
T13730_2,215.1,-0.207
T13722_1,135.0,-0.311
T4214_2,205.1,-0.353
T13731_2,239.7,-0.067
T13700_2,23.9,0.032
T4228_2,221.4,-0.105
T13744_1,144.9,-0.257
L580_3,212.2,-0.589
T4208_1,156.9,-0.226
T4226_2,188.4,-0.432
O532_3,219.1,-0.367
T13732_1,91.6,-0.008
T13737_2,165.5,-0.525
T4224_1,99.0,-0.113
T4224_2,185.5,-0.385
O533_1,27.7,0.147
T13734_1,106.7,-0.075
T13734_2,230.4,-0.291
T13677_1,96.9,-0.006
T13744_2,287.4,0.02
O533_2,290.1,0.021
O533_3,15.8,0.033
L586_2,229.6,-0.109
T13728_1,148.7,-0.169
T13717_1,165.8,-0.661
T13755_2,298.8,0.238
T13707_1,172.2,-0.733
T13719_1,357.3,0.321
T13741_1,246.9,-0.011
T13728_2,127.5,-0.099
T4215_2,346.3,0.283
T13742_2,188.8,-0.741
T13693_1,171.1,-0.589
T13751_2,327.8,0.037
T13759_1,146.2,-0.53
T13759_2,229.9,-0.384
T13720_2,203.3,-0.037
T13720_1,167.3,-0.025
T13766_2,234.5,-0.328
T4219_1,85.9,0.031
T13750_1,177.7,-0.108
T13739_1,132.2,-0.362
T14917_1,116.2,-0.031
T13739_2,196.1,-0.423
T4215_1,128.1,-0.338
T13732_2,141.8,-0.511
T13693_2,235.1,-0.256
L587_2,220.1,-0.02
T13746_2,166.6,-0.24
T4219_2,200.0,-0.288
T13740_2,230.6,-0.162
T4230_1,310.8,0.049
T13743_1,145.6,-0.272
T4233_2,262.5,-0.038
T13763_2,182.1,-0.633
L583_2,187.7,-0.146
T13726_1,277.4,0.01
T13766_1,186.3,-0.813
T4241_2,266.3,-0.014
T13765_1,230.7,-0.04
T4230_2,205.8,-0.245
T15691_2,275.0,0.054
T4234_1,125.5,-0.204
T13761_2,207.0,-0.214
T13749_1,41.4,0.486
T4229_1,89.1,0.008
T15836_1,83.1,0.012
T4216_2,21.0,0.226
T13747_2,54.5,0.259
T15541_2,250.0,-0.023
T4229_2,193.9,-0.447
T13764_2,115.8,-0.258
T13743_2,147.3,-0.011
L584_2,250.8,-0.235
T13692_1,354.8,0.386
T13769_2,269.7,-0.002
T13769_1,105.4,-0.037
L585_1,187.9,-0.627
T4234_2,264.8,-0.031
T13774_1,262.1,-0.043
T13768_2,297.3,0.054
T13716_1,85.3,0.027
T15691_1,140.4,-0.197
T13748_1,140.8,-0.42
T13748_2,141.3,-0.485
T13716_2,88.7,0.006
T15541_1,184.3,-0.07
L588_1,24.8,0.017
T15836_2,321.8,0.132
T13770_2,298.1,0.051
T13717_2,186.8,-0.807
T13749_2,194.8,-0.18
T13778_2,248.2,-0.159
T13778_1,105.5,-0.103
T13719_2,314.0,0.086
L586_1,219.6,-0.311
T13754_1,168.3,-0.154
T13741_2,197.3,-0.144
T13754_2,199.4,-0.124
T16786_1,113.0,-0.043
T13751_1,218.8,-0.073
T13755_1,149.2,-0.465
T13745_2,207.2,-0.041
T16786_2,258.2,-0.037
T4216_1,151.6,-0.198
T13745_1,111.3,-0.048
T13763_1,164.5,-0.708
T4241_1,145.2,-0.144
T13753_2,167.4,-0.121
T13753_1,129.6,-0.125
T13761_1,159.6,-0.767
T13764_1,183.5,-0.685
T13710_2,215.5,-0.432
T13747_1,88.9,0.005
T13767_2,340.4,0.106
L587_1,165.8,-0.204
T16784_1,20.8,0.052
T13746_1,148.5,-0.478
T13712_2,5.6,0.072
T13767_1,121.6,-0.226
T4233_1,199.2,-0.266
T13765_2,213.5,-0.085
T13770_1,168.4,-0.117
T13785_2,212.0,-0.167
L589_2,65.6,0.012
L589_3,189.0,-0.202
T4231_1,300.2,0.051
T4231_2,212.6,-0.42
T13668_2,328.5,0.099
T13668_1,145.7,-0.116
T13776_2,345.4,0.11
T4063_2,246.2,-0.045
T4063_1,162.7,-0.08
T13775_2,321.0,0.062
T13782_2,245.0,-0.118
T13780_1,122.9,-0.154
T13780_2,217.0,-0.175
T13692_2,198.6,-0.166
T4243_2,263.4,-0.017
T13790_1,342.3,0.197
T4243_1,147.7,-0.161
T16813_2,236.6,-0.077
T16813_1,93.2,-0.043
T13774_2,204.6,-0.337
T13710_1,175.1,-0.679
T13768_1,214.0,-0.091
T15687_1,126.3,-0.116
T13771_1,141.7,-0.093
T13771_2,224.5,-0.106
T13756_1,159.5,-0.38
T13756_2,189.4,-0.355
T13792_2,255.8,-0.029
T13712_1,84.4,0.003
T15687_2,192.0,-0.267
L588_2,228.7,-0.225
T13676_2,145.8,-0.058
T13781_1,164.1,-0.616
T4238_2,266.0,-0.018
T4239_1,5.7,0.256
L590_2,293.9,0.023
T13788_1,264.6,-0.041
T15686_2,210.7,-0.27
T15686_1,133.0,-0.415
T4238_1,138.5,-0.344
T4232_1,267.9,-0.011
T4239_2,230.0,-0.205
T13752_2,172.3,-0.514
T13787_1,344.7,0.226
T13779_2,235.5,-0.063
T13779_1,171.9,-0.07
T13784_1,114.4,-0.081
T13787_2,267.3,-0.014
T13776_1,178.8,-0.251
T4236_1,181.1,-0.337
T13782_1,129.5,-0.113
T4236_2,187.6,-0.402
T13752_1,169.4,-0.741
T13784_2,236.1,-0.276
T13803_1,143.0,-0.034
T13762_2,76.5,0.03
T13781_2,231.0,-0.405
T13762_1,28.6,0.392
T13783_1,21.3,0.181
T4294_1,341.6,0.331
T16784_2,143.3,-0.03
T13804_1,300.5,0.008
T13760_2,297.5,0.394
T4221_1,312.3,0.426
T4221_2,258.2,-0.187
L589_1,170.5,-0.779
T13795_1,154.4,-0.19
T13785_1,180.5,-0.306
T4294_2,203.9,-0.383
T13820_1,84.2,0.017
T13820_2,213.6,-0.268
L591_1,126.3,-0.364
T13775_1,180.7,-0.247
T13788_2,239.0,-0.288
T13795_2,225.4,-0.194
T13636_2,232.0,-0.209
T13636_1,168.7,-0.192
T13817_2,251.5,-0.176
T13800_2,311.5,0.057
T13796_1,138.2,-0.093
T13796_2,270.1,0.002
T4237_2,294.2,0.141
T13777_2,160.5,-0.211
T13777_1,136.3,-0.187
T13790_2,205.2,-0.329
T13801_2,11.9,0.146
T13798_2,141.7,-0.031
T13799_1,24.1,0.109
T13819_2,184.3,-0.606
T13791_2,165.4,-0.724
T13819_1,127.0,-0.424
L591_2,231.6,-0.03
T13806_1,211.8,-0.111
T13792_1,183.1,-0.306
T13793_2,258.7,-0.067
T13821_2,269.4,-0.006
T13814_2,190.1,-0.429
T13760_1,228.6,-0.532
T4250_1,68.4,0.039
T4250_2,220.8,-0.145
T4172_2,176.0,-0.085
T13757_1,110.3,-0.192
T4172_1,217.9,-0.07
T13757_2,224.1,-0.421
T13815_2,188.1,-0.085
T13810_1,210.4,-0.078
T13676_1,303.4,0.009
T13821_1,184.7,-0.788
T13800_1,135.6,-0.142
T13791_1,179.0,-0.745
L590_1,147.0,-0.125
T13803_2,221.3,-0.206
T4263_2,229.3,-0.021
T4263_1,269.1,-0.001
T13812_1,198.2,-0.19
T4232_2,242.9,-0.19
T13825_2,190.5,-0.3
T13772_2,250.9,-0.112
T13772_1,70.0,0.207
T13817_1,213.8,-0.435
T13823_1,56.6,0.348
T13805_1,204.3,-0.294
T16427_1,134.4,-0.238
T13799_2,51.7,0.041
T16427_2,279.9,0.053
T13827_1,151.1,-0.066
T13798_1,197.7,-0.169
T13804_2,190.3,-0.125
T13783_2,153.4,-0.227
T13811_2,173.5,-0.083
T13811_1,120.9,-0.111
T13809_2,149.1,-0.072
T13836_1,142.2,-0.191
T13802_1,273.9,0.006
T13825_1,179.1,-0.191
T13801_1,357.3,0.099
T13828_2,158.6,-0.273
T13847_1,10.7,0.393
T13833_2,254.3,-0.042
T13847_2,349.3,0.307
T4242_2,251.7,-0.028
T16785_1,87.9,0.005
T16785_2,11.3,0.061
T13836_2,209.8,-0.265
T4244_2,267.8,-0.008
T13822_1,221.4,-0.077
T13789_2,267.6,-0.036
T4242_1,158.9,-0.129
T13814_1,189.5,-0.409
T13834_1,32.8,0.043
T13826_1,121.4,-0.297
T13824_1,228.6,-0.095
T4237_1,156.3,-0.194
L617_11,266.6,-0.042
T13849_1,103.8,-0.069
T13827_2,239.5,-0.079
T13828_1,149.6,-0.675
T4268_2,248.7,-0.061
T13802_2,202.5,-0.356
T13793_1,220.6,-0.301
T4240_2,225.8,-0.263
T13806_2,255.9,-0.016
T13794_1,54.2,0.049
T15843_2,309.8,0.091
T13786_1,158.2,-0.511
T13786_2,190.3,-0.723
T13818_1,104.3,-0.054
T13829_2,263.8,-0.009
T13818_2,211.5,-0.131
T4268_1,124.7,-0.009
T4292_2,270.2,0.001
L591_3,184.7,-0.478
T13831_1,92.6,-0.003
T13845_2,190.8,-0.244
T13854_1,262.6,-0.029
T13822_2,227.6,-0.102
T13815_1,181.4,-0.225
T13835_1,24.6,0.036
T13857_2,202.1,-0.166
T4240_1,170.9,-0.503
T13810_2,186.4,-0.132
T13797_1,101.2,-0.088
T13797_2,268.8,-0.021
T13838_2,190.5,-0.047
T13823_2,144.2,-0.178
O523_1,43.6,0.367
T13794_2,141.4,-0.089
T13850_1,61.7,0.355
T13842_1,191.0,-0.238
T13842_2,231.8,-0.225
T13844_1,125.1,-0.084
T13844_2,111.0,-0.095
T13843_2,356.7,0.635
T13812_2,202.3,-0.105
T13859_1,197.6,-0.168
T13859_2,226.0,-0.047
T13714_1,23.6,0.023
T4223_1,287.5,0.179
T4223_2,278.7,0.105
T4222_2,268.8,-0.014
T13714_2,220.5,-0.24
T13843_1,172.0,-0.179
T13849_2,130.0,-0.232
T4293_1,19.1,0.246
T4293_2,218.7,-0.34
T13833_1,127.9,-0.162
T13826_2,181.9,-0.704
T13855_1,4.5,0.274
T13850_2,203.6,-0.357
T13805_2,205.2,-0.466
O534_2,33.8,0.217
L592_2,63.9,0.042
T4257_1,328.9,0.316
T13832_1,19.0,0.251
T13832_2,271.0,0.006
O521_1,73.1,0.268
O523_4,317.0,0.425
T13834_2,227.5,-0.238
T4248_1,331.4,0.25
T13809_1,169.3,-0.167
T4249_2,196.6,-0.315
T4292_1,198.3,-0.28
T13846_2,236.1,-0.25
T13855_2,228.0,-0.176
O521_2,358.0,0.971
T13845_1,203.9,-0.391
T13838_1,187.6,-0.213
T13846_1,199.4,-0.579
T13864_2,235.6,-0.143
T13865_1,190.5,-0.065
T13865_2,223.4,-0.054
T4244_1,179.7,-0.583
O534_4,241.7,-0.177
O534_3,41.9,0.016
T13824_2,239.5,-0.082
T13854_2,201.2,-0.403
T330_1,301.0,0.447
T13789_1,233.6,-0.543
O523_2,344.4,0.087
T13868_1,215.5,-0.47
T13851_2,114.5,-0.036
T13851_1,123.5,-0.201
O534_1,138.3,-0.362
T13839_2,231.3,-0.025
T13839_1,226.5,-0.052
T4222_1,270.1,0.001
O524_1,27.7,0.312
T4252_2,339.7,0.639
T13858_1,164.3,-0.428
T13869_2,281.4,0.039
T13858_2,165.6,-0.248
T15843_1,121.7,-0.138
T13829_1,228.2,-0.039
T13831_2,206.3,-0.119
L592_1,99.2,-0.019
T13857_1,169.4,-0.315
T13870_1,187.5,-0.282
T13870_2,277.5,0.051
T4256_2,342.5,0.303
T13835_2,180.8,-0.228
T4248_2,192.8,-0.442
T4249_1,149.0,-0.201
T13853_1,92.5,-0.01
T4255_2,313.5,0.437
O535_3,23.2,0.265
T13723_2,212.7,-0.27
O524_2,26.7,0.134
T13874_2,327.0,0.46
L593_1,254.6,-0.057
T4246_2,314.9,0.24
T4245_1,8.5,0.195
T13867_1,127.5,-0.236
L594_2,200.0,-0.013
L594_3,279.9,0.026
O524_3,196.8,-0.415
L595_1,43.6,0.013
T13874_1,198.6,-0.171
O535_2,282.0,0.036
T13830_2,162.9,-0.152
T13868_2,209.8,-0.743
T4262_1,143.2,-0.29
T13871_1,135.3,-0.107
T4262_2,196.4,-0.174
T4252_1,193.2,-0.727
T4257_2,184.6,-0.465
T13758_2,33.4,0.134
T13862_2,10.4,0.21
T13758_1,73.4,0.061
T4253_2,251.3,-0.122
T13871_2,245.5,-0.186
T13881_1,105.4,-0.115
T13881_2,98.5,-0.043
T13879_2,226.4,-0.562
L596_2,289.7,0.054
T4246_1,149.2,-0.351
T13878_2,,0.0
T13723_1,137.3,-0.487
L593_2,138.9,-0.035
T13864_1,210.2,-0.387
T13875_1,253.8,-0.038
L597_4,286.6,0.098
L595_2,223.7,-0.16
O525_5,267.2,-0.035
T4247_1,4.0,0.184
T13877_2,247.0,-0.086
O523_3,175.1,-0.517
T13867_2,167.1,-0.711
T13840_2,266.0,-0.053
T13879_1,201.2,-0.665
T16783_1,72.1,0.054
T13837_2,59.3,0.112
T13883_2,29.2,0.228
T13830_1,172.4,-0.081
L617_9,284.6,0.169
L597_5,211.4,-0.594
T13853_2,136.0,-0.254
T4254_2,335.5,0.268
T13869_1,186.5,-0.326
T4255_1,159.3,-0.437
T13872_1,38.5,0.227
T13872_2,232.1,-0.132
T4247_2,212.5,-0.426
T4245_2,220.5,-0.32
T4256_1,193.7,-0.465
T13895_1,91.6,-0.017
T13895_2,173.2,-0.7
T13876_2,222.7,-0.247
T13876_1,220.0,-0.316
T14870_2,257.3,-0.035
T14870_1,109.5,-0.048
T4253_1,202.9,-0.334
T4285_1,78.2,0.081
T16430_2,285.1,0.091
T4267_2,242.1,-0.053
T4267_1,224.6,-0.013
O536_1,52.9,0.504
L594_1,152.4,-0.7
T13861_1,270.6,0.007
T4285_2,193.2,-0.491
T4259_2,259.9,-0.112
T13873_2,192.5,-0.531
T13873_1,127.7,-0.274
T13890_1,146.4,-0.234
T4283_1,325.8,0.552
T4284_1,280.2,0.044
L617_10,245.8,-0.188
T13886_1,233.6,-0.027
T13841_1,337.5,0.065
T13887_2,200.2,-0.159
O535_1,185.0,-0.34
T13900_2,232.1,-0.117
T13905_1,124.6,-0.233
T13877_1,171.4,-0.423
T13878_1,,0.0
T13841_2,208.5,-0.038
T13880_1,183.5,-0.161
T13840_1,238.1,-0.333
T13862_1,161.1,-0.117
T16430_1,154.9,-0.248
L597_1,94.3,-0.031
L597_3,205.4,-0.105
T13888_1,189.0,-0.18
T13848_2,263.1,-0.008
T13885_2,9.9,0.011
T13848_1,189.4,-0.072
T13912_2,195.0,-0.675
T13912_1,168.7,-0.423
T13904_2,293.7,0.122
T13894_2,297.7,0.092
T4288_1,88.4,0.014
T13910_2,88.6,0.01
T13883_1,199.2,-0.403
T14873_2,269.5,-0.001
T4438_1,327.2,0.056
L599_3,260.3,-0.05
T13911_1,332.8,0.723
T13900_1,206.7,-0.213
T13905_2,213.1,-0.315
T13911_2,226.4,-0.44
T4284_2,222.6,-0.452
T4259_1,160.8,-0.506
T13892_1,275.4,0.002
T13915_2,268.5,-0.007
T4288_2,184.0,-0.438
T13861_2,211.5,-0.751
T13888_2,209.0,-0.24
L596_1,158.8,-0.127
T13884_1,149.3,-0.103
T13913_2,296.0,0.162
L598_1,124.3,-0.01
O525_2,23.0,0.393
O536_4,345.3,0.532
T13813_2,186.4,-0.308
T13813_1,172.8,-0.172
T4254_1,176.3,-0.403
T13890_2,229.0,-0.34
T13875_2,190.1,-0.535
T13915_1,168.4,-0.436
T14873_1,159.6,-0.36
L599_2,283.6,0.001
T13918_2,297.8,0.079
T13891_2,185.1,-0.035
T13889_1,182.8,-0.103
T13866_2,238.3,-0.451
T13916_2,209.6,-0.528
L600_1,136.7,-0.384
T16783_2,140.6,-0.044
T16436_2,274.4,0.011
L600_2,326.8,0.027
T13837_1,138.5,-0.258
T13884_2,253.2,-0.094
T13891_1,138.4,-0.124
L597_2,176.7,-0.256
T4283_2,193.4,-0.519
T13896_2,247.4,-0.08
T13894_1,212.9,-0.119
T4309_1,140.1,-0.272
T4309_2,219.7,-0.375
O526_2,350.7,0.414
L601_2,249.5,-0.024
T4437_2,264.7,-0.005
T13897_2,202.8,-0.122
T13913_1,204.7,-0.65
T4437_1,88.4,0.006
T13896_1,182.6,-0.134
T13866_1,239.8,-0.409
T13882_1,145.9,-0.411
T13903_1,204.6,-0.177
T16435_1,123.8,-0.119
T15839_2,358.0,0.01
T15839_1,90.9,-0.003
T13904_1,199.0,-0.174
T16435_2,259.3,-0.108
T13906_1,209.5,-0.321
T14909_1,79.8,0.028
T13924_1,168.1,-0.398
T13924_2,231.5,-0.496
T13921_1,113.9,-0.179
T13921_2,239.9,-0.147
T14909_2,320.4,0.109
O527_5,200.0,-0.869
T13906_2,217.4,-0.525
T13918_1,174.0,-0.516
T13886_2,197.1,-0.161
T4302_1,73.8,0.118
T13863_1,80.1,0.029
T13863_2,102.8,-0.025
T4302_2,209.3,-0.466
T13898_2,121.6,-0.017
T13880_2,264.2,-0.013
L602_2,260.8,-0.012
T13899_1,48.7,0.169
T13773_2,48.4,0.011
T13887_1,194.6,-0.257
T13773_1,67.4,0.047
T13902_1,53.4,0.039
T13925_2,237.4,-0.127
L602_3,233.4,-0.023
T13816_2,213.2,-0.077
T13816_1,164.5,-0.078
T13718_2,305.5,0.139
T15841_2,77.3,0.024
T13926_2,258.9,-0.085
T13926_1,132.8,-0.242
T13908_1,102.2,-0.056
T13908_2,358.7,0.613
T13901_2,82.5,0.013
T4438_2,215.8,-0.242
T13885_1,199.9,-0.056
L600_3,200.9,-0.755
T13718_1,101.4,-0.036
O527_1,281.8,0.197
T13910_1,132.7,-0.497
T13903_2,180.8,-0.419
T4296_2,213.7,-0.424
T4296_1,162.5,-0.467
T4171_1,260.1,-0.01
T4171_2,245.5,-0.031
L617_7,211.5,-0.537
O536_2,305.8,0.206
T13892_2,183.1,-0.044
T13808_1,233.5,-0.035
T13919_1,74.9,0.036
T13931_1,184.1,-0.347
T13930_1,152.9,-0.469
L601_1,262.5,-0.03
T13889_2,231.7,-0.113
T13938_1,292.4,0.205
T16436_1,193.8,-0.382
T13882_2,196.7,-0.655
T4261_2,89.8,0.0
L598_2,209.8,-0.084
T4311_1,155.7,-0.371
T13916_1,184.7,-0.636
O527_4,356.9,0.214
T13936_2,338.8,0.207
L599_1,263.8,-0.006
T4311_2,211.8,-0.37
T13933_1,72.2,0.054
T13920_1,9.6,0.43
L603_3,225.2,-0.11
L603_1,161.0,-0.244
T13943_1,131.3,-0.479
L603_4,195.0,-0.412
T13922_2,220.4,-0.487
T13914_2,327.6,0.209
T13914_1,288.4,0.075
L604_1,25.6,0.043
L603_2,197.6,-0.332
T13930_2,207.7,-0.307
T13932_1,148.2,-0.428
T13897_1,225.6,-0.037
O526_5,300.4,0.372
T13933_2,237.2,-0.3
T4287_1,120.0,-0.316
T13923_2,242.4,-0.046
O526_3,2.4,0.2
T13922_1,186.0,-0.759
T13807_2,217.2,-0.052
T13943_2,175.1,-0.444
T13951_1,183.0,-0.352
T13951_2,208.6,-0.387
T13920_2,329.5,0.209
T13807_1,131.8,-0.076
T13942_1,205.7,-0.162
T4291_2,239.8,-0.117
T13937_1,333.3,0.346
L602_1,117.9,-0.045
T4287_2,205.7,-0.303
T13936_1,171.1,-0.243
O525_4,214.9,-0.345
T13907_2,200.4,-0.263
T13907_1,185.6,-0.246
T13932_2,209.5,-0.517
O525_3,355.2,0.141
T13925_1,204.9,-0.271
L605_1,326.4,0.038
T13898_1,149.1,-0.094
T13899_2,148.0,-0.143
O526_4,192.4,-0.721
T13808_2,220.9,-0.057
T13902_2,188.3,-0.067
O536_3,171.7,-0.512
T13960_2,253.1,-0.119
T13917_1,142.4,-0.156
T13917_2,201.3,-0.12
T4264_2,269.3,-0.01
T13937_2,236.0,-0.247
T337_2,340.5,0.521
T4300_2,160.5,-0.168
T4300_1,112.2,-0.051
T13860_1,85.5,0.029
T13935_2,207.3,-0.428
T13931_2,178.6,-0.553
T13927_2,230.7,-0.355
T13927_1,215.5,-0.5
T4264_1,92.7,-0.003
T4298_1,356.7,0.139
T4266_2,229.3,-0.115
T15841_1,130.3,-0.1
T13938_2,174.7,-0.776
T337_1,142.6,-0.441
T4266_1,223.4,-0.042
T13901_1,43.2,0.107
T13960_1,140.9,-0.223
T13957_2,330.9,0.25
T4291_1,167.7,-0.128
T13939_2,240.0,-0.062
T4299_2,27.0,0.048
T13944_2,90.9,-0.003
T13941_2,292.0,0.172
T13941_1,352.6,0.108
T13940_2,206.5,-0.546
T13919_2,140.3,-0.416
T13954_2,250.0,-0.112
T13959_2,278.5,0.036
T336_1,86.1,0.042
T13940_1,179.3,-0.558
T4290_1,116.3,-0.175
T4258_2,263.9,-0.072
T13939_1,163.2,-0.138
T13949_2,211.3,-0.137
L606_1,281.0,0.004
O526_1,168.3,-0.334
T4261_1,150.7,-0.213
T4290_2,246.0,-0.125
T336_2,269.6,-0.007
T13955_1,113.7,-0.067
T13950_1,162.2,-0.31
T13942_2,230.8,-0.116
T13956_2,251.7,-0.014
O525_1,146.0,-0.383
T13945_1,232.7,-0.009
T13956_1,240.5,-0.023
T4281_2,272.9,0.013
T4281_1,157.6,-0.335
T13947_2,197.1,-0.131
L604_2,276.2,0.035
T13929_2,263.8,-0.002
T13946_1,93.9,-0.015
T13929_1,161.1,-0.078
T13946_2,218.5,-0.088
T13959_1,157.4,-0.262
T13947_1,180.4,-0.147
T13893_2,215.6,-0.27
T13958_1,136.2,-0.199
T13950_2,246.3,-0.065
T13923_1,171.6,-0.58
T4342_2,126.6,-0.057
T4342_1,206.5,-0.126
T4258_1,228.0,-0.474
T13955_2,208.2,-0.212
T13953_1,276.9,0.005
T13957_1,186.4,-0.481
T13948_1,104.0,-0.025
T13948_2,5.1,0.072
T13952_2,225.0,-0.357
T13958_2,205.2,-0.636
L605_2,198.2,-0.26
T13860_2,162.2,-0.431
T13968_2,298.7,0.057
T13952_1,212.9,-0.316
T13935_1,192.0,-0.793
T4298_2,190.3,-0.824
T13968_1,63.9,0.086
T4310_1,129.5,-0.215
T4299_1,171.5,-0.472
T4310_2,179.9,-0.359
T13944_1,113.5,-0.171
L606_2,186.5,-0.065
T13972_1,37.2,0.248
T13979_2,274.2,0.038
T13979_1,125.5,-0.463
T13954_1,242.3,-0.273
T13975_1,80.4,0.069
T4265_1,79.1,0.034
T13982_1,55.6,0.232
T13893_1,172.5,-0.465
T4265_2,240.7,-0.08
T13949_1,214.4,-0.158
T13971_1,103.4,-0.153
T13966_2,239.8,-0.094
T13967_1,171.1,-0.074
T13978_2,221.5,-0.421
T13971_2,141.2,-0.544
T13972_2,186.1,-0.184
T13945_2,231.5,-0.069
T13976_1,24.7,0.286
T13975_2,164.7,-0.404
T13967_2,173.6,-0.134
T13982_2,217.7,-0.387
T13964_1,176.2,-0.045
T13966_1,196.9,-0.269
T13977_2,238.5,-0.109
T13978_1,160.9,-0.648
T4280_2,267.9,-0.017
O527_3,284.8,0.025
T13987_2,4.6,0.234
T13985_1,145.2,-0.16
T15540_2,248.3,-0.048
T13965_1,229.7,-0.122
T13961_1,1.7,0.149
T4280_1,158.4,-0.459
T13953_2,204.2,-0.08
T4271_2,243.9,-0.04
T4271_1,238.3,-0.048
T13973_2,342.5,0.202
L607_1,94.6,-0.067
T4274_2,280.7,0.052
T4270_2,8.1,0.089
T13973_1,181.4,-0.96
L607_2,263.9,-0.008
T4274_1,161.6,-0.907
T15540_1,166.3,-0.039
T4270_1,181.4,-0.912
L617_6,257.1,-0.119
T13989_1,207.6,-0.324
T4282_2,253.1,-0.105
T13983_2,343.6,0.237
T4260_1,66.7,0.046
T15838_2,356.0,0.094
T4273_1,170.9,-0.181
T4273_2,74.1,0.075
T13992_2,33.4,0.093
T13976_2,192.6,-0.575
T17033_1,333.0,0.112
T13725_2,275.7,0.02
T13961_2,227.8,-0.276
T13990_1,48.6,0.243
T4286_2,213.3,-0.297
T4276_1,192.8,-0.145
T13993_1,92.9,-0.024
T13977_1,174.4,-0.236
T13992_1,161.3,-0.167
T13725_1,87.3,0.007
T4277_1,188.3,-0.185
T13986_2,153.2,-0.196
T4260_2,268.5,-0.002
T4286_1,129.7,-0.207
T4278_2,195.4,-0.065
T15838_1,106.4,-0.072
T17033_2,357.3,0.186
T13969_1,120.5,-0.072
T13680_1,70.0,0.027
T13990_2,150.0,-0.376
T13964_2,170.5,-0.296
T13988_2,152.0,-0.143
L608_3,240.1,-0.049
T13680_2,293.8,0.073
L608_2,295.5,0.017
T4064_2,156.4,-0.148
T13987_1,175.8,-0.381
T13965_2,273.6,0.007
T13963_1,245.0,-0.34
T13981_2,198.4,-0.38
T13981_1,147.9,-0.273
T13998_2,292.7,0.068
T4064_1,180.1,-0.118
T13963_2,225.5,-0.527
O527_2,194.0,-0.42
T13985_2,205.1,-0.361
T13969_2,166.6,-0.169
L609_2,267.8,-0.0
L607_3,124.8,-0.495
T13928_1,326.3,0.182
L610_2,240.4,-0.174
T15545_2,209.8,-0.11
L610_1,208.0,-0.259
T13993_2,148.7,-0.648
T4282_1,195.5,-0.298
T13989_2,167.5,-0.421
T13988_1,135.5,-0.434
T15545_1,330.0,0.095
T13983_1,213.1,-0.24
T13974_1,183.6,-0.784
T13974_2,200.5,-0.741
T13984_2,195.0,-0.067
T4289_1,186.9,-0.337
T4289_2,195.3,-0.458
T13970_1,316.5,0.243
T13970_2,244.0,-0.241
T13984_1,169.6,-0.024
T13999_2,261.6,-0.047
T14001_1,92.5,-0.028
T4277_2,146.4,-0.117
T4276_2,213.1,-0.077
L611_1,316.6,0.022
T13986_1,165.8,-0.306
T13998_1,193.7,-0.395
T14006_1,89.4,0.002
T4295_1,114.1,-0.109
T13928_2,231.2,-0.286
T4278_1,90.1,-0.0
L608_1,189.8,-0.683
T13991_1,139.3,-0.171
T13991_2,188.7,-0.136
T14001_2,181.3,-0.462
T14011_1,21.5,0.498
T14004_1,201.4,-0.082
T16782_1,88.4,0.009
T13996_2,346.5,0.299
T14002_2,210.4,-0.218
T4305_2,310.7,0.251
T14013_1,129.9,-0.216
T14019_1,165.1,-0.521
T16782_2,180.5,-0.263
T14002_1,163.8,-0.26
T13995_2,206.5,-0.169
T13995_1,184.9,-0.175
T14018_1,120.3,-0.237
T14018_2,221.4,-0.343
T4341_2,173.7,-0.084
T4341_1,91.0,-0.003
T14008_2,181.1,-0.075
T4340_1,36.9,0.597
T4340_2,189.0,-0.823
L609_1,189.8,-0.266
T14006_2,178.9,-0.149
T14017_2,256.6,-0.078
T4295_2,218.3,-0.27
T16781_1,27.5,0.136
L610_3,260.9,-0.063
T14016_1,138.2,-0.192
T14016_2,203.3,-0.423
T16798_2,8.4,0.479
T14005_1,147.7,-0.541
T14005_2,167.5,-0.593
T14014_2,190.4,-0.356
T14007_2,210.7,-0.385
L612_2,85.1,0.011
T14007_1,198.7,-0.57
T13999_1,223.6,-0.214
T4305_1,177.9,-0.417
T14011_2,189.0,-0.369
T14010_1,358.7,0.5
L613_2,219.8,-0.032
L611_2,195.2,-0.103
T14030_2,284.7,0.038
T14019_2,184.6,-0.563
T13996_1,137.3,-0.178
T13909_2,118.7,-0.039
T13909_1,83.7,0.011
T14013_2,199.7,-0.23
L614_1,201.2,-0.025
T16781_2,176.3,-0.462
T14017_1,191.8,-0.494
T14012_2,174.3,-0.36
L615_1,109.2,-0.006
T4346_2,316.1,0.072
T14015_1,261.1,-0.005
T14012_1,122.2,-0.123
T14014_1,151.7,-0.518
T4346_1,268.3,-0.002
L616_1,253.5,-0.004
T13997_1,270.6,0.0
T14004_2,232.9,-0.094
T14025_1,119.3,-0.2
T14025_2,189.2,-0.449
T14008_1,180.6,-0.46
T13980_2,251.3,-0.143
T13980_1,320.0,0.147
T4301_1,130.2,-0.285
T4301_2,263.1,-0.054
L621_3,24.8,0.281
T14003_2,337.6,0.34
T4297_2,193.8,-0.483
T14030_1,186.6,-0.384
T14021_1,137.3,-0.318
T14021_2,214.9,-0.192
L612_1,137.6,-0.596
T4297_1,125.4,-0.225
T14027_1,98.4,-0.083
T14027_2,247.2,-0.094
T14026_2,256.9,-0.034
T4303_2,34.3,0.507
T14033_1,133.0,-0.068
T4308_2,238.1,-0.274
T4308_1,134.4,-0.372
T16798_1,192.2,-0.223
T14033_2,226.7,-0.158
T14010_2,135.6,-0.26
T4306_1,148.6,-0.275
T4307_1,97.0,-0.095
T14038_2,149.4,-0.355
T14029_1,1.7,0.077
L613_1,258.7,-0.011
T4314_2,218.8,-0.4
T14043_1,230.3,-0.452
L615_2,205.8,-0.311
T14036_1,107.4,-0.106
T4436_2,252.1,-0.054
T4436_1,176.9,-0.104
T14024_1,249.3,-0.03
T4307_2,148.7,-0.717
T14705_2,24.9,0.142
L617_5,253.6,-0.244
T4316_2,241.6,-0.269
T14036_2,212.6,-0.219
T4316_1,106.1,-0.117
L617_3,271.7,0.003
T14015_2,223.3,-0.032
L614_2,263.0,-0.038
T4313_1,165.2,-0.559
T4313_2,236.6,-0.465
T14041_2,248.6,-0.141
T14041_1,197.4,-0.298
T13997_2,205.1,-0.469
T14028_1,162.0,-0.513
T14028_2,300.2,0.147
T14043_2,239.5,-0.257
L616_2,190.1,-0.11
L618_2,251.0,-0.007
T4315_1,66.2,0.268
L619_1,16.1,0.029
T14038_1,158.1,-0.514
T14034_2,205.1,-0.424
L618_3,265.6,-0.029
T14046_1,298.1,0.135
T4315_2,216.7,-0.586
L618_1,237.9,-0.095
T4314_1,197.8,-0.641
T14034_1,70.9,0.126
T14049_1,94.1,-0.022
T14003_1,223.8,-0.244
L617_1,105.2,-0.109
T14045_2,180.5,-0.132
T14042_1,213.7,-0.095
T14055_1,114.9,-0.138
T14035_2,251.3,-0.045
T14035_1,42.7,0.166
T4304_2,331.3,0.162
T14000_2,265.0,-0.029
T4275_1,305.6,0.073
T14026_1,330.0,0.041
T4275_2,312.1,0.08
T14910_2,326.8,0.21
T14044_2,325.2,0.188
T4303_1,122.5,-0.209
T14054_1,351.3,0.562
T14060_1,104.7,-0.122
T14060_2,124.4,-0.206
T14040_1,285.8,0.027
T14000_1,29.0,0.234
L620_1,346.7,0.045
T14032_2,299.6,0.122
T14032_1,317.1,0.162
T14029_2,157.5,-0.103
L621_2,96.6,-0.038
L621_1,129.4,-0.135
T14055_2,194.1,-0.362
T14064_2,114.2,-0.287
T16425_2,229.1,-0.189
T14058_1,303.2,0.085
T14054_2,209.8,-0.622
T14047_1,123.8,-0.213
T14045_1,147.8,-0.37
T13962_2,104.7,-0.015
T4312_1,103.8,-0.102
T14705_1,126.9,-0.104
T16053_1,105.5,-0.097
T14024_2,210.0,-0.165
T14059_1,279.2,0.031
T16434_1,7.8,0.272
T16426_2,292.8,0.155
T14049_2,195.4,-0.436
L622_2,144.8,-0.123
T4312_2,213.7,-0.236
T14046_2,206.5,-0.257
T16053_2,247.8,-0.291
T14063_1,123.5,-0.27
L623_1,208.9,-0.111
L623_2,296.7,0.171
T16426_1,179.9,-0.508
L619_2,231.6,-0.083
T14052_2,356.3,0.471
T14064_1,123.8,-0.373
T14050_2,73.9,0.021
T14047_2,170.1,-0.182
T14052_1,341.9,0.375
T14050_1,125.9,-0.323
T16425_1,125.2,-0.175
T14068_1,151.2,-0.323
L624_1,6.9,0.425
L624_2,69.9,0.033
T14058_2,246.5,-0.121
T14042_2,242.5,-0.125
T14040_2,201.9,-0.201
T16434_2,208.3,-0.288
T14037_1,266.6,-0.044
T4304_1,194.4,-0.289
T14068_2,145.6,-0.531
T14910_1,121.6,-0.054
L621_4,242.6,-0.341
T13962_1,105.3,-0.044
T14044_1,235.3,-0.142
T14053_1,324.6,0.203
T14053_2,293.8,0.156
T14075_2,325.5,0.419
L625_2,313.9,0.048
L620_2,193.1,-0.276
T14063_2,182.8,-0.451
T14078_1,44.1,0.28
T14071_2,257.8,-0.026
T14073_1,235.8,-0.071
T14067_2,237.7,-0.08
T14069_2,20.0,0.347
T4326_2,203.9,-0.127
T4326_1,244.7,-0.064
T14076_1,180.0,-0.525
L623_3,231.8,-0.15
T14076_2,203.8,-0.581
T14023_1,60.2,0.105
T14023_2,316.8,0.099
L626_2,308.3,0.016
T4336_1,81.5,0.036
T13934_1,127.7,-0.333
T14059_2,221.9,-0.184
T14075_1,137.2,-0.396
T15539_2,230.8,-0.064
L624_3,293.2,0.186
L622_1,135.3,-0.404
T14070_1,124.7,-0.059
T14082_1,113.2,-0.197
T14067_1,138.2,-0.212
T4435_2,221.8,-0.056
T4435_1,216.1,-0.091
T14074_2,229.2,-0.102
T14048_2,20.0,0.093
T14071_1,185.0,-0.164
T14070_2,182.7,-0.223
L628_2,358.5,0.029
T14022_1,16.5,0.159
T14022_2,359.5,0.072
T4327_1,18.4,0.074
T14056_1,322.8,0.222
T14077_2,335.0,0.429
T4321_1,24.3,0.292
T14037_2,256.2,-0.194
T14081_1,99.8,-0.113
T4330_2,356.0,0.135
T14039_2,350.7,0.22
T14080_1,115.2,-0.085
T14039_1,330.2,0.138
T14069_1,133.1,-0.266
T4335_1,38.2,0.056
T14009_2,81.4,0.012
T4411_1,107.4,-0.079
T14072_2,311.6,0.163
T14072_1,356.7,0.11
T14078_2,205.1,-0.333
T4336_2,220.2,-0.249
T4357_2,264.9,-0.035
T4411_2,233.9,-0.242
T14079_1,136.6,-0.127
T4331_2,5.9,0.049
T4357_1,130.6,-0.206
T14082_2,134.2,-0.3
T14009_1,123.4,-0.161
T4329_2,1.1,0.269
L628_1,81.3,0.02
T14056_2,213.9,-0.266
T14066_2,280.7,0.072
T14066_1,9.5,0.387
T14079_2,180.5,-0.18
L627_2,253.1,-0.005
T14087_2,161.6,-0.279
T14083_1,235.0,-0.075
T16449_2,264.5,-0.035
T16449_1,146.6,-0.241
L625_1,321.9,0.184
L626_1,175.4,-0.379
T4321_2,244.5,-0.203
T14077_1,123.2,-0.079
T14031_2,127.7,-0.207
L628_3,292.8,0.006
T4333_1,145.2,-0.182
T14073_2,247.8,-0.018
T4335_2,65.8,0.02
T14080_2,174.7,-0.351
T14081_2,133.0,-0.532
T4344_1,94.3,-0.038
T4344_2,268.7,-0.004
T15539_1,197.6,-0.088
T13994_1,120.3,-0.038
T13994_2,324.6,0.545
T14048_1,7.3,0.167
T14087_1,119.4,-0.338
T13934_2,190.9,-0.206
T4339_1,175.9,-0.349
T4339_2,173.6,-0.649
T14093_1,10.6,0.118
T4400_1,121.0,-0.269
T4400_2,249.7,-0.13
T4347_1,253.6,-0.006
T4347_2,271.1,0.002
T4332_1,72.9,0.185
T14096_1,100.8,-0.133
T14074_1,219.0,-0.085
T14086_2,262.5,-0.016
T14086_1,112.1,-0.024
T14085_1,263.1,-0.006
T14100_2,102.1,-0.125
T4337_1,218.4,-0.072
T4337_2,255.2,-0.013
T4332_2,210.4,-0.599
T14089_1,55.0,0.11
T14089_2,217.0,-0.45
T4360_2,278.2,0.031
T14098_1,207.0,-0.021
T4360_1,89.5,0.002
T4330_1,208.0,-0.086
T14094_2,248.2,-0.034
T14031_1,108.9,-0.25
T4327_2,152.4,-0.024
L629_2,236.6,-0.027
T4345_2,264.2,-0.014
T4338_1,215.3,-0.025
T4349_2,227.8,-0.038
T4349_1,170.5,-0.099
T14099_1,65.1,0.005
T4345_1,85.0,0.01
T14109_1,351.9,0.22
T4348_1,107.2,-0.019
T4279_2,176.4,-0.095
T4279_1,124.0,-0.201
T14112_1,95.1,-0.037
T14112_2,280.3,0.092
T4331_1,159.6,-0.036
T14095_1,102.9,-0.066
T4317_2,357.1,0.062
T4317_1,46.2,0.068
T14095_2,188.0,-0.178
T14096_2,128.4,-0.456
T4350_2,306.7,0.219
T16052_2,229.4,-0.507
T4329_1,159.8,-0.333
T14116_1,212.1,-0.355
L630_1,186.1,-0.19
T14116_2,189.6,-0.535
T14083_2,193.6,-0.174
T16052_1,168.9,-0.299
T14117_2,132.6,-0.251
T14061_1,147.2,-0.045
T14061_2,3.2,0.199
T14102_2,39.0,0.039
L627_1,125.2,-0.427
T14057_1,6.5,0.35
T14057_2,168.3,-0.048
T4351_1,167.3,-0.477
T4351_2,163.0,-0.478
T14104_1,30.1,0.107
T15842_1,56.8,0.055
T4334_2,347.0,0.202
L628_4,204.3,-0.021
T4333_2,160.8,-0.327
T4353_1,14.0,0.321
T4322_2,269.3,-0.007
T4322_1,14.5,0.439
T14092_2,267.1,-0.005
T14097_2,256.0,-0.101
T14097_1,38.3,0.117
T14105_2,263.9,-0.013
L631_1,105.1,-0.027
T14092_1,214.9,-0.081
T16448_2,317.4,0.172
T14107_1,118.9,-0.058
T14105_1,120.9,-0.004
T14122_1,289.9,0.227
T14065_1,357.6,0.025
T14065_2,340.7,0.088
T14093_2,198.6,-0.481
T16450_2,324.4,0.517
T14109_2,217.5,-0.294
T14108_2,129.0,-0.146
T4353_2,251.1,-0.185
T14110_1,315.5,0.225
T14111_1,188.7,-0.148
T14100_1,92.3,-0.025
T15697_1,161.4,-0.485
T15697_2,296.6,0.12
T14113_2,190.1,-0.124
T14114_2,145.9,-0.069
T15842_2,303.2,0.019
T14091_2,267.5,-0.015
T14091_1,347.6,0.246
T4355_2,214.6,-0.6
T14051_1,339.3,0.265
T14110_2,165.0,-0.545
T14124_1,45.7,0.105
T14084_2,197.3,-0.082
T14084_1,203.6,-0.046
T14120_2,319.3,0.406
T14085_2,198.4,-0.098
T4334_1,47.2,0.03
L631_2,283.6,0.103
T4325_2,230.9,-0.366
T4325_1,22.2,0.254
T14122_2,179.7,-0.182
T14118_1,120.6,-0.112
T14094_1,255.9,-0.014
T16450_1,154.1,-0.551
T14098_2,171.4,-0.184
L632_2,89.7,0.0
T4338_2,266.5,-0.001
L629_1,197.8,-0.57
T4324_1,23.4,0.698
T14126_2,285.0,0.084
T14106_2,252.5,-0.069
T14111_2,196.8,-0.34
T14106_1,331.4,0.108
T4356_2,307.4,0.316
T4354_2,359.6,0.435
T4324_2,230.4,-0.464
T14114_1,159.5,-0.437
T14099_2,187.5,-0.13
T4348_2,148.9,-0.133
T4356_1,142.0,-0.375
T14118_2,181.4,-0.156
T14062_1,69.8,0.039
T14120_1,150.0,-0.185
T14108_1,162.5,-0.369
T14115_1,151.8,-0.331
T14115_2,190.9,-0.505
T14062_2,243.3,-0.093
T14699_2,3.0,0.076
T14699_1,109.0,-0.054
T14125_1,326.3,0.303
L633_2,124.4,-0.109
T4380_1,76.1,0.216
T4380_2,240.8,-0.407
T4350_1,178.1,-0.31
T4454_2,333.0,0.406
T4355_1,176.6,-0.41
T14132_1,285.9,0.07
T14121_1,49.5,0.461
L630_2,348.6,0.295
L634_1,240.3,-0.018
T16448_1,163.8,-0.347
T14117_1,132.1,-0.234
T14113_1,228.7,-0.068
T14126_1,251.1,-0.147
T14104_2,175.9,-0.153
T14102_1,147.6,-0.029
T15845_2,225.6,-0.192
T15845_1,149.8,-0.089
T4354_1,201.7,-0.386
T14107_2,164.4,-0.202
L633_1,290.1,0.057
L635_1,98.8,-0.104
T14911_2,14.9,0.059
T14124_2,242.3,-0.095
L635_2,295.7,0.079
T14128_2,80.4,0.001
T14051_2,214.4,-0.434
T14101_2,294.9,0.091
T14101_1,317.2,0.112
T4371_1,139.0,-0.644
T14129_1,83.5,0.004
T4371_2,17.7,0.449
T4370_1,71.9,0.253
T14129_2,225.3,-0.15
T4454_1,170.8,-0.41
T14119_1,337.2,0.261
T14144_2,310.3,0.289
T14121_2,232.0,-0.356
T14150_2,248.1,-0.062
T14150_1,94.7,-0.033
T4395_2,214.8,-0.046
T4395_1,245.5,-0.048
L632_1,161.0,-0.254
T14132_2,234.6,-0.239
T14130_1,42.3,0.099
T4453_2,246.4,-0.215
T4453_1,96.7,-0.065
T4323_1,355.5,0.212
T14131_2,51.9,0.495
L636_2,214.2,-0.073
T15844_1,52.1,0.232
T4359_2,218.2,-0.078
T4359_1,107.9,-0.012
T4364_2,197.3,-0.237
T14139_1,232.4,-0.085
T14090_1,23.1,0.175
T4364_1,135.0,-0.267
T14125_2,220.8,-0.285
T4358_1,93.6,-0.031
T4367_2,311.3,0.188
L639_3,324.4,0.373
T4370_2,181.6,-0.813
T14162_2,210.8,-0.344
T14154_1,118.5,-0.223
T14088_2,151.7,-0.467
T16445_2,312.7,0.219
T16451_1,325.4,0.222
T14154_2,137.6,-0.501
T14090_2,233.7,-0.085
T4323_2,258.0,-0.047
T14153_1,219.2,-0.012
T4363_2,264.2,-0.01
L634_2,199.4,-0.323
T14146_1,91.0,-0.011
T4367_1,124.9,-0.232
T14146_2,312.3,0.163
T4361_2,308.8,0.015
T14151_2,183.3,-0.276
T4363_1,120.8,-0.161
T14162_1,137.4,-0.079
T14088_1,117.6,-0.374
L635_3,147.5,-0.553
T14141_1,97.5,-0.002
T14151_1,99.4,-0.042
T16445_1,158.6,-0.265
L636_1,45.2,0.229
T14142_2,16.5,0.001
T4362_1,104.7,-0.002
T4362_2,230.9,-0.017
T14135_1,38.5,0.092
T4379_1,69.8,0.192
T4379_2,257.3,-0.14
T14152_1,210.6,-0.202
T14134_2,241.1,-0.102
T4320_2,258.3,-0.009
T4320_1,82.0,0.005
T4366_2,161.7,-0.26
T4366_1,84.5,0.011
T4318_1,35.8,0.024
T4319_2,4.0,0.169
T4365_2,144.7,-0.258
T14128_1,174.4,-0.139
T14133_2,256.4,-0.03
T14166_2,243.0,-0.102
T14149_1,23.4,0.063
T14166_1,183.2,-0.421
T14135_2,253.7,-0.094
T14173_2,295.8,0.344
T14173_1,125.2,-0.249
T14127_2,185.0,-0.156
T14127_1,133.5,-0.185
T14174_1,61.5,0.192
T14911_1,59.3,0.052
T4319_1,174.1,-0.702
T4369_2,39.6,0.408
T14157_2,357.4,0.321
T14020_2,321.7,0.083
T14138_2,358.6,0.135
T14020_1,52.6,0.075
T14134_1,168.8,-0.161
T4372_2,249.1,-0.132
T4372_1,123.8,-0.259
L637_2,278.8,0.002
T4368_1,53.6,0.19
T14119_2,279.7,0.036
T4207_1,333.3,0.379
T14145_2,317.7,0.182
T14178_1,300.2,0.188
T16821_2,211.4,-0.113
T16821_1,93.3,-0.046
T16451_2,209.5,-0.34
T14144_1,218.1,-0.116
T14130_2,182.0,-0.586
T14133_1,192.5,-0.089
T14174_2,185.1,-0.713
T14160_2,265.2,-0.01
T14137_2,214.8,-0.085
T14137_1,189.7,-0.143
T14155_2,270.1,0.001
T4452_2,260.8,-0.087
T14153_2,261.4,-0.017
T4378_1,28.2,0.489
T15844_2,196.7,-0.191
T14169_2,201.7,-0.701
T14169_1,100.3,-0.129
T14147_1,70.0,0.065
T14131_1,115.5,-0.227
T4376_1,87.3,0.025
T14155_1,219.6,-0.15
T14171_2,357.0,0.167
T14139_2,206.9,-0.135
T14161_1,225.7,-0.071
T4452_1,124.9,-0.297
T4368_2,126.9,-0.464
T14159_2,189.7,-0.153
T14123_2,305.9,0.062
T14123_1,356.4,0.229
L638_2,265.7,-0.003
T14141_2,190.7,-0.187
T15848_1,124.3,-0.087
T14172_1,146.3,-0.166
T4439_2,224.6,-0.097
T14168_2,211.4,-0.145
T4361_1,197.3,-0.05
T4374_2,271.1,0.012
T14136_2,216.5,-0.403
T14136_1,168.5,-0.631
T4378_2,193.8,-0.733
T15848_2,51.6,0.038
T4439_1,195.2,-0.138
T14142_1,183.1,-0.154
T4393_2,259.0,-0.05
T4373_2,23.7,0.316
T14152_2,217.2,-0.038
T14189_2,255.0,-0.1
T4318_2,178.3,-0.047
T14189_1,70.4,0.102
T4376_2,179.9,-0.651
T14157_1,146.2,-0.313
T4365_1,166.2,-0.053
T4393_1,119.3,-0.115
T14149_2,159.7,-0.073
T4377_2,23.5,0.342
T4369_1,172.4,-0.541
T14138_1,183.2,-0.035
T14148_2,212.2,-0.235
T14148_1,120.8,-0.328
T15837_2,342.5,0.061
T14194_2,305.3,0.273
T14179_1,356.7,0.206
T16444_2,278.1,0.038
L637_1,132.3,-0.4
T14178_2,213.2,-0.195
T4352_1,338.9,0.178
T4207_2,131.5,-0.154
T14193_2,299.8,0.214
T4375_1,76.8,0.072
T14145_1,220.3,-0.266
T4375_2,159.7,-0.553
T14143_1,349.4,0.083
T14177_1,86.0,0.014
L639_4,259.8,-0.061
T14160_1,217.4,-0.15
T14172_2,242.8,-0.062
T14203_2,266.0,-0.015
T14182_2,329.3,0.037
L639_2,290.9,0.062
T14159_1,170.0,-0.269
T14200_2,258.5,-0.097
L640_3,349.2,0.254
T14158_2,197.7,-0.497
T14200_1,140.4,-0.317
T14147_2,162.5,-0.136
T14158_1,181.0,-0.502
T14177_2,154.8,-0.158
T14161_2,198.3,-0.114
T14171_1,193.1,-0.278
T14193_1,127.0,-0.267
T14194_1,158.6,-0.547
L638_1,146.5,-0.307
T14168_1,179.0,-0.115
T14179_2,209.2,-0.434
T14164_2,160.4,-0.254
T14164_1,164.3,-0.323
T14191_1,77.4,0.064
T4374_1,236.1,-0.248
T14163_1,163.1,-0.385
T14182_1,130.2,-0.169
T14170_2,163.2,-0.135
T15837_1,117.7,-0.141
T14183_1,41.5,0.26
T4398_2,226.7,-0.134
L640_2,240.2,-0.013
T14170_1,123.1,-0.106
T4398_1,127.3,-0.04
T14186_2,214.2,-0.105
T14188_2,192.8,-0.668
T4373_1,200.9,-0.274
T14184_2,248.2,-0.156
T4382_1,139.5,-0.057
T14163_2,178.6,-0.554
T14167_1,182.9,-0.229
T14167_2,200.3,-0.244
T16444_1,168.2,-0.288
T4387_1,312.8,0.121
T4382_2,215.1,-0.056
T14192_2,223.4,-0.185
T14184_1,155.7,-0.253
T14183_2,225.8,-0.4
T14192_1,102.0,-0.02
T4387_2,232.9,-0.16
T14212_2,287.6,0.151
T4377_1,191.5,-0.526
T4352_2,225.2,-0.449
T14188_1,141.1,-0.536
T4381_1,137.3,-0.042
T4384_2,217.9,-0.28
T4381_2,230.8,-0.083
T4390_1,183.2,-0.074
T4391_2,184.5,-0.058
T14143_2,208.3,-0.232
T14195_2,230.9,-0.042
T14195_1,106.9,-0.027
T14196_2,171.8,-0.082
L639_1,132.9,-0.144
T14198_2,150.0,-0.118
T4385_2,131.2,-0.133
T4386_2,167.2,-0.172
T14199_1,140.8,-0.053
T14212_1,129.1,-0.361
T14214_1,108.3,-0.187
T4385_1,80.8,0.064
T14214_2,258.7,-0.121
T14207_2,266.1,-0.018
T4384_1,204.6,-0.368
T14203_1,202.6,-0.223
T14207_1,234.2,-0.094
T14181_1,175.4,-0.141
T14181_2,238.5,-0.191
T17534_1,94.8,-0.009
T14210_1,155.9,-0.428
T14210_2,258.2,-0.053
T14211_1,78.9,0.132
T14202_2,211.0,-0.145
T14202_1,26.5,0.21
T14175_2,58.2,0.111
T14175_1,164.3,-0.337
T14204_1,67.3,0.151
T14165_1,109.9,-0.081
T14165_2,298.4,0.072
T4390_2,181.7,-0.49
T4392_2,250.4,-0.124
T14215_2,281.4,0.06
T14912_1,13.6,0.335
L641_2,152.0,-0.158
T16446_1,311.9,0.122
T4392_1,127.6,-0.132
T14176_1,353.5,0.165
T14191_2,164.6,-0.387
T4391_1,180.2,-0.42
T14186_1,191.2,-0.16
T14213_2,266.3,-0.019
T14185_1,141.4,-0.227
T14209_1,262.0,-0.012
L640_1,137.5,-0.117
T14205_1,3.9,0.394
T14185_2,189.0,-0.139
T17534_2,290.1,0.072
T14213_1,139.1,-0.065
T14176_2,276.2,0.034
T14912_2,145.3,-0.327
T16446_2,222.0,-0.137
T4389_2,238.7,-0.129
T4389_1,148.2,-0.154
T14204_2,111.1,-0.165
T14222_2,310.0,0.364
T14156_1,356.0,0.198
T16447_2,321.1,0.387
T15696_2,255.7,-0.054
L642_3,282.3,0.08
T14224_2,292.7,0.279
T14913_2,10.6,0.102
T16437_2,279.3,0.058
T14196_1,175.5,-0.138
T15696_1,106.2,-0.12
T14199_2,173.9,-0.223
T4386_1,170.2,-0.12
L642_2,347.5,0.028
T14198_1,154.3,-0.327
T14187_2,315.2,0.578
T14201_1,325.4,0.584
L643_1,182.5,-0.06
T14201_2,307.1,0.426
T14208_2,317.4,0.491
T14215_1,177.9,-0.121
T4447_1,89.4,0.002
T14222_1,175.4,-0.301
T14220_2,216.7,-0.445
T14220_1,160.8,-0.463
T4447_2,220.5,-0.256
T14156_2,251.1,-0.095
T14211_2,96.7,-0.087
T16441_2,313.1,0.213
T16441_1,204.2,-0.232
T4399_1,111.6,-0.096
T16443_1,345.3,0.2
T14224_1,262.6,-0.078
T4402_2,243.5,-0.167
T4401_2,292.4,0.199
T4401_1,264.1,-0.07
T4394_1,237.8,-0.045
T4394_2,252.5,-0.02
T14231_2,247.0,-0.195
L641_1,164.3,-0.276
T16437_1,138.5,-0.236
T14209_2,212.5,-0.163
T4383_1,339.7,0.244
T16447_1,171.2,-0.2
T14205_2,43.2,0.048
T4422_2,159.0,-0.347
T4422_1,96.5,-0.059
T14221_2,199.6,-0.391
T16443_2,223.5,-0.202
L642_1,169.5,-0.132
T14225_2,259.6,-0.042
T4397_1,127.7,-0.077
T4397_2,162.2,-0.292
T4396_2,166.3,-0.109
T4446_2,284.7,0.119
T4403_1,89.0,0.008
T4446_1,122.6,-0.312
T16442_2,280.8,0.079
T4403_2,256.4,-0.201
T14187_1,71.3,0.028
T14208_1,104.5,-0.046
T14221_1,142.6,-0.336
T14235_1,83.3,0.018
T14218_2,106.4,-0.249
T14217_2,106.1,-0.055
T14234_2,310.2,0.301
T14882_1,111.3,-0.054
T4425_2,228.0,-0.134
T4425_1,92.1,-0.026
T14227_2,38.0,0.011
T14225_1,164.4,-0.327
T14882_2,186.2,-0.133
T14228_1,200.6,-0.192
T4383_2,220.9,-0.524
L645_1,33.0,0.097
T14228_2,206.0,-0.315
L643_2,350.7,0.067
T4404_1,311.0,0.309
L644_2,269.1,-0.005
T4402_1,163.5,-0.268
T17032_1,24.4,0.04
T17032_2,130.0,-0.106
T14218_1,104.5,-0.209
T14197_2,221.8,-0.092
T14230_2,288.0,0.007
T14913_1,65.8,0.018
T14229_1,294.7,0.017
T14219_1,105.8,-0.045
T4404_2,303.8,0.293
L644_1,275.1,0.016
L645_2,260.8,-0.064
T14235_2,187.9,-0.411
T14234_1,177.2,-0.339
T16442_1,171.7,-0.209
T14246_1,98.1,-0.089
T4399_2,164.3,-0.293
T14231_1,142.0,-0.233
T4451_2,230.8,-0.261
T14250_3,204.1,-0.659
T14238_1,98.1,-0.035
T14238_2,178.6,-0.093
T14217_1,122.8,-0.139
T14206_2,111.4,-0.147
T4408_1,87.6,0.023
T4451_1,173.1,-0.393
T14246_2,184.1,-0.27
T4408_2,265.5,-0.045
T14250_1,126.0,-0.465
T14197_1,119.9,-0.152
T14190_1,23.8,0.363
T4428_2,223.6,-0.069
T14219_2,246.8,-0.116
T14241_1,301.4,0.038
T14242_2,230.0,-0.052
T4428_1,173.0,-0.082
T16820_2,194.1,-0.101
T16820_1,91.5,-0.02
T14256_2,282.0,0.094
T14256_1,97.0,-0.013
T4445_2,203.4,-0.343
T4445_1,91.6,-0.01
T14245_1,191.1,-0.179
T15847_1,154.2,-0.139
T14230_1,196.7,-0.204
T16439_2,318.6,0.288
T4396_1,181.9,-0.308
T14251_1,71.6,0.21
T14248_1,35.0,0.446
T14223_1,157.0,-0.271
T14223_2,172.7,-0.309
T14248_2,116.9,-0.273
T16438_2,302.9,0.192
T4433_2,231.4,-0.1
T16440_2,356.9,0.254
T14253_2,245.0,-0.05
T14253_1,136.9,-0.048
T14273_1,200.8,-0.244
T14273_2,220.8,-0.313
T14252_1,86.5,0.051
T14227_1,170.2,-0.047
T14255_1,253.8,-0.148
T14244_2,288.9,0.035
T14276_1,209.7,-0.138
T14264_2,241.1,-0.181
T14279_1,193.2,-0.316
T14252_2,191.5,-0.82
T14258_2,31.0,0.048
T16440_1,227.2,-0.374
T4433_1,171.9,-0.28
T14216_1,85.5,0.016
T14216_2,358.8,0.06
T14240_2,67.7,0.067
T14229_2,183.4,-0.111
T14265_2,241.0,-0.156
T14268_2,308.0,0.101
T14261_1,29.7,0.814
T15847_2,323.5,0.059
L644_3,200.1,-0.339
L645_3,223.2,-0.592
T4407_1,95.2,-0.022
T4407_2,303.5,0.466
T14286_2,190.9,-0.337
T14232_2,206.3,-0.141
T14232_1,175.5,-0.209
T16424_2,350.0,0.428
T14250_2,204.2,-0.374
T14259_1,119.4,-0.205
T14266_2,228.0,-0.13
T14251_2,95.6,-0.059
T14285_1,217.8,-0.408
T14259_2,202.5,-0.233
T14267_1,56.1,0.36
T14261_2,175.0,-0.603
T14280_2,107.3,-0.149
T4413_2,212.0,-0.077
T14180_1,96.3,-0.028
T14263_2,283.3,0.064
T4413_1,124.1,-0.174
T14233_1,358.4,0.242
T14206_1,112.8,-0.242
T14270_2,110.4,-0.127
T14283_1,121.3,-0.179
T14243_1,249.7,-0.062
L646_3,234.6,-0.153
L646_2,281.0,0.017
T14276_2,211.4,-0.408
T14190_2,217.4,-0.257
T16439_1,208.8,-0.283
T14265_1,179.1,-0.305
T14266_1,196.5,-0.176
T4405_1,18.9,0.43
T14279_2,146.0,-0.376
T14241_2,223.1,-0.155
T14242_1,297.5,0.054
T14262_2,232.3,-0.262
T14260_1,161.6,-0.214
T14268_1,161.9,-0.323
T14245_2,237.2,-0.084
T16438_1,224.8,-0.202
T14287_2,230.7,-0.194
T4412_2,245.1,-0.091
T15695_1,107.0,-0.06
T15695_2,144.6,-0.217
T4412_1,153.2,-0.545
T14280_1,146.4,-0.617
T14262_1,207.6,-0.269
T14233_2,293.9,0.064
T16424_1,180.9,-0.507
T14264_1,183.4,-0.293
T14272_1,98.3,-0.036
L647_2,13.4,0.02
T4409_2,215.9,-0.088
T4409_1,161.5,-0.11
L646_1,147.3,-0.037
T14281_1,149.1,-0.224
T14257_2,352.1,0.149
T14257_1,1.3,0.091
T14277_1,128.6,-0.024
T14244_1,233.8,-0.086
T4405_2,220.8,-0.166
T14260_2,180.9,-0.18
T14277_2,262.3,-0.02
T14237_2,262.1,-0.022
T14270_1,142.2,-0.377
T4424_2,261.9,-0.017
T4424_1,87.5,0.031
T14237_1,112.9,-0.052
T14278_2,185.7,-0.013
T14281_2,235.0,-0.202
T14284_2,171.4,-0.205
T14288_2,170.1,-0.371
T14240_1,220.6,-0.023
T14284_1,109.3,-0.071
T14258_1,169.8,-0.2
T4410_2,249.8,-0.152
T4449_2,243.9,-0.17
T14239_2,182.5,-0.202
T14239_1,121.6,-0.223
T14286_1,196.8,-0.468
T14180_2,92.8,-0.02
T14291_2,261.5,-0.051
T14291_1,147.3,-0.416
T14272_2,159.5,-0.278
T14299_1,119.4,-0.289
T14294_1,104.0,-0.108
T4449_1,202.1,-0.344
T14267_2,120.2,-0.212
T14263_1,176.3,-0.238
T14307_1,124.8,-0.343
T14307_2,281.8,0.156
T14285_2,199.5,-0.254
T4410_1,129.1,-0.138
T14287_1,178.6,-0.396
T14283_2,142.8,-0.296
T14288_1,47.6,0.241
T14243_2,198.4,-0.248
T4432_2,245.3,-0.125
T4432_1,152.8,-0.149
T14289_2,302.3,0.301
T14289_1,146.2,-0.223
T14292_1,76.4,0.137
T14306_2,244.7,-0.123
L648_2,101.2,-0.001
T4430_2,313.6,0.143
T14294_2,159.7,-0.595
T14293_2,279.7,0.046
L648_1,125.9,-0.299
T14282_2,130.6,-0.078
T14310_2,216.3,-0.223
T14302_2,183.8,-0.286
T14282_1,106.9,-0.056
T14309_2,254.3,-0.04
T14302_1,165.7,-0.624
T14297_2,107.6,-0.188
T14310_1,210.0,-0.426
T14290_2,216.0,-0.237
T14290_1,243.9,-0.051
T14306_1,116.3,-0.102
T4430_1,162.1,-0.328
T16819_2,261.9,-0.035
T16819_1,91.5,-0.02
L647_1,164.1,-0.446
T14299_2,145.4,-0.401
T14300_2,256.4,-0.052
T14312_1,125.4,-0.201
T14293_1,175.9,-0.345
T14309_1,175.9,-0.186
T14312_2,188.7,-0.755
T14295_1,128.1,-0.105
T4443_2,225.8,-0.234
T4443_1,94.2,-0.031
T14305_2,289.7,0.034
T14311_2,269.3,-0.007
T14311_1,103.0,-0.072
T14271_2,200.3,-0.24
T14271_1,172.4,-0.21
T14278_1,187.8,-0.241
T14275_2,176.9,-0.632
T14308_2,274.6,0.022
T14275_1,185.9,-0.707
T4444_1,67.5,0.209
T4495_2,254.7,-0.139
T14303_2,5.1,0.134
T14292_2,167.3,-0.534
T14321_1,16.7,0.156
L652_2,280.1,0.009
T4444_2,222.3,-0.302
T14296_1,123.8,-0.271
T14296_2,129.2,-0.259
T4427_2,225.5,-0.082
T14313_1,211.9,-0.199
T14303_1,123.6,-0.162
T4427_1,212.8,-0.117
T14340_1,154.1,-0.431
T4495_1,117.8,-0.118
L648_3,131.2,-0.365
T14343_2,142.8,-0.424
L650_1,126.8,-0.336
T14316_2,71.1,0.215
T14321_2,151.9,-0.133
T4442_1,53.7,0.242
T14336_2,207.8,-0.192
T14319_1,199.8,-0.114
T14319_2,234.0,-0.074
L649_2,82.8,0.004
L649_3,252.8,-0.113
T14297_1,120.8,-0.285
T4442_2,235.5,-0.351
T14342_1,129.2,-0.161
L650_3,289.4,0.009
T14301_1,53.1,0.03
T14324_2,264.1,-0.014
L651_2,166.5,-0.029
L652_3,291.4,0.063
L650_4,298.8,0.38
T14308_1,147.3,-0.198
T14701_1,144.2,-0.033
T14701_2,334.0,0.113
T14300_1,230.7,-0.141
L649_1,155.2,-0.399
T15546_2,288.0,0.042
T14335_2,240.7,-0.113
T4450_2,231.8,-0.179
T14317_1,229.2,-0.132
T14344_2,332.7,0.124
T14344_1,201.9,-0.211
T4450_1,171.3,-0.388
T14335_1,187.8,-0.281
T4421_2,234.8,-0.085
T14327_2,204.5,-0.06
T14327_1,157.2,-0.067
T14328_1,340.7,0.646
T14326_2,329.8,0.074
T14325_2,193.9,-0.066
T4421_1,137.4,-0.077
T4469_1,254.1,-0.113
T14340_2,189.3,-0.424
T4431_2,252.1,-0.093
T14322_1,188.0,-0.092
L651_1,129.6,-0.211
T14315_2,167.5,-0.372
T14315_1,142.1,-0.322
T14343_1,119.4,-0.244
L654_3,262.2,-0.008
T14247_2,330.1,0.333
T14247_1,76.7,0.014
T14330_2,250.7,-0.048
T4431_1,143.9,-0.359
T14330_1,160.0,-0.315
T14331_2,338.5,0.069
T4469_2,20.4,0.229
T14334_2,243.6,-0.093
T14295_2,195.2,-0.348
T14305_1,187.4,-0.279
T4423_2,185.9,-0.252
T15546_1,188.9,-0.062
T4429_1,150.5,-0.26
T4423_1,96.5,-0.074
T14332_2,299.4,0.073
T4429_2,269.6,-0.004
T14338_1,189.3,-0.339
T14318_2,225.0,-0.145
T14318_1,214.8,-0.228
T14328_2,188.8,-0.423
T14313_2,179.9,-0.082
T14332_1,166.4,-0.338
T14333_1,191.0,-0.235
T14333_2,220.4,-0.282
T14350_1,108.1,-0.117
T14338_2,204.8,-0.201
T4426_2,185.0,-0.14
T14350_2,251.2,-0.145
T14336_1,208.8,-0.16
T14314_2,57.9,0.279
T4494_2,280.1,0.042
T4426_1,191.9,-0.324
L651_3,138.6,-0.179
T14323_2,223.1,-0.207
T14323_1,217.3,-0.141
T14324_1,198.8,-0.103
T14348_2,116.0,-0.02
T14349_1,326.2,0.316
T14301_2,330.7,0.037
T14320_1,156.9,-0.097
T14337_1,124.8,-0.19
T14347_2,227.5,-0.197
T4388_1,94.6,-0.02
T4388_2,316.6,0.102
T14316_1,130.4,-0.54
T14298_2,142.2,-0.15
T14298_1,108.7,-0.025
T14317_2,207.7,-0.225
T14334_1,125.3,-0.054
T14337_2,180.0,-0.222
T14381_1,144.2,-0.268
T14381_2,216.7,-0.248
T4441_2,278.1,0.047
T14378_1,114.9,-0.248
T14345_2,336.9,0.549
T4209_2,313.3,0.287
T14342_2,140.3,-0.213
T4494_1,142.8,-0.082
L650_2,139.2,-0.562
T14383_2,198.8,-0.36
L652_1,210.7,-0.224
T4441_1,141.2,-0.311
T14353_2,162.9,-0.129
T14349_2,190.5,-0.254
T14322_2,217.8,-0.199
T14369_1,91.6,-0.019
T4414_1,124.1,-0.258
L653_1,85.0,0.061
T14346_2,129.2,-0.143
T14347_1,205.7,-0.244
T14389_1,195.0,-0.473
T16818_2,227.1,-0.22
T16818_1,96.2,-0.081
T14325_1,192.7,-0.135
T14326_1,185.8,-0.064
T14351_1,352.4,0.249
T14351_2,61.4,0.083
T14331_1,189.9,-0.212
T4448_2,221.4,-0.451
T4414_2,287.4,0.037
T14363_1,221.0,-0.114
T14372_1,55.5,0.118
T14365_2,294.4,0.045
T17535_2,304.5,0.047
T14362_2,221.1,-0.268
T14368_2,1.1,0.205
T14346_1,99.3,-0.131
T14366_1,280.8,0.02
T14371_2,228.6,-0.045
L653_2,298.1,0.021
T14368_1,178.5,-0.106
T14375_2,274.4,0.052
T14360_2,181.1,-0.245
T14375_1,139.3,-0.463
L654_4,227.2,-0.067
T14369_2,138.3,-0.587
T4440_2,293.2,0.054
T14314_1,94.8,-0.04
T14386_1,58.3,0.225
T14379_2,295.5,0.069
T14377_1,221.7,-0.128
T14348_1,166.2,-0.163
T4521_1,196.3,-0.298
T14320_2,143.2,-0.063
T4514_1,169.5,-0.421
T4448_1,189.6,-0.401
T14341_1,13.8,0.327
T14364_1,128.5,-0.342
T14365_1,269.2,-0.002
T4434_2,239.5,-0.089
T4515_2,185.5,-0.309
T14341_2,277.7,0.02
T14382_1,291.3,0.052
T14378_2,158.5,-0.597
T4434_1,183.4,-0.115
T14345_1,181.7,-0.418
T4209_1,133.8,-0.238
T14364_2,136.3,-0.454
T14358_1,98.4,-0.008
T14390_1,128.9,-0.275
T14390_2,129.9,-0.242
T14329_1,148.5,-0.125
T14329_2,51.4,0.078
T14359_1,143.1,-0.107
T15846_1,3.0,0.036
T15846_2,325.5,0.053
T14383_1,186.2,-0.772
T14359_2,225.9,-0.081
T14380_2,233.5,-0.212
L654_2,295.8,0.077
T14380_1,170.3,-0.39
T14366_2,155.9,-0.076
T17535_1,77.3,0.022
T14384_2,255.6,-0.074
L655_2,314.6,0.03
T14370_2,218.4,-0.223
T14362_1,199.5,-0.689
T14370_1,192.8,-0.348
T14353_1,192.1,-0.235
L655_3,7.0,0.468
L655_1,18.0,0.528
T4440_1,149.6,-0.245
T14372_2,182.6,-0.327
T14389_2,176.9,-0.522
T14398_1,329.7,0.185
T14236_2,331.5,0.677
T14392_2,315.1,0.48
T14395_2,358.8,0.859
T14881_1,157.1,-0.184
T14360_1,222.0,-0.167
T14379_1,150.4,-0.397
T14384_1,234.0,-0.093
T14363_2,196.9,-0.157
T14386_2,189.1,-0.545
T14392_1,136.6,-0.292
T14236_1,16.1,0.152
T14371_1,186.5,-0.278
L653_3,186.0,-0.646
T14356_2,36.3,0.307
T14356_1,67.3,0.172
T4487_1,344.0,0.127
T14385_2,318.3,0.291
T4514_2,153.7,-0.13
T14373_2,235.9,-0.267
T14373_1,15.6,0.526
T14387_1,3.2,0.257
T14387_2,0.7,0.335
T14407_1,71.7,0.155
T14406_2,98.1,-0.02
T4487_2,199.1,-0.204
T14703_2,352.7,0.43
T14339_1,328.1,0.697
T14140_2,322.4,0.038
T14140_1,93.9,-0.005
T14304_2,308.7,0.132
T14304_1,14.0,0.376
T14408_1,9.4,0.146
T14377_2,213.6,-0.118
T14395_1,34.0,0.373
T14394_1,82.4,0.038
T14402_1,65.9,0.141
T4521_2,182.2,-0.206
T14391_1,133.8,-0.12
T14391_2,238.5,-0.088
T4417_1,90.8,-0.006
T4417_2,262.6,-0.011
T14401_1,334.2,0.867
T14399_2,346.0,0.804
T14401_2,326.6,0.793
T14339_2,350.1,0.514
T14358_2,350.4,0.064
T4515_1,194.1,-0.166
T14394_2,168.3,-0.206
T14881_2,220.5,-0.141
T14382_2,222.5,-0.111
T14411_2,275.7,0.064
T14355_1,5.9,0.214
T14397_2,41.5,0.145
T14355_2,318.7,0.204
L656_2,197.0,-0.007
T14404_1,197.8,-0.107
T14402_2,143.7,-0.15
L654_1,209.7,-0.05
T14404_2,273.0,0.006
T14399_1,91.0,-0.013
T14393_2,165.4,-0.302
T14393_1,150.6,-0.063
T4455_2,235.8,-0.089
T14703_1,149.9,-0.233
T14398_2,297.7,0.271
T4492_1,136.4,-0.122
T4492_2,252.3,-0.108
T4416_1,106.8,-0.144
T4416_2,306.0,0.249
T4457_2,217.3,-0.619
T14403_1,123.1,-0.236
T14403_2,206.8,-0.504
T14410_2,352.4,0.608
T14416_2,108.3,-0.096
L658_1,7.4,0.292
T14411_1,155.9,-0.338
T14385_1,198.2,-0.151
T14400_1,75.5,0.125
T4456_2,295.7,0.094
L657_3,65.3,0.055
T14397_1,87.3,0.008
L656_1,37.3,0.023
T14406_1,182.8,-0.602
T14407_2,143.5,-0.414
T4457_1,175.1,-0.719
T14408_2,143.9,-0.08
T4493_2,293.8,0.105
L657_2,341.5,0.005
T4455_1,151.6,-0.189
T14405_2,35.5,0.227
T14269_1,33.6,0.135
T14269_2,342.9,0.159
T4520_2,265.4,-0.016
T14422_1,298.0,0.032
T4467_2,275.8,0.014
T4520_1,178.5,-0.13
L658_2,176.1,-0.004
T4415_1,98.2,-0.08
T4415_2,358.1,0.251
T4464_1,43.2,0.543
T14704_1,4.2,0.511
T14416_1,180.9,-0.456
T4464_2,96.9,-0.091
T14400_2,148.9,-0.438
T14435_2,229.1,-0.083
T4466_2,241.4,-0.226
T4465_2,311.1,0.205
T4465_1,187.6,-0.635
T14438_2,257.7,-0.081
T14352_1,103.8,-0.081
T14352_2,63.2,0.058
T4456_1,220.8,-0.198
T14413_2,79.1,0.04
T14254_1,93.4,-0.018
T14254_2,176.2,-0.049
T14420_2,24.5,0.275
T14435_1,163.6,-0.339
T4467_1,176.3,-0.227
T14439_2,167.3,-0.23
T14439_1,123.0,-0.139
L660_3,67.2,0.016
T14433_2,172.9,-0.262
T14410_1,261.2,-0.006
T4466_1,137.1,-0.082
T14438_1,187.5,-0.399
T14431_1,88.6,0.018
T14405_1,145.7,-0.144
L657_1,321.6,0.027
T14417_1,156.8,-0.212
T4493_1,170.7,-0.591
T14417_2,203.7,-0.114
T4458_2,5.6,0.465
T14415_1,64.5,0.238
T14434_2,209.0,-0.143
L659_1,97.0,-0.051
T15685_2,189.7,-0.217
T14434_1,174.4,-0.045
L659_3,86.1,0.002
T4458_1,101.7,-0.139
T15849_1,108.4,-0.016
T14444_2,307.3,0.125
L660_2,67.5,0.019
T4468_1,193.9,-0.178
T15698_2,47.3,0.062
T4468_2,264.7,-0.081
T14437_2,247.3,-0.066
T14422_2,195.3,-0.143
T14420_1,129.4,-0.182
T14431_2,108.5,-0.282
L659_2,174.6,-0.82
T14415_2,277.1,0.077
T4419_1,104.5,-0.146
T4419_2,296.9,0.066
T14423_2,26.1,0.538
T14433_1,143.9,-0.333
L658_3,6.2,0.362
T17536_1,14.5,0.023
L659_4,127.7,-0.212
T14704_2,187.6,-0.297
T14388_2,301.1,0.092
T14388_1,72.6,0.041
T4470_2,230.8,-0.172
T14428_2,269.1,-0.003
T14414_2,160.4,-0.112
T14414_1,110.3,-0.106
L660_1,160.3,-0.207
T14413_1,96.4,-0.041
T14430_1,161.5,-0.048
T4460_2,268.4,-0.015
T4460_1,87.5,0.032
T14437_1,216.4,-0.195
T15685_1,138.2,-0.125
T14429_1,189.1,-0.305
T14429_2,195.6,-0.251
T15698_1,86.2,0.016
T14357_1,84.7,0.008
T14357_2,274.5,0.002
T14444_1,164.9,-0.324
T14249_1,97.8,-0.011
T14249_2,3.7,0.006
T14374_1,336.6,0.021
T14374_2,342.4,0.094
T14441_1,14.7,0.323
T14443_2,25.6,0.135
T14421_2,343.0,0.08
T14453_2,293.8,0.137
T14426_2,262.5,-0.009
T14426_1,123.9,-0.221
T4470_1,150.0,-0.226
T14427_1,80.9,0.012
T14427_2,189.6,-0.179
T14450_1,120.4,-0.014
T14459_1,201.8,-0.286
T14453_1,130.3,-0.297
T14459_2,209.4,-0.284
T4480_1,30.3,0.737
T14461_1,116.1,-0.193
T14450_2,249.8,-0.038
T4501_2,237.9,-0.333
T14452_2,332.1,0.115
L661_1,147.9,-0.233
T14452_1,199.9,-0.276
T14461_2,208.0,-0.134
T14448_1,155.8,-0.102
T4501_1,168.3,-0.504
T14447_1,166.5,-0.498
T4480_2,185.8,-0.449
T14447_2,208.2,-0.507
T15849_2,125.7,-0.034
T14451_2,252.0,-0.134
T14448_2,231.5,-0.09
T14454_2,253.1,-0.097
T14463_1,111.9,-0.163
T14440_2,217.8,-0.159
T14440_1,216.7,-0.213
T14423_1,110.8,-0.159
T15458_1,191.8,-0.106
T15458_2,267.1,-0.039
T14466_2,310.7,0.136
T14466_1,171.1,-0.289
T14454_1,108.7,-0.042
T14878_2,208.0,-0.253
T14878_1,94.9,-0.032
T14445_2,244.1,-0.056
T14445_1,153.6,-0.165
T14443_1,165.3,-0.426
T14425_1,102.7,-0.067
T17536_2,109.3,-0.036
T14441_2,165.9,-0.46
T14425_2,36.2,0.169
T14460_1,354.6,0.343
T14421_1,127.0,-0.203
T4474_2,141.0,-0.055
T14361_1,69.6,0.138
T14436_2,20.5,0.525
T4474_1,95.0,-0.005
T14880_2,1.1,0.572
T4519_2,272.9,0.007
T14451_1,153.0,-0.135
T14464_1,326.2,0.101
T14463_2,193.7,-0.209
T4519_1,199.9,-0.032
T14880_1,128.8,-0.282
T14436_1,40.7,0.432
T4418_2,309.7,0.21
L661_2,136.6,-0.019
L662_2,18.7,0.084
T14465_2,211.0,-0.195
T4491_2,273.5,0.017
T14361_2,310.2,0.346
T4418_1,126.6,-0.31
T4500_1,167.4,-0.435
L663_2,27.8,0.022
T4500_2,218.9,-0.622
T4491_1,142.0,-0.332
L664_2,318.1,0.01
T14467_1,58.6,0.444
T14428_1,208.8,-0.22
T14467_2,291.9,0.334
T4482_1,104.0,-0.023
T14430_2,157.4,-0.081
T14465_1,126.7,-0.059
T14470_1,41.9,0.229
T4479_1,25.1,0.156
T14418_1,17.8,0.075
T14418_2,290.7,0.029
T14473_2,217.3,-0.065
T4484_2,11.3,0.571
T4476_2,340.8,0.107
T14419_1,79.3,0.022
T14419_2,318.6,0.071
T4483_2,6.8,0.137
T14354_1,13.2,0.036
T14354_2,194.8,-0.028
T4498_2,253.6,-0.057
T4490_1,340.2,0.423
T14396_2,59.3,0.05
T14396_1,54.9,0.065
T4478_1,338.5,0.192
T14412_1,351.2,0.086
T14412_2,321.4,0.116
T4485_2,21.0,0.077
T14376_1,356.6,0.121
T4488_2,351.9,0.088
T4486_1,23.5,0.018
T14376_2,348.7,0.117
T14455_1,115.7,-0.057
T4484_1,179.1,-0.959
T14455_2,114.2,-0.073
T14367_1,49.9,0.115
T14367_2,56.1,0.059
T4489_2,79.0,0.006
T14477_2,90.8,-0.006
T4498_1,137.3,-0.138
T4473_1,32.1,0.084
T4485_1,178.8,-0.859
T4488_1,178.7,-0.837
T4486_2,181.2,-0.716
T14442_1,110.8,-0.136
T14442_2,192.3,-0.042
T4475_2,313.4,0.052
T4489_1,175.5,-0.727
T4472_2,308.3,0.049
T4477_2,69.6,0.016
T4481_2,44.8,0.128
T14424_2,346.5,0.254
T14458_1,342.8,0.104
T14479_1,139.3,-0.435
T14479_2,177.7,-0.42
T14458_2,309.8,0.237
T14478_1,131.8,-0.158
T4472_1,179.6,-0.872
T14424_1,91.3,-0.003
T14409_2,156.9,-0.195
T14409_1,76.0,0.049
T4473_2,180.6,-0.751
T4478_2,229.2,-0.335
T14473_1,165.4,-0.197
T4475_1,184.9,-0.808
T14478_2,249.7,-0.134
T4497_1,22.9,0.382
T4499_1,84.9,0.038
T4497_2,6.3,0.302
T4481_1,161.6,-0.548
T4499_2,72.0,0.183
T4471_2,70.9,0.057
T14457_1,129.3,-0.195
T14474_2,39.0,0.167
T14446_1,66.4,0.166
T4483_1,169.2,-0.165
T14472_1,41.9,0.152
T4463_2,310.9,0.499
T4479_2,189.1,-0.42
T4463_1,97.2,-0.063
T14469_1,3.7,0.501
T14497_2,265.6,-0.039
T14449_2,178.6,-0.344
T14464_2,240.1,-0.111
T14492_1,125.0,-0.223
T4477_1,169.8,-0.411
T4490_2,155.7,-0.108
T14460_2,175.4,-0.173
T14446_2,324.6,0.197
T4496_2,,0.0
T14468_2,212.4,-0.257
T14468_1,171.9,-0.327
T4502_1,146.4,-0.121
T4502_2,169.0,-0.123
L661_3,119.1,-0.215
T14879_1,34.1,0.16
T14449_1,181.6,-0.606
L662_1,135.4,-0.266
T14457_2,262.6,-0.056
L663_1,230.6,-0.095
T14476_2,298.6,0.043
T4518_2,241.9,-0.044
T14489_1,291.2,0.06
T4518_1,269.1,-0.001
T14476_1,56.7,0.066
T14483_2,275.0,0.048
L664_1,225.9,-0.084
T14504_1,301.6,0.2
T4482_2,161.3,-0.525
T14497_1,204.8,-0.452
T14483_1,56.2,0.268
T14470_2,121.1,-0.236
T14493_2,9.1,0.135
T14493_1,149.0,-0.063
L667_1,,0.0
T14472_2,191.9,-0.443
T4476_1,195.6,-0.336
T4496_1,,0.0
L665_2,88.5,0.002
T14491_1,298.1,0.118
T14474_1,53.9,0.175
T14477_1,130.5,-0.371
T14475_1,72.3,0.147
T14484_1,163.4,-0.246
T14456_1,194.5,-0.695
T14456_2,192.6,-0.709
T14475_2,141.7,-0.301
T16817_2,248.1,-0.057
T16817_1,92.6,-0.021
L666_1,58.3,0.016
T14496_2,347.4,0.221
L665_3,212.5,-0.311
T14484_2,171.8,-0.085
L665_1,146.8,-0.126
T14469_2,177.8,-0.604
T14509_1,94.0,-0.011
T14509_2,186.2,-0.121
T14495_2,327.3,0.131
T14471_2,45.7,0.099
T4459_2,5.3,0.505
L667_2,,0.0
T14506_1,146.2,-0.136
T14506_2,186.5,-0.155
T14489_2,213.7,-0.22
T14487_1,132.7,-0.206
T14700_2,56.1,0.016
T14508_2,266.2,-0.029
T14511_1,53.0,0.102
T4503_1,82.7,0.052
L668_2,37.4,0.006
T4471_1,146.9,-0.429
L668_1,40.8,0.424
T14492_2,146.3,-0.135
T14505_2,184.2,-0.151
T14507_1,304.9,0.477
T14879_2,131.1,-0.165
T14462_1,350.8,0.405
T4510_1,101.6,-0.031
T4510_2,189.4,-0.134
T14505_1,98.2,-0.041
T14504_2,242.3,-0.196
T14521_1,80.3,0.055
T14507_2,327.9,0.451
T4509_2,281.9,0.023
L669_2,159.1,-0.025
T14511_2,75.9,0.046
T14471_1,165.3,-0.365
L669_1,182.1,-0.067
T4517_2,185.8,-0.376
T4517_1,181.7,-0.316
T14515_2,319.5,0.097
T14514_2,237.3,-0.1
T14494_2,87.5,0.012
T14432_2,268.4,-0.001
T14480_1,191.9,-0.021
T4509_1,171.8,-0.141
T14491_2,287.9,0.028
T14480_2,348.1,0.146
L676_3,184.5,-0.097
T14432_1,34.0,0.074
T14499_2,299.3,0.054
T14499_1,78.3,0.124
T14498_2,195.0,-0.39
T14482_2,218.2,-0.501
T14498_1,157.7,-0.471
T4503_2,191.5,-0.301
T14513_2,277.8,0.019
T14501_2,8.0,0.067
T14502_2,230.7,-0.207
L666_2,184.2,-0.718
T4459_1,123.5,-0.184
T4462_1,44.5,0.574
T14496_1,32.8,0.05
T14528_1,73.1,0.041
T4462_2,301.1,0.134
T14485_1,79.8,0.093
T14495_1,202.4,-0.301
T14524_2,300.8,0.194
T14524_1,144.2,-0.082
T14500_2,197.0,-0.532
T14500_1,51.9,0.117
T14514_1,148.3,-0.094
T17055_2,32.2,0.053
T14481_1,162.5,-0.247
L670_1,133.7,-0.039
T14481_2,206.5,-0.607
T14482_1,174.1,-0.441
T14488_2,136.5,-0.05
T14512_1,121.0,-0.121
T14502_1,204.0,-0.253
L671_1,221.2,-0.072
L667_3,,0.0
T4511_1,276.9,0.016
T14512_2,173.0,-0.198
L671_2,192.3,-0.051
T14487_2,194.3,-0.535
T14700_1,57.8,0.011
T14519_1,316.3,0.114
T14490_2,205.3,-0.585
T14490_1,193.0,-0.4
T14538_2,234.7,-0.127
L672_2,251.8,-0.018
T14508_1,191.9,-0.596
L668_3,346.6,0.084
T14488_1,116.6,-0.235
L673_2,314.8,0.014
T14513_1,140.4,-0.148
T14515_1,212.7,-0.053
L674_2,80.3,0.001
T14520_1,347.2,0.518
T14520_2,281.9,0.172
T14519_2,221.2,-0.113
L672_1,43.9,0.463
T14539_2,316.6,0.567
T14462_2,162.4,-0.514
T14516_1,74.8,0.078
T14531_2,33.8,0.377
T14485_2,109.8,-0.143
T14521_2,151.7,-0.259
T17055_1,68.7,0.032
T14533_1,45.6,0.569
T14531_1,64.3,0.19
T15547_2,262.9,-0.024
T14525_1,299.3,0.061
T14529_1,73.6,0.147
T14529_2,342.6,0.415
T4512_2,219.8,-0.12
T14530_1,,0.0
T14536_2,218.7,-0.184
T4512_1,136.4,-0.09
L678_4,175.8,-0.058
T14528_2,160.8,-0.117
T14494_1,166.5,-0.373
T14530_2,,0.0
L675_2,189.2,-0.057
T14548_2,208.2,-0.17
T14548_1,139.5,-0.337
T4516_2,19.2,0.079
T4513_1,350.1,0.152
T4461_2,338.7,0.298
T4461_1,123.9,-0.178
T14516_2,35.3,0.176
T4516_1,150.3,-0.252
T14545_1,23.9,0.306
T14501_1,31.0,0.03
L670_2,276.5,0.02
T14517_2,168.4,-0.23
T14517_1,179.2,-0.08
T14546_1,44.8,0.23
T14534_2,67.1,0.116
T14527_2,224.3,-0.158
L673_1,9.3,0.145
T14510_1,42.9,0.388
T14510_2,258.7,-0.077
T14547_2,25.7,0.319
T14535_1,57.1,0.145
T14533_2,68.4,0.263
T4511_2,191.7,-0.166
L675_1,39.9,0.393
T14527_1,238.9,-0.207
T14877_2,30.7,0.335
T14522_2,206.8,-0.183
T14522_1,208.9,-0.176
T14523_2,194.4,-0.304
T14523_1,167.0,-0.256
T14877_1,144.4,-0.297
T14876_1,88.2,0.006
T14538_1,198.4,-0.14
L676_2,163.9,-0.012
T14545_2,243.5,-0.161
T14539_1,324.3,0.517
T14526_2,202.9,-0.069
T14526_1,205.6,-0.159
T14534_1,105.4,-0.086
L674_1,112.6,-0.021
T14560_1,83.0,0.028
T14541_2,116.6,-0.072
T14542_2,147.9,-0.202
T14549_2,243.3,-0.178
T14550_1,270.6,0.001
T14552_2,248.3,-0.062
T14552_1,97.5,-0.027
T14551_2,229.7,-0.119
T4522_2,350.3,0.309
T15547_1,201.2,-0.137
T14544_2,,0.0
T14486_1,68.1,0.23
T14486_2,317.3,0.289
T16816_2,207.7,-0.127
T14541_1,105.5,-0.046
T16816_1,91.6,-0.022
T14556_2,126.4,-0.222
T14555_1,226.7,-0.081
T14525_2,,0.0
T4522_1,115.2,-0.105
T4523_2,339.5,0.283
T14540_1,26.4,0.248
T14540_2,299.2,0.276
T14546_2,183.6,-0.197
T14536_1,,0.0
T14542_1,129.6,-0.186
T4523_1,134.1,-0.33
L677_2,,0.0
T14537_2,300.6,0.108
T4513_2,180.2,-0.147
L677_3,,0.0
T14549_1,200.3,-0.397
T14547_1,134.8,-0.095
T4507_2,316.2,0.226
T14532_2,221.8,-0.235
T14876_2,186.0,-0.184
T14563_2,3.1,0.24
T14563_1,144.1,-0.282
T14532_1,88.3,0.013
T14562_1,,0.0
T14551_1,,0.0
T14550_2,,0.0
T14567_1,44.7,0.262
T14535_2,178.1,-0.308
L678_2,287.8,0.065
T14557_2,48.4,0.108
T14557_1,125.6,-0.197
L676_1,187.7,-0.104
T14572_2,19.1,0.165
T14560_2,207.3,-0.196
T14543_1,35.7,0.283
T14543_2,302.1,0.1
T14574_1,78.7,0.09
T14558_2,44.0,0.114
T14566_2,330.2,0.094
T14503_2,55.2,0.053
T14503_1,165.6,-0.019
L677_1,,0.0
T4525_1,22.3,0.349
T14574_2,182.1,-0.499
T4506_1,65.7,0.208
T14564_2,41.9,0.402
T14571_2,110.2,-0.129
T14571_1,66.7,0.285
T14518_2,67.0,0.175
T14564_1,42.3,0.559
T14518_1,62.9,0.118
T14875_2,194.9,-0.317
T14875_1,14.0,0.511
T14568_2,19.8,0.246
L679_2,101.4,-0.003
T14544_1,,0.0
T14556_1,,0.0
T4526_2,18.5,0.31
T14555_2,220.4,-0.27
T4527_1,75.8,0.128
T4507_1,87.4,0.018
T14573_2,,0.0
T4528_1,63.1,0.326
L679_1,143.8,-0.021
L678_1,60.2,0.031
T4528_2,212.9,-0.566
T4524_1,119.5,-0.197
T14572_1,165.6,-0.277
T4524_2,335.8,0.511
T4508_2,25.0,0.334
T15526_1,,0.0
T14579_2,227.0,-0.191
T14579_1,95.6,-0.033
T15526_2,,0.0
T14567_2,192.0,-0.288
T14558_1,129.6,-0.153
T14537_1,225.3,-0.26
T15216_1,,0.0
T15548_2,,0.0
T14575_2,,0.0
T4529_2,,0.0
T15215_2,,0.0
T14559_2,,0.0
T14561_1,204.4,-0.11
T14562_2,,0.0
T14561_2,172.3,-0.164
T4506_2,202.6,-0.169
L678_3,211.6,-0.102
T14559_1,,0.0
T15215_1,,0.0
T4530_1,,0.0
T14578_2,106.5,-0.052
T14580_1,70.2,0.118
T4529_1,,0.0
T14566_1,226.7,-0.054
T14580_2,169.8,-0.199
T14565_2,123.8,-0.079
T14565_1,128.5,-0.124
T4525_2,163.0,-0.44
T15548_1,,0.0
L680_2,234.0,-0.007
T14568_1,,0.0
T4526_1,,0.0
T14576_2,212.1,-0.456
T4527_2,146.3,-0.243
T14573_1,,0.0
T14577_1,281.6,0.02
T4504_1,115.9,-0.048
T4504_2,338.3,0.324
T4508_1,132.0,-0.161
T4406_1,26.0,0.25
T14587_2,226.8,-0.153
T14587_1,153.3,-0.274
T15216_2,,0.0
T14553_2,71.0,0.087
T14585_1,,0.0
T4505_1,22.7,0.548
T14578_1,214.6,-0.216
T14585_2,,0.0
T4530_2,,0.0
T14576_1,138.6,-0.253
T14577_2,259.0,-0.058
L682_1,,0.0
T14575_1,,0.0
T14584_1,97.3,-0.022
T15455_2,274.7,0.071
T14570_1,,0.0
T14570_2,,0.0
T14586_1,,0.0
T14569_2,,0.0
L681_1,,0.0
T14582_2,271.6,0.008
T14589_2,105.6,-0.043
T14589_1,100.3,-0.05
T4532_2,111.9,-0.071
T14588_1,,0.0
L682_2,,0.0
T4531_1,,0.0
T14582_1,74.3,0.022
T14849_2,,0.0
T14596_2,244.8,-0.041
L683_2,,0.0
L680_1,212.6,-0.098
T4532_1,266.2,-0.007
T14596_1,141.8,-0.09
T14581_1,68.5,0.04
T14581_2,181.0,-0.064
T4406_2,222.3,-0.197
T14597_1,,0.0
T14590_2,,0.0
T14583_2,,0.0
T14593_1,,0.0
T14553_1,80.0,0.059
T4505_2,,0.0
T14849_1,,0.0
T15455_1,238.6,-0.049
T14583_1,,0.0
T16810_2,,0.0
T14600_1,,0.0
T16810_1,,0.0
T14883_2,,0.0
T14584_2,237.2,-0.255
T14586_2,,0.0
T14593_2,,0.0
T14569_1,,0.0
T14591_2,,0.0
L681_2,231.1,-0.057
T14588_2,,0.0
L682_3,,0.0
T14590_1,,0.0
T14592_1,91.1,-0.002
T14592_2,,0.0
L683_1,,0.0
T14883_1,,0.0
T14599_1,,0.0
T14599_2,344.9,0.24
T14598_2,35.8,0.392
T17537_2,71.8,0.017
T14595_1,,0.0
T14594_2,,0.0
T14594_1,,0.0
T14595_2,,0.0
L684_1,,0.0
T14597_2,,0.0
T14600_2,,0.0
T15217_2,,0.0
T15217_1,,0.0
T14602_2,,0.0
T14601_1,,0.0
T14601_2,,0.0
T14591_1,,0.0
T14598_1,,0.0
T17537_1,89.6,0.0
L684_2,,0.0
T14602_1,,0.0
T14604_1,,0.0
T14604_2,,0.0
T14702_2,286.2,0.072
T14605_1,,0.0
T14603_2,,0.0
T14702_1,89.8,0.001
T14605_2,,0.0
T14603_1,,0.0
T14606_2,,0.0
T14606_1,,0.0
